catalog_order,id,name_en,name_ro,name_th,record_type,primary_category,all_categories,disciplines,hyrox_station_order,hyrox_station_name,equipment,equipment_required,equipment_any_of,muscles,primary_muscles,secondary_muscles,stabilizer_muscles,hologram_muscles,movement_pattern,entity_type,prescription_mode,default_sets,default_reps_or_duration,unit,default_rest_seconds,per_side,loadable,increment_kg,can_fail_safely,needs_spotter,needs_safeties,contraindications,technical_complexity,stability_demand,impact_level,space_requirement,requires_bail_skill,fail_safe_conditions,coached_only,adult_auto_assignable,youth_auto_assignable,role,fatigue_cost,tempo_applies,tempo_class,review_status,evidence_source_ids,owner_csv_exact_match,owner_csv_disposition,owner_csv_source_name,english_aliases,notes,canonical_name,movement_id,day_type,romanian_aliases,thai_aliases,ios_name_en,ios_name_de,ios_name_de-CH,ios_name_it,ios_name_es,ios_name_pt,ios_name_ja,ios_name_ro,ios_name_th,ios_aliases_en,ios_aliases_de,ios_aliases_de-CH,ios_aliases_it,ios_aliases_es,ios_aliases_pt,ios_aliases_ja,ios_aliases_ro,ios_aliases_th
1,barbell_romanian_deadlift,Romanian Deadlift,Îndreptări românești,โรมาเนียนเดดลิฟต์,movement,weights,strength; weights,strength,,,Barbell · Plates,barbell; plates,,hamstrings; glutes; erectors; forearms,hamstrings; glutes,erectors; forearms,,hamstrings; glutes; lowerBack; forearms,hip_hinge,resistance_dynamic,tempo_reps,4,8,reps,120,false,true,2.5,true,false,false,lumbar_flexion,3,2,none,minimal,false,,false,true,true,primary,4,true,hamstring_eccentric,internally_reviewed,,no,,,,,Romanian Deadlift,barbell_romanian_deadlift,legs_a,,,Romanian Deadlift,Rumänisches Kreuzheben,Rumänisches Kreuzheben,Stacco rumeno,Peso muerto rumano,Peso morto romeno,ルーマニアン・デッドリフト,Îndreptări românești,โรมาเนียนเดดลิฟต์,,,,,,,,,
2,dumbbell_romanian_deadlift,Dumbbell Romanian Deadlift,Dumbbell Romanian Deadlift,Dumbbell Romanian Deadlift,movement,weights,strength; weights,strength,,,Dumbbells,dumbbells,,hamstrings; glutes; erectors; forearms,hamstrings; glutes,erectors; forearms,,hamstrings; glutes; lowerBack; forearms,hip_hinge,resistance_dynamic,tempo_reps,4,10,reps,90,false,true,2,true,false,false,lumbar_flexion,2,2,none,minimal,false,,false,true,true,primary,3,true,hamstring_eccentric,internally_reviewed,,no,,,,,Dumbbell Romanian Deadlift,dumbbell_romanian_deadlift,legs_a,,,Dumbbell Romanian Deadlift,Dumbbell Romanian Deadlift,Dumbbell Romanian Deadlift,Dumbbell Romanian Deadlift,Dumbbell Romanian Deadlift,Dumbbell Romanian Deadlift,Dumbbell ルーマニア語 デッドリフト,Dumbbell Romanian Deadlift,Dumbbell Romanian Deadlift,,,,,,,,,
3,single_leg_romanian_deadlift,Single-Leg Romanian Deadlift,Single-Leg Romanian Deadlift,Single-Leg Romanian Deadlift,movement,weights,strength; weights,strength,,,Dumbbells,dumbbells,,hamstrings; glutes; erectors; obliques,hamstrings; glutes,erectors; obliques,,hamstrings; glutes; lowerBack; obliques,hip_hinge,resistance_dynamic,tempo_reps,4,10,reps,90,true,true,2,true,false,false,lumbar_flexion,3,4,none,minimal,false,,false,true,true,primary,3,true,hamstring_eccentric,internally_reviewed,,no,,,,,Single-Leg Romanian Deadlift,single_leg_romanian_deadlift,legs_a,,,Single-Leg Romanian Deadlift,Single-Leg Romanian Deadlift,Single-Leg Romanian Deadlift,Single-Leg Romanian Deadlift,Single-Leg Romanian Deadlift,Single-Leg Romanian Deadlift,シングルレグルーマニアデッドリフト,Single-Leg Romanian Deadlift,Single-Leg Romanian Deadlift,,,,,,,,,
4,conventional_deadlift,Conventional Deadlift,Îndreptări convenționale,เดดลิฟต์แบบปกติ,movement,weights,powerlifting; strength; weights,strength,,,Barbell · Plates,barbell; plates,,hamstrings; glutes; erectors; lats; traps; forearms,hamstrings; glutes; erectors,lats; traps; forearms,,hamstrings; glutes; lowerBack; lats; neckTraps; forearms,hip_hinge,resistance_dynamic,tempo_reps,4,5,reps,150,false,true,2.5,true,false,false,lumbar_flexion,4,3,none,minimal,false,,false,true,false,primary,5,true,standard_compound,internally_reviewed,,no,,,,Highest systemic cost in the library. Never paired with another heavy hinge.,Conventional Deadlift,conventional_deadlift,legs_a,,,Conventional Deadlift,Konventionelles Kreuzheben,Konventionelles Kreuzheben,Stacco da terra classico,Peso muerto convencional,Peso morto convencional,コンベンショナル・デッドリフト,Îndreptări convenționale,เดดลิฟต์แบบปกติ,,,,,,,,,
5,trap_bar_deadlift,Trap Bar Deadlift,Trap Bar Deadlift,Trap Bar Deadlift,movement,weights,strength; weights,strength,,,Trap Bar · Plates,trap_bar; plates,,glutes; quadriceps; hamstrings; erectors; traps,glutes; quadriceps; hamstrings,erectors; traps,,glutes; quads; hamstrings; lowerBack; neckTraps,hip_hinge,resistance_dynamic,tempo_reps,4,7,reps,120,false,true,2.5,true,false,false,lumbar_flexion,2,2,none,minimal,false,,false,true,true,primary,4,true,hamstring_eccentric,internally_reviewed,,no,,,,"Easier to keep a neutral spine than a straight bar, so it is the default heavy hinge for a novice.",Trap Bar Deadlift,trap_bar_deadlift,legs_a,,,Trap Bar Deadlift,Trap Bar Deadlift,Trap Bar Deadlift,Trap Bar Deadlift,Trap Bar Deadlift,Trap Bar Deadlift,トラップバーデッドリフト,Trap Bar Deadlift,Trap Bar Deadlift,,,,,,,,,
6,hip_thrust_barbell,Barbell Hip Thrust,Hip thrust cu bara,ฮิปทรัสต์ด้วยบาร์เบล,movement,weights,strength; weights,strength,,,Barbell · Plates · Bench,barbell; plates; bench,,glutes; hamstrings,glutes,hamstrings,,glutes; hamstrings,hip_hinge,resistance_dynamic,tempo_reps,4,10,reps,90,false,true,2.5,true,false,false,,3,2,none,minimal,false,,false,true,true,primary,3,true,glute_lockout,internally_reviewed,,no,,,Hip Thrust,"Setup is slow, which matters in a short session.",Barbell Hip Thrust,hip_thrust_barbell,legs_a,,,Barbell Hip Thrust,Barbell Hip Thrust,Barbell Hip Thrust,Barbell Hip Thrust,Barbell Hip Thrust,Barbell Hip Thrust,バーベルヒップスラスト,Hip thrust cu bara,ฮิปทรัสต์ด้วยบาร์เบล,Hip Thrust,,,,,,,,
7,hip_thrust_dumbbell,Dumbbell Hip Thrust,Dumbbell Hip Thrust,Dumbbell Hip Thrust,movement,weights,strength; weights,strength,,,Dumbbells · Bench,dumbbells; bench,,glutes; hamstrings,glutes,hamstrings,,glutes; hamstrings,hip_hinge,resistance_dynamic,tempo_reps,4,13,reps,60,false,true,2,true,false,false,,2,2,none,minimal,false,,false,true,true,primary,2,true,glute_lockout,internally_reviewed,,no,,,,,Dumbbell Hip Thrust,hip_thrust_dumbbell,legs_a,,,Dumbbell Hip Thrust,Dumbbell Hip Thrust,Dumbbell Hip Thrust,Dumbbell Hip Thrust,Dumbbell Hip Thrust,Dumbbell Hip Thrust,ダンベルヒップスラスト,Dumbbell Hip Thrust,Dumbbell Hip Thrust,,,,,,,,,
8,machine_hip_thrust,Machine Hip Thrust,Machine Hip Thrust,Machine Hip Thrust,movement,machine,strength; machine,strength,,,Hip Thrust Machine,hip_thrust_machine,,glutes; hamstrings,glutes,hamstrings,,glutes; hamstrings,hip_hinge,resistance_dynamic,tempo_reps,4,10,reps,90,false,true,5,true,false,false,,1,2,none,minimal,false,,false,true,true,primary,3,true,glute_lockout,internally_reviewed,,no,,,,,Machine Hip Thrust,machine_hip_thrust,legs_a,,,Machine Hip Thrust,Machine Hip Thrust,Machine Hip Thrust,Machine Hip Thrust,Machine Hip Thrust,Machine Hip Thrust,マシンヒップスラスト,Machine Hip Thrust,Machine Hip Thrust,,,,,,,,,
9,b_stance_hip_thrust,B-Stance Hip Thrust,B-Stance Hip Thrust,B-Stance Hip Thrust,movement,weights,strength; weights,strength,,,Dumbbells · Bench,dumbbells; bench,,glutes; hamstrings,glutes,hamstrings,,glutes; hamstrings,hip_hinge,resistance_dynamic,tempo_reps,4,10,reps,60,true,true,2,true,false,false,,3,3,none,minimal,false,,false,true,true,primary,2,true,glute_lockout,internally_reviewed,,no,,,B-Stance or Single-Leg Hip Thrust,,B-Stance Hip Thrust,b_stance_hip_thrust,legs_a,,,B-Stance Hip Thrust,B-Stance Hip Thrust,B-Stance Hip Thrust,B-Stance Hip Thrust,B-Stance Hip Thrust,B-Stance Hip Thrust,Bスタンスヒップスラスト,B-Stance Hip Thrust,B-Stance Hip Thrust,B-Stance or Single-Leg Hip Thrust,,,,,,,,
10,glute_bridge,Glute Bridge,Glute Bridge,Glute Bridge,movement,calisthenics,strength; calisthenics,strength; calisthenics,,,Bodyweight,,,glutes; hamstrings,glutes,hamstrings,,glutes; hamstrings,hip_hinge,resistance_dynamic,tempo_reps,3,16,reps,60,false,false,0,true,false,false,,1,2,none,minimal,false,,false,true,true,accessory,1,true,glute_lockout,internally_reviewed,,no,,,,,Glute Bridge,glute_bridge,legs_a,,,Glute Bridge,Hüftbrücke,Hüftbrücke,Ponte glutei,Puente de glúteos,Ponte de glúteos,グルートブリッジ,Glute Bridge,Glute Bridge,,,,,,,,,
11,frog_pump,Frog Pump,Frog Pump,Frog Pump,movement,calisthenics,strength; calisthenics,strength; calisthenics,,,Bodyweight,,,glutes,glutes,,,glutes,hip_hinge,resistance_dynamic,tempo_reps,3,28,reps,60,false,false,0,true,false,false,,1,2,none,minimal,false,,false,true,true,accessory,1,true,glute_lockout,internally_reviewed,,yes,already_canonical,Frog Pump,,,Frog Pump,frog_pump,legs_a,,,Frog Pump,Frog Pump,Frog Pump,Frog Pump,Frog Pump,Frog Pump,カエルポンプ,Frog Pump,Frog Pump,,,,,,,,,
12,back_extension,Back Extension,Back Extension,Back Extension,movement,strength,strength,strength,,,Back Extension Bench,back_extension_bench,,erectors; glutes; hamstrings,erectors; glutes,hamstrings,,lowerBack; glutes; hamstrings,hip_hinge,resistance_dynamic,tempo_reps,4,13,reps,60,false,true,2.5,true,false,false,,2,2,none,minimal,false,,false,true,true,primary,2,true,spinal_erector,internally_reviewed,,no,,,,,Back Extension,back_extension,legs_a,,,Back Extension,Back Extension,Back Extension,Back Extension,Back Extension,Back Extension,バックエクステンション,Back Extension,Back Extension,,,,,,,,,
13,kettlebell_swing,Kettlebell Swing,Balans cu kettlebell,เคตเทิลเบลสวิง,movement,weights,strength; hiit; weights,strength; hiit; conditioning,,,Kettlebell,kettlebell,,glutes; hamstrings; erectors; forearms,glutes; hamstrings,erectors; forearms,,glutes; hamstrings; lowerBack; forearms; abs,hip_hinge,resistance_dynamic,quality_reps,4,16,reps,90,false,true,4,true,false,false,lumbar_flexion,3,2,none,minimal,false,,false,true,true,primary,3,false,hamstring_eccentric,internally_reviewed,,no,,,,,Kettlebell Swing,kettlebell_swing,t25,,,Kettlebell Swing,Kettlebell Swing,Kettlebell Swing,Kettlebell Swing,Kettlebell Swing,Kettlebell Swing,Kettlebellスイング,Balans cu kettlebell,เคตเทิลเบลสวิง,,,,,,,,,
14,good_morning,Good Morning,Good Morning,Good Morning,movement,weights,strength; weights,strength,,,Barbell · Plates · Rack,barbell; plates; rack,,hamstrings; erectors; glutes,hamstrings; erectors,glutes,,hamstrings; lowerBack; glutes,hip_hinge,resistance_dynamic,tempo_reps,4,10,reps,120,false,true,2.5,false,false,true,lumbar_flexion,4,2,none,minimal,false,rack_safeties_set,false,true,false,primary,4,true,standard_compound,internally_reviewed,,no,,,,,Good Morning,good_morning,legs_a,,,Good Morning,Good Morning,Good Morning,Good Morning,Good Morning,Good Morning,グッドモーニング,Good Morning,Good Morning,,,,,,,,,
15,backpack_rdl,Backpack Romanian Deadlift,Backpack Romanian Deadlift,Backpack Romanian Deadlift,movement,weights,strength; weights,strength,,,Backpack,backpack,,hamstrings; glutes; erectors,hamstrings; glutes,erectors,,hamstrings; glutes; lowerBack,hip_hinge,resistance_dynamic,tempo_reps,4,10,reps,90,false,true,2.5,true,false,false,lumbar_flexion,2,2,none,minimal,false,,false,true,true,primary,3,true,hamstring_eccentric,internally_reviewed,,no,,,Backpack RDL,Home substitute. Load is capped by what the bag holds.,Backpack Romanian Deadlift,backpack_rdl,legs_a,,,Backpack Romanian Deadlift,Backpack Romanian Deadlift,Backpack Romanian Deadlift,Backpack Romanian Deadlift,Backpack Romanian Deadlift,Backpack Romanian Deadlift,バックパック ルーマニア語デッドリフト,Backpack Romanian Deadlift,Backpack Romanian Deadlift,Backpack RDL,,,,,,,,
16,barbell_back_squat,Barbell Back Squat,Genuflexiuni cu bara la spate,แบ็กสควอตด้วยบาร์เบล,movement,weights,powerlifting; strength; weights,strength,,,Barbell · Plates · Rack,barbell; plates; rack,,quadriceps; glutes; erectors; adductors,quadriceps; glutes,erectors; adductors,,quads; glutes; lowerBack; adductors; hamstrings; abs,squat,resistance_dynamic,tempo_reps,4,8,reps,150,false,true,2.5,false,false,true,ankle_dorsiflexion; hip_deep_flexion; knee_deep_flexion; lumbar_flexion,4,3,none,minimal,true,rack_safeties_set,false,true,false,primary,5,true,standard_compound,internally_reviewed,,no,,,,Needs safeties to be failed. Without a rack the generator must not prescribe it.,Barbell Back Squat,barbell_back_squat,legs_b,,,Barbell Back Squat,Kniebeuge mit Langhantel,Kniebeuge mit Langhantel,Squat con bilanciere,Sentadilla trasera con barra,Agachamento com barra às costas,バーベル・バックスクワット,Genuflexiuni cu bara la spate,แบ็กสควอตด้วยบาร์เบล,,,,,,,,,
17,barbell_front_squat,Barbell Front Squat,Genuflexiuni cu bara în față,ฟรอนต์สควอตด้วยบาร์เบล,movement,weights,strength; weights,strength,,,Barbell · Plates · Rack,barbell; plates; rack,,quadriceps; glutes; upper_back,quadriceps,glutes; upper_back,,quads; glutes; upperBack; abs,squat,resistance_dynamic,tempo_reps,4,7,reps,120,false,true,2.5,false,false,true,ankle_dorsiflexion; hip_deep_flexion; knee_deep_flexion; wrist,5,3,none,minimal,true,rack_safeties_set,true,false,false,primary,4,true,standard_compound,internally_reviewed,,no,,,,,Barbell Front Squat,barbell_front_squat,legs_b,,,Barbell Front Squat,Barbell Front Squat,Barbell Front Squat,Barbell Front Squat,Barbell Front Squat,Barbell Front Squat,バーベルフロントスクワット,Genuflexiuni cu bara în față,ฟรอนต์สควอตด้วยบาร์เบล,,,,,,,,,
18,goblet_squat,Goblet Squat,Genuflexiuni goblet,กอบเล็ตสควอต,movement,weights,strength; weights,strength,,,Dumbbells,dumbbells,,quadriceps; glutes; upper_back; core,quadriceps; glutes,upper_back; core,,quads; glutes; upperBack; abs; obliques,squat,resistance_dynamic,tempo_reps,4,12,reps,90,false,true,2,true,false,false,ankle_dorsiflexion; hip_deep_flexion; knee_deep_flexion,2,2,none,minimal,false,,false,true,true,primary,3,true,standard_compound,internally_reviewed,,no,,,Weighted Squat,The safest loaded squat: you simply put it down.,Goblet Squat,goblet_squat,legs_b,,,Goblet Squat,Goblet Squat,Goblet Squat,Goblet Squat,Goblet Squat,Goblet Squat,ゴブレットスクエア,Genuflexiuni goblet,กอบเล็ตสควอต,Weighted Squat,,,,,,,,
19,heel_elevated_goblet_squat,Heel-Elevated Goblet Squat,Heel-Elevated Goblet Squat,Heel-Elevated Goblet Squat,movement,weights,strength; weights,strength,,,Dumbbells · Plates or Slant Board,dumbbells,plates | slant_board,quadriceps; glutes,quadriceps,glutes,,quads; glutes,squat,resistance_dynamic,tempo_reps,4,12,reps,90,false,true,2,true,false,false,hip_deep_flexion,2,2,none,minimal,false,,false,true,true,primary,3,true,standard_compound,internally_reviewed,,no,,,Heel-Elevated Goblet Squat (backpack),Elevating the heels lets a stiff ankle reach depth without the knee wandering.,Heel-Elevated Goblet Squat,heel_elevated_goblet_squat,legs_b,,,Heel-Elevated Goblet Squat,Heel-Elevated Goblet Squat,Heel-Elevated Goblet Squat,Heel-Elevated Goblet Squat,Heel-Elevated Goblet Squat,Heel-Elevated Goblet Squat,Heel-Elevatedゴブレットスクエア,Heel-Elevated Goblet Squat,Heel-Elevated Goblet Squat,Heel-Elevated Goblet Squat (backpack),,,,,,,,
20,hack_squat,Hack Squat,Genuflexiuni la hack squat,แฮ็กสควอต,movement,machine,strength; machine,strength,,,Hack Squat Machine,hack_squat_machine,,quadriceps; glutes,quadriceps,glutes,,quads; glutes,squat,resistance_dynamic,tempo_reps,4,10,reps,120,false,true,5,true,false,false,hip_deep_flexion; knee_deep_flexion,1,1,none,minimal,false,,false,true,true,primary,4,true,standard_compound,internally_reviewed,,no,,,,,Hack Squat,hack_squat,legs_b,,,Hack Squat,Hack Squat,Hack Squat,Hack Squat,Hack Squat,Hack Squat,ハックスクワット,Genuflexiuni la hack squat,แฮ็กสควอต,,,,,,,,,
21,leg_press,Leg Press,Presă pentru picioare,เลกเพรส,movement,machine,strength; machine,strength,,,Leg Press Machine,leg_press_machine,,quadriceps; glutes; hamstrings,quadriceps; glutes,hamstrings,,quads; glutes; hamstrings,squat,resistance_dynamic,tempo_reps,4,13,reps,90,false,true,5,true,false,false,hip_deep_flexion; knee_deep_flexion,1,1,none,minimal,false,,false,true,true,primary,3,true,standard_compound,internally_reviewed,,no,,,,Lowest skill loaded squat pattern. Good first exposure for a novice in a gym.,Leg Press,leg_press,legs_b,,,Leg Press,Leg Press,Leg Press,Leg Press,Leg Press,Leg Press,脚プレス,Presă pentru picioare,เลกเพรส,,,,,,,,,
22,bodyweight_squat,Bodyweight Squat,Bodyweight Squat,Bodyweight Squat,movement,calisthenics,strength; calisthenics,calisthenics; strength,,,Bodyweight,,,quadriceps; glutes,quadriceps; glutes,,,quads; glutes,squat,resistance_dynamic,tempo_reps,4,19,reps,60,false,false,0,true,false,false,ankle_dorsiflexion; hip_deep_flexion,1,2,none,minimal,false,,false,true,true,primary,2,true,standard_compound,internally_reviewed,,no,,,,,Bodyweight Squat,bodyweight_squat,legs_b,,,Bodyweight Squat,Bodyweight Squat,Bodyweight Squat,Bodyweight Squat,Bodyweight Squat,Bodyweight Squat,体重スクワット,Bodyweight Squat,Bodyweight Squat,,,,,,,,,
23,sit_to_stand,Sit-to-Stand,Sit-to-Stand,Sit-to-Stand,movement,strength,strength,strength,,,Chair,chair,,quadriceps; glutes,quadriceps; glutes,,,quads; glutes,squat,resistance_dynamic,tempo_reps,4,9,reps,60,false,false,0,true,false,false,hip_deep_flexion,1,2,none,minimal,false,,false,true,true,primary,1,true,standard_compound,internally_reviewed,,no,,,Supported Sit-to-Stand,The capability version: getting out of a chair without hands.,Sit-to-Stand,sit_to_stand,legs_b,,,Sit-to-Stand,Sit-to-Stand,Sit-to-Stand,Sit-to-Stand,Sit-to-Stand,Sit-to-Stand,シット・ツー・スタンド,Sit-to-Stand,Sit-to-Stand,Supported Sit-to-Stand,,,,,,,,
24,pistol_squat,Pistol Squat,Genuflexiuni pistol,พิสตอลสควอต,movement,calisthenics,calisthenics,calisthenics,,,Bodyweight,,,quadriceps; glutes; core,quadriceps; glutes,core,,quads; glutes; abs; obliques; hamstrings,squat,resistance_dynamic,tempo_reps,4,6,reps,120,true,false,0,true,false,false,ankle_dorsiflexion; hip_deep_flexion; knee_deep_flexion,5,5,none,minimal,false,,true,false,false,primary,4,true,standard_compound,internally_reviewed,,no,,,,,Pistol Squat,pistol_squat,legs_b,,,Pistol Squat,Pistol Squat,Pistol Squat,Pistol Squat,Pistol Squat,Pistol Squat,ピストルスクワット,Genuflexiuni pistol,พิสตอลสควอต,,,,,,,,,
25,smith_machine_squat,Smith Machine Squat,Smith Machine Squat,Smith Machine Squat,movement,machine,strength; machine,strength,,,Smith Machine,smith_machine,,quadriceps; glutes,quadriceps; glutes,,,quads; glutes,squat,resistance_dynamic,tempo_reps,4,10,reps,120,false,true,2.5,true,false,false,knee_deep_flexion,2,1,none,minimal,false,,false,true,true,primary,4,true,standard_compound,internally_reviewed,,no,,,,,Smith Machine Squat,smith_machine_squat,legs_b,,,Smith Machine Squat,Smith Machine Squat,Smith Machine Squat,Smith Machine Squat,Smith Machine Squat,Smith Machine Squat,スミスマシンスクワット,Smith Machine Squat,Smith Machine Squat,,,,,,,,,
26,bulgarian_split_squat,Bulgarian Split Squat,Genuflexiuni bulgărești,บัลแกเรียนสปลิตสควอต,movement,weights,strength; weights,strength,,,Dumbbells · Bench,dumbbells; bench,,quadriceps; glutes; adductors,quadriceps; glutes,adductors,,quads; glutes; adductors; hamstrings,lunge,resistance_dynamic,tempo_reps,4,10,reps,120,true,true,2,true,false,false,knee_deep_flexion,3,4,none,minimal,false,,false,true,true,primary,4,true,standard_compound,internally_reviewed,,no,,,Bulgarian Split Squat (backpack),Brutal for its load. Rarely belongs in a thirty-minute session next to a squat.,Bulgarian Split Squat,bulgarian_split_squat,legs_b,fandari bulgaresti,,Bulgarian Split Squat,Bulgarian Split Squat,Bulgarian Split Squat,Bulgarian Split Squat,Bulgarian Split Squat,Bulgarian Split Squat,ブルガリアの分割スクワット,Genuflexiuni bulgărești,บัลแกเรียนสปลิตสควอต,Bulgarian Split Squat (backpack),,,,,,,fandari bulgaresti,
27,split_squat,Split Squat,Split Squat,Split Squat,movement,weights,strength; weights,strength,,,Dumbbells,dumbbells,,quadriceps; glutes,quadriceps; glutes,,,quads; glutes,lunge,resistance_dynamic,tempo_reps,4,10,reps,90,true,true,2,true,false,false,knee_deep_flexion,2,3,none,minimal,false,,false,true,true,primary,3,true,standard_compound,internally_reviewed,,no,,,,,Split Squat,split_squat,legs_b,,,Split Squat,Split Squat,Split Squat,Split Squat,Split Squat,Split Squat,スプリットスクワット,Split Squat,Split Squat,,,,,,,,,
28,reverse_lunge,Reverse Lunge,Fandări inverse cu gantere,ลันจ์ถอยหลังด้วยดัมเบล,movement,weights,strength; weights,strength,,,Dumbbells,dumbbells,,quadriceps; glutes,quadriceps; glutes,,,quads; glutes; hamstrings,lunge,resistance_dynamic,tempo_reps,4,10,reps,90,true,true,2,true,false,false,knee_deep_flexion,2,3,none,minimal,false,,false,true,true,primary,3,true,standard_compound,internally_reviewed,,no,,,Reverse Lunge; Supported Reverse Lunge,"Kinder to the knee than a forward lunge, so it is the default lunge for anyone reporting knee niggles.",Reverse Lunge,reverse_lunge,legs_b,fandari; fandari inverse,,Reverse Lunge,Reverse Lunge,Reverse Lunge,Reverse Lunge,Reverse Lunge,Reverse Lunge,逆Lunge,Fandări inverse cu gantere,ลันจ์ถอยหลังด้วยดัมเบล,Reverse Lunge; Supported Reverse Lunge,,,,,,,fandari; fandari inverse,
29,walking_lunge,Walking Lunge,Fandări din mers cu gantere,เดินลันจ์ด้วยดัมเบล,movement,weights,strength; weights,strength,,,Dumbbells · Floor Space,dumbbells; floor_space,,quadriceps; glutes,quadriceps; glutes,,,quads; glutes; hamstrings,lunge,resistance_dynamic,tempo_reps,4,10,reps,120,true,true,2,true,false,false,knee_deep_flexion,3,4,none,minimal,false,,false,true,true,primary,4,true,standard_compound,internally_reviewed,,no,,,Walking Front Lunge; Walking Lunges (backpack),,Walking Lunge,walking_lunge,legs_b,fandari; fandari mers,,Walking Lunge,Walking Lunge,Walking Lunge,Walking Lunge,Walking Lunge,Walking Lunge,ウォーキング・ランゲ,Fandări din mers cu gantere,เดินลันจ์ด้วยดัมเบล,Walking Front Lunge; Walking Lunges (backpack),,,,,,,fandari; fandari mers,
30,forward_lunge,Forward Lunge,Forward Lunge,Forward Lunge,movement,weights,strength; weights,strength,,,Dumbbells,dumbbells,,quadriceps; glutes,quadriceps; glutes,,,quads; glutes,lunge,resistance_dynamic,tempo_reps,4,10,reps,90,true,true,2,true,false,false,knee_deep_flexion,3,4,none,minimal,false,,false,true,true,primary,3,true,standard_compound,internally_reviewed,,no,,,Front Lunge,,Forward Lunge,forward_lunge,legs_b,,,Forward Lunge,Forward Lunge,Forward Lunge,Forward Lunge,Forward Lunge,Forward Lunge,フォワード・ルンネ,Forward Lunge,Forward Lunge,Front Lunge,,,,,,,,
31,step_up,Step-Up,Step-Up,Step-Up,movement,weights,strength; weights,strength,,,Dumbbells · Bench or Plyo Box or Step,dumbbells,bench | plyo_box | step,quadriceps; glutes,quadriceps; glutes,,,quads; glutes,lunge,resistance_dynamic,tempo_reps,4,10,reps,90,true,true,2,true,false,false,,2,3,none,minimal,false,,false,true,true,primary,3,true,standard_compound,internally_reviewed,,no,,,,Box height is the hidden variable: higher means more glute.,Step-Up,step_up,legs_b,,,Step-Up,Step-Up,Step-Up,Step-Up,Step-Up,Step-Up,ステップアップ,Step-Up,Step-Up,,,,,,,,,
32,smith_split_squat,Smith Machine Split Squat,Smith Machine Split Squat,Smith Machine Split Squat,movement,machine,strength; machine,strength,,,Smith Machine,smith_machine,,quadriceps; glutes,quadriceps; glutes,,,quads; glutes,lunge,resistance_dynamic,tempo_reps,4,10,reps,90,true,true,2.5,true,false,false,,2,2,none,minimal,false,,false,true,true,primary,3,true,standard_compound,internally_reviewed,,yes,already_canonical,Smith Machine Split Squat,,"Removes the balance limit, so the legs fail before the stance does.",Smith Machine Split Squat,smith_split_squat,legs_b,,,Smith Machine Split Squat,Smith Machine Split Squat,Smith Machine Split Squat,Smith Machine Split Squat,Smith Machine Split Squat,Smith Machine Split Squat,スミスマシンスプリットスクワット,Smith Machine Split Squat,Smith Machine Split Squat,,,,,,,,,
33,barbell_bench_press,Barbell Bench Press,Împins la piept cu bara,เบนช์เพรสด้วยบาร์เบล,movement,weights,powerlifting; strength; weights,strength,,,Barbell · Plates · Bench · Rack,barbell; plates; bench; rack,,chest; triceps; front_delts,chest,triceps; front_delts,,chest; triceps; frontDelts,horizontal_push,resistance_dynamic,tempo_reps,4,8,reps,120,false,true,2.5,false,true,true,shoulder_press,3,2,none,minimal,true,rack_safeties_set,false,true,true,primary,4,true,standard_compound,internally_reviewed,,no,,,,Cannot be failed alone without safeties. The generator checks this before prescribing near failure.,Barbell Bench Press,barbell_bench_press,push,,,Barbell Bench Press,Bankdrücken mit Langhantel,Bankdrücken mit Langhantel,Panca piana con bilanciere,Press de banca con barra,Press de peito com barra no banco,バーベル・ベンチプレス,Împins la piept cu bara,เบนช์เพรสด้วยบาร์เบล,,,,,,,,,
34,dumbbell_bench_press,Flat Dumbbell Press,Flat Dumbbell Press,Flat Dumbbell Press,movement,weights,strength; weights,strength,,,Dumbbells · Bench,dumbbells; bench,,chest; triceps; front_delts,chest,triceps; front_delts,,chest; triceps; frontDelts,horizontal_push,resistance_dynamic,tempo_reps,4,10,reps,90,false,true,2,true,false,false,shoulder_press,2,2,none,minimal,false,,false,true,true,primary,3,true,standard_compound,internally_reviewed,,no,,,,,Flat Dumbbell Press,dumbbell_bench_press,push,,,Flat Dumbbell Press,Flat Dumbbell Press,Flat Dumbbell Press,Flat Dumbbell Press,Flat Dumbbell Press,Flat Dumbbell Press,フラットダンベルプレス,Flat Dumbbell Press,Flat Dumbbell Press,,,,,,,,,
35,incline_dumbbell_press,Incline Dumbbell Press,Împins înclinat cu gantere,อินไคลน์ดัมเบลเพรส,movement,weights,strength; weights,strength,,,Dumbbells · Adjustable Bench,dumbbells; adjustable_bench,,chest; front_delts; triceps,chest; front_delts,triceps,,chest; frontDelts; triceps,horizontal_push,resistance_dynamic,tempo_reps,4,10,reps,90,false,true,2,true,false,false,shoulder_press,2,2,none,minimal,false,,false,true,true,primary,3,true,standard_compound,internally_reviewed,,no,,,,,Incline Dumbbell Press,incline_dumbbell_press,push,,,Incline Dumbbell Press,Incline Dumbbell Press,Incline Dumbbell Press,Incline Dumbbell Press,Incline Dumbbell Press,Incline Dumbbell Press,インラインダンベルプレス,Împins înclinat cu gantere,อินไคลน์ดัมเบลเพรส,,,,,,,,,
36,dumbbell_floor_press,Dumbbell Floor Press,Dumbbell Floor Press,Dumbbell Floor Press,movement,weights,strength; weights,strength,,,Dumbbells,dumbbells,,chest; triceps; front_delts,chest; triceps,front_delts,,chest; triceps; frontDelts,horizontal_push,resistance_dynamic,tempo_reps,4,12,reps,60,false,true,2,true,false,false,,1,2,none,minimal,false,,false,true,true,primary,2,true,standard_compound,internally_reviewed,,no,,,,"The floor limits the range, which is why it suits a cranky shoulder and a home gym with no bench.",Dumbbell Floor Press,dumbbell_floor_press,push,,,Dumbbell Floor Press,Dumbbell Floor Press,Dumbbell Floor Press,Dumbbell Floor Press,Dumbbell Floor Press,Dumbbell Floor Press,ダンベルフロアプレス,Dumbbell Floor Press,Dumbbell Floor Press,,,,,,,,,
37,machine_chest_press,Machine Chest Press,Împins la piept la aparat,เครื่องดันอก,movement,machine,strength; machine,strength,,,Chest Press Machine,chest_press_machine,,chest; triceps; front_delts,chest,triceps; front_delts,,chest; triceps; frontDelts,horizontal_push,resistance_dynamic,tempo_reps,4,13,reps,90,false,true,2.5,true,false,false,,1,1,none,minimal,false,,false,true,true,primary,3,true,standard_compound,internally_reviewed,,no,,,,,Machine Chest Press,machine_chest_press,push,,,Machine Chest Press,Machine Chest Press,Machine Chest Press,Machine Chest Press,Machine Chest Press,Machine Chest Press,機械箱プレス,Împins la piept la aparat,เครื่องดันอก,,,,,,,,,
38,incline_smith_press,Incline Smith Machine Press,Incline Smith Machine Press,Incline Smith Machine Press,movement,machine,strength; machine,strength,,,Smith Machine · Adjustable Bench,smith_machine; adjustable_bench,,chest; front_delts; triceps,chest; front_delts,triceps,,chest; frontDelts; triceps,horizontal_push,resistance_dynamic,tempo_reps,4,10,reps,90,false,true,2.5,true,false,false,shoulder_press,2,1,none,minimal,false,,false,true,true,primary,3,true,standard_compound,internally_reviewed,,no,,,,,Incline Smith Machine Press,incline_smith_press,push,,,Incline Smith Machine Press,Incline Smith Machine Press,Incline Smith Machine Press,Incline Smith Machine Press,Incline Smith Machine Press,Incline Smith Machine Press,傾斜スミスマシンプレス,Incline Smith Machine Press,Incline Smith Machine Press,,,,,,,,,
39,push_up,Push-Up,Flotări,วิดพื้น,movement,calisthenics,strength; calisthenics; hiit,calisthenics; strength; hiit,,,Bodyweight,,,chest; triceps; front_delts; core,chest; triceps,front_delts; core,,chest; triceps; frontDelts; abs; obliques,horizontal_push,resistance_dynamic,tempo_reps,4,15,reps,60,false,false,0,true,false,false,,1,2,none,minimal,false,,false,true,true,primary,2,true,standard_compound,internally_reviewed,,no,,,Push-Ups; Strict Push-Up; Tempo Push-Up,,Push-Up,push_up,t25,,,Push-Up,Liegestütz,Liegestütz,Piegamento sulle braccia,Flexión de brazos,Flexão de braços,プッシュアップ,Flotări,วิดพื้น,Push-Ups; Strict Push-Up; Tempo Push-Up,,,,,,,,
40,incline_push_up,Incline Push-Up,Incline Push-Up,Incline Push-Up,movement,calisthenics,strength; calisthenics,calisthenics; strength,,,Bench or Plyo Box or Step,,bench | plyo_box | step,chest; triceps; front_delts,chest; triceps,front_delts,,chest; triceps; frontDelts,horizontal_push,resistance_dynamic,tempo_reps,4,15,reps,60,false,false,0,true,false,false,,1,2,none,minimal,false,,false,true,true,primary,1,true,standard_compound,internally_reviewed,,no,,,,The regression that keeps the movement rather than replacing it.,Incline Push-Up,incline_push_up,push,,,Incline Push-Up,Incline Push-Up,Incline Push-Up,Incline Push-Up,Incline Push-Up,Incline Push-Up,インラインプッシュアップ,Incline Push-Up,Incline Push-Up,,,,,,,,,
41,knee_push_up,Knee Push-Up,Knee Push-Up,Knee Push-Up,movement,calisthenics,calisthenics,calisthenics,,,Bodyweight,,,chest; triceps,chest; triceps,,,chest; triceps,horizontal_push,resistance_dynamic,tempo_reps,4,12,reps,60,false,false,0,true,false,false,,1,2,none,minimal,false,,false,true,true,primary,1,true,standard_compound,internally_reviewed,,no,,,,,Knee Push-Up,knee_push_up,push,,,Knee Push-Up,Knee Push-Up,Knee Push-Up,Knee Push-Up,Knee Push-Up,Knee Push-Up,Knee プッシュアップ,Knee Push-Up,Knee Push-Up,,,,,,,,,
42,feet_elevated_push_up,Feet-Elevated Push-Up,Flotări declinate,วิดพื้นยกเท้า,movement,calisthenics,strength; calisthenics,calisthenics; strength,,,Bench or Plyo Box or Step,,bench | plyo_box | step,chest; front_delts; triceps; core,chest; front_delts,triceps; core,,chest; frontDelts; triceps; abs; obliques,horizontal_push,resistance_dynamic,tempo_reps,4,12,reps,90,false,false,0,true,false,false,,2,2,none,minimal,false,,false,true,true,primary,3,true,standard_compound,internally_reviewed,,no,,,Feet-Elevated Push-Up; Feet-Elevated Push-Ups,,Feet-Elevated Push-Up,feet_elevated_push_up,push,,,Feet-Elevated Push-Up,Feet-Elevated Push-Up,Feet-Elevated Push-Up,Feet-Elevated Push-Up,Feet-Elevated Push-Up,Feet-Elevated Push-Up,フィート上昇したプッシュアップ,Flotări declinate,วิดพื้นยกเท้า,Feet-Elevated Push-Up; Feet-Elevated Push-Ups,,,,,,,,
43,weighted_push_up,Weighted Push-Up,Weighted Push-Up,Weighted Push-Up,movement,weights,strength; calisthenics; weights,calisthenics; strength,,,Backpack,backpack,,chest; triceps; front_delts; core,chest; triceps,front_delts; core,,chest; triceps; frontDelts; abs; obliques,horizontal_push,resistance_dynamic,tempo_reps,4,9,reps,90,false,true,2.5,true,false,false,,2,2,none,minimal,false,,false,true,true,primary,3,true,standard_compound,internally_reviewed,,no,,,"Weighted Push-Up on Handles; Weighted Pushups; Weighted Pushups (handles, backpack)",,Weighted Push-Up,weighted_push_up,push,,,Weighted Push-Up,Weighted Push-Up,Weighted Push-Up,Weighted Push-Up,Weighted Push-Up,Weighted Push-Up,重み付きプッシュアップ,Weighted Push-Up,Weighted Push-Up,"Weighted Push-Up on Handles; Weighted Pushups; Weighted Pushups (handles, backpack)",,,,,,,,
44,diamond_push_up,Diamond Push-Up,Flotări diamant,วิดพื้นไดมอนด์,movement,calisthenics,calisthenics,calisthenics,,,Bodyweight,,,triceps; chest,triceps; chest,,,triceps; chest; frontDelts,horizontal_push,resistance_dynamic,tempo_reps,4,12,reps,60,false,false,0,true,false,false,elbow; wrist,2,2,none,minimal,false,,false,true,true,primary,2,true,standard_compound,internally_reviewed,,no,,,Diamond Pushups; Diamond or Close-Grip Push-Up,,Diamond Push-Up,diamond_push_up,push,,,Diamond Push-Up,Diamond Push-Up,Diamond Push-Up,Diamond Push-Up,Diamond Push-Up,Diamond Push-Up,ダイヤモンドプッシュアップ,Flotări diamant,วิดพื้นไดมอนด์,Diamond Pushups; Diamond or Close-Grip Push-Up,,,,,,,,
45,dip,Parallel Bar Dip,Flotări la paralele,ดิพบนบาร์คู่,movement,calisthenics,street; strength; calisthenics,calisthenics; strength,,,Dip Bars,dip_bars,,chest; triceps; front_delts,chest; triceps,front_delts,,chest; triceps; frontDelts,horizontal_push,resistance_dynamic,tempo_reps,4,9,reps,90,false,true,2.5,true,false,false,shoulder_press,3,2,none,minimal,false,,false,true,true,primary,3,true,standard_compound,internally_reviewed,,no,,,Straight-Bar Dip,Hard on the shoulder at depth. Excluded whenever the front of the shoulder is symptomatic.,Parallel Bar Dip,dip,push,Flotări la bară dreaptă,ดิพบนบาร์เดี่ยว,Parallel Bar Dip,Parallel Bar Dip,Parallel Bar Dip,Parallel Bar Dip,Parallel Bar Dip,Parallel Bar Dip,パラレルバーディップ,Flotări la paralele,ดิพบนบาร์คู่,Straight-Bar Dip,,,,,,,Flotări la bară dreaptă,ดิพบนบาร์เดี่ยว
46,cable_fly,Cable Fly,Fluturări cu gantere,ดัมเบลฟลาย,movement,machine,strength; machine,strength,,,Cable Stack,cable_stack,,chest,chest,,,chest; frontDelts,isolation_upper,resistance_dynamic,tempo_reps,3,13,reps,60,false,true,1,true,false,false,shoulder_press,2,2,none,minimal,false,,false,true,true,accessory,2,true,single_joint,internally_reviewed,,no,,,Cable Fly; cable_crossover,,Cable Fly,cable_fly,upper,,,Cable Fly,Cable Fly,Cable Fly,Cable Fly,Cable Fly,Cable Fly,ケーブル フライ,Fluturări cu gantere,ดัมเบลฟลาย,Cable Fly; cable_crossover,,,,,,,,
47,barbell_overhead_press,Barbell Overhead Press,Împins deasupra capului cu bara,โอเวอร์เฮดเพรสด้วยบาร์เบล,movement,weights,strength; weights,strength,,,Barbell · Plates · Rack,barbell; plates; rack,,front_delts; triceps; upper_chest; core,front_delts,triceps; upper_chest; core,,frontDelts; triceps; chest; abs; obliques; sideDelts,vertical_push,resistance_dynamic,tempo_reps,4,7,reps,120,false,true,2.5,false,false,false,shoulder_overhead,4,3,none,minimal,true,clear_lifting_platform,false,true,false,primary,4,true,standard_compound,internally_reviewed,,no,,,,2.5 kg is a large jump here. Fractional plates matter more on this lift than anywhere else.,Barbell Overhead Press,barbell_overhead_press,push,,,Barbell Overhead Press,Schulterdrücken mit Langhantel,Schulterdrücken mit Langhantel,Military press con bilanciere,Press por encima de la cabeza con barra,Press de ombros com barra,バーベル・オーバーヘッドプレス,Împins deasupra capului cu bara,โอเวอร์เฮดเพรสด้วยบาร์เบล,,,,,,,,,
48,dumbbell_overhead_press,Seated Dumbbell Press,Seated Dumbbell Press,Seated Dumbbell Press,movement,weights,strength; weights,strength,,,Dumbbells · Adjustable Bench,dumbbells; adjustable_bench,,front_delts; triceps,front_delts,triceps,,frontDelts; triceps,vertical_push,resistance_dynamic,tempo_reps,4,10,reps,90,false,true,2,true,false,false,shoulder_overhead,2,2,none,minimal,false,,false,true,true,primary,3,true,standard_compound,internally_reviewed,,no,,,Dumbbell Overhead Press,,Seated Dumbbell Press,dumbbell_overhead_press,push,,,Seated Dumbbell Press,Seated Dumbbell Press,Seated Dumbbell Press,Seated Dumbbell Press,Seated Dumbbell Press,Seated Dumbbell Press,シートダンベルプレス,Seated Dumbbell Press,Seated Dumbbell Press,Dumbbell Overhead Press,,,,,,,,
49,machine_shoulder_press,Machine Shoulder Press,Împins pentru umeri la aparat,เครื่องดันไหล่,movement,machine,strength; machine,strength,,,Shoulder Press Machine,shoulder_press_machine,,front_delts; triceps,front_delts,triceps,,frontDelts; triceps; sideDelts,vertical_push,resistance_dynamic,tempo_reps,4,10,reps,90,false,true,2.5,true,false,false,shoulder_overhead,1,1,none,minimal,false,,false,true,true,primary,3,true,standard_compound,internally_reviewed,,no,,,,,Machine Shoulder Press,machine_shoulder_press,push,,,Machine Shoulder Press,Machine Shoulder Press,Machine Shoulder Press,Machine Shoulder Press,Machine Shoulder Press,Machine Shoulder Press,機械ショルダープレス,Împins pentru umeri la aparat,เครื่องดันไหล่,,,,,,,,,
50,landmine_press,Landmine Press,Landmine Press,Landmine Press,movement,weights,strength; weights,strength,,,Landmine · Barbell,landmine; barbell,,front_delts; upper_chest; triceps,front_delts,upper_chest; triceps,,frontDelts; chest; triceps,vertical_push,resistance_dynamic,tempo_reps,4,10,reps,90,true,true,2.5,true,false,false,,2,2,none,minimal,false,,false,true,true,primary,3,true,standard_compound,internally_reviewed,,no,,,,"The angle keeps the shoulder out of full overhead, so it survives most overhead restrictions.",Landmine Press,landmine_press,push,,,Landmine Press,Landmine Press,Landmine Press,Landmine Press,Landmine Press,Landmine Press,ランドマインプレス,Landmine Press,Landmine Press,,,,,,,,,
51,pike_push_up,Pike Push-Up,Flotări pike,ไพก์พุชอัพ,movement,calisthenics,calisthenics,calisthenics,,,Bodyweight,,,front_delts; triceps,front_delts,triceps,,frontDelts; triceps; sideDelts,vertical_push,resistance_dynamic,tempo_reps,4,9,reps,90,false,false,0,true,false,false,shoulder_overhead; wrist,3,2,none,minimal,false,,false,true,true,primary,3,true,standard_compound,internally_reviewed,,no,,,,,Pike Push-Up,pike_push_up,push,,,Pike Push-Up,Pike Push-Up,Pike Push-Up,Pike Push-Up,Pike Push-Up,Pike Push-Up,Pikeプッシュアップ,Flotări pike,ไพก์พุชอัพ,,,,,,,,,
52,elevated_pike_push_up,Feet-Elevated Pike Push-Up,Feet-Elevated Pike Push-Up,Feet-Elevated Pike Push-Up,movement,calisthenics,calisthenics,calisthenics,,,Bench or Plyo Box or Step,,bench | plyo_box | step,front_delts; triceps,front_delts,triceps,,frontDelts; triceps,vertical_push,resistance_dynamic,tempo_reps,4,8,reps,90,false,false,0,true,false,false,shoulder_overhead; wrist,4,2,none,minimal,false,,false,true,false,primary,3,true,standard_compound,internally_reviewed,,no,,,Pike Pushups (feet on chair),,Feet-Elevated Pike Push-Up,elevated_pike_push_up,push,,,Feet-Elevated Pike Push-Up,Feet-Elevated Pike Push-Up,Feet-Elevated Pike Push-Up,Feet-Elevated Pike Push-Up,Feet-Elevated Pike Push-Up,Feet-Elevated Pike Push-Up,フィート上昇したパイク プッシュアップ,Feet-Elevated Pike Push-Up,Feet-Elevated Pike Push-Up,Pike Pushups (feet on chair),,,,,,,,
53,handstand_push_up,Handstand Push-Up,Flotări în stând pe mâini,วิดพื้นแฮนด์สแตนด์,movement,calisthenics,street; calisthenics,calisthenics,,,Wall,wall,,front_delts; triceps; core,front_delts; triceps,core,,frontDelts; triceps; abs; obliques; sideDelts; upperBack,vertical_push,resistance_dynamic,tempo_reps,4,6,reps,120,false,false,0,false,false,false,shoulder_overhead; wrist,5,5,none,minimal,false,,true,false,false,primary,4,true,standard_compound,internally_reviewed,,no,,,,,Handstand Push-Up,handstand_push_up,push,,,Handstand Push-Up,Handstand Push-Up,Handstand Push-Up,Handstand Push-Up,Handstand Push-Up,Handstand Push-Up,ハンドスタンド プッシュアップ,Flotări în stând pe mâini,วิดพื้นแฮนด์สแตนด์,,,,,,,,,
54,barbell_row,Barbell Row,Ramat cu bara,บาร์เบลโรว์,movement,weights,strength; weights,strength,,,Barbell · Plates,barbell; plates,,lats; upper_back; biceps; erectors,lats; upper_back,biceps; erectors,,lats; upperBack; biceps; lowerBack; rearDelts,horizontal_pull,resistance_dynamic,tempo_reps,4,8,reps,120,false,true,2.5,true,false,false,lumbar_flexion,4,3,none,minimal,false,,false,true,false,primary,4,true,standard_compound,internally_reviewed,,no,,,,,Barbell Row,barbell_row,pull,ramat; ramat bara,,Barbell Row,Barbell Row,Barbell Row,Barbell Row,Barbell Row,Barbell Row,バーベル・ロウ,Ramat cu bara,บาร์เบลโรว์,,,,,,,,ramat; ramat bara,
55,one_arm_dumbbell_row,One-Arm Dumbbell Row,Ramat cu o ganteră,ดัมเบลโรว์ข้างเดียว,movement,weights,strength; weights,strength,,,Dumbbells · Bench,dumbbells; bench,,lats; upper_back; biceps,lats; upper_back,biceps,,lats; upperBack; biceps; rearDelts,horizontal_pull,resistance_dynamic,tempo_reps,4,12,reps,60,true,true,2,true,false,false,,2,2,none,minimal,false,,false,true,true,primary,2,true,standard_compound,internally_reviewed,,no,,,One-Arm Supported Dumbbell Row,,One-Arm Dumbbell Row,one_arm_dumbbell_row,pull,ramat; ramat gantera,,One-Arm Dumbbell Row,One-Arm Dumbbell Row,One-Arm Dumbbell Row,One-Arm Dumbbell Row,One-Arm Dumbbell Row,One-Arm Dumbbell Row,ワンアームダンベル列,Ramat cu o ganteră,ดัมเบลโรว์ข้างเดียว,One-Arm Supported Dumbbell Row,,,,,,,ramat; ramat gantera,
56,chest_supported_row,Chest-Supported Dumbbell Row,Chest-Supported Dumbbell Row,Chest-Supported Dumbbell Row,movement,weights,strength; weights,strength,,,Dumbbells · Adjustable Bench,dumbbells; adjustable_bench,,upper_back; lats; biceps,upper_back; lats,biceps,,upperBack; lats; biceps,horizontal_pull,resistance_dynamic,tempo_reps,4,10,reps,60,false,true,2,true,false,false,,1,1,none,minimal,false,,false,true,true,primary,2,true,standard_compound,internally_reviewed,,no,,,,"The back works without the lower back paying for it, which is why it survives most lumbar restrictions.",Chest-Supported Dumbbell Row,chest_supported_row,pull,,,Chest-Supported Dumbbell Row,Chest-Supported Dumbbell Row,Chest-Supported Dumbbell Row,Chest-Supported Dumbbell Row,Chest-Supported Dumbbell Row,Chest-Supported Dumbbell Row,チェストサポートDumbbellの列,Chest-Supported Dumbbell Row,Chest-Supported Dumbbell Row,,,,,,,,,
57,machine_row,Chest-Supported Machine Row,Ramat la aparat cu pieptul sprijinit,เครื่องพายพิงอก,movement,machine,strength; machine,strength,,,Row Machine,row_machine,,upper_back; lats; biceps,upper_back; lats,biceps,,upperBack; lats; biceps; rearDelts,horizontal_pull,resistance_dynamic,tempo_reps,4,10,reps,60,false,true,2.5,true,false,false,,1,1,none,minimal,false,,false,true,true,primary,2,true,standard_compound,internally_reviewed,,no,,,back machine rows; machine rows,,Chest-Supported Machine Row,machine_row,pull,ramat; ramat aparat; ramat spate,,Chest-Supported Machine Row,Chest-Supported Machine Row,Chest-Supported Machine Row,Chest-Supported Machine Row,Chest-Supported Machine Row,Chest-Supported Machine Row,チェストサポートマシン列,Ramat la aparat cu pieptul sprijinit,เครื่องพายพิงอก,back machine rows; machine rows,,,,,,,ramat; ramat aparat; ramat spate,
58,t_bar_row,Chest-Supported T-Bar Row,Chest-Supported T-Bar Row,Chest-Supported T-Bar Row,movement,machine,strength; machine,strength,,,T Bar Row Machine,t_bar_row_machine,,upper_back; lats; biceps,upper_back; lats,biceps,,upperBack; lats; biceps,horizontal_pull,resistance_dynamic,tempo_reps,4,9,reps,90,false,true,2.5,true,false,false,,2,1,none,minimal,false,,false,true,true,primary,3,true,standard_compound,internally_reviewed,,no,,,,,Chest-Supported T-Bar Row,t_bar_row,pull,,,Chest-Supported T-Bar Row,Chest-Supported T-Bar Row,Chest-Supported T-Bar Row,Chest-Supported T-Bar Row,Chest-Supported T-Bar Row,Chest-Supported T-Bar Row,チェストサポートTバーロウ,Chest-Supported T-Bar Row,Chest-Supported T-Bar Row,,,,,,,,,
59,cable_row,Seated Cable Row,Ramat la cablu din șezut,นั่งพายเคเบิล,movement,machine,strength; machine,strength,,,Cable Stack,cable_stack,,lats; upper_back; biceps,lats; upper_back,biceps,,lats; upperBack; biceps; rearDelts,horizontal_pull,resistance_dynamic,tempo_reps,4,13,reps,60,false,true,2.5,true,false,false,,1,2,none,minimal,false,,false,true,true,primary,2,true,standard_compound,internally_reviewed,,no,,,machine row,,Seated Cable Row,cable_row,pull,ramat; ramat cablu,,Seated Cable Row,Seated Cable Row,Seated Cable Row,Seated Cable Row,Seated Cable Row,Seated Cable Row,座席ケーブル列,Ramat la cablu din șezut,นั่งพายเคเบิล,machine row,,,,,,,ramat; ramat cablu,
60,single_arm_cable_row,Single-Arm Cable Row,Single-Arm Cable Row,Single-Arm Cable Row,movement,machine,strength; machine,strength,,,Cable Stack,cable_stack,,lats; upper_back; biceps,lats; upper_back,biceps,,lats; upperBack; biceps,horizontal_pull,resistance_dynamic,tempo_reps,4,12,reps,60,true,true,1,true,false,false,,2,2,none,minimal,false,,false,true,true,primary,2,true,standard_compound,internally_reviewed,,no,,,,,Single-Arm Cable Row,single_arm_cable_row,pull,,,Single-Arm Cable Row,Single-Arm Cable Row,Single-Arm Cable Row,Single-Arm Cable Row,Single-Arm Cable Row,Single-Arm Cable Row,シングルアームケーブル列,Single-Arm Cable Row,Single-Arm Cable Row,,,,,,,,,
61,inverted_row,Inverted Row,Ramat invers,อินเวิร์ทโรว์,movement,machine,strength; calisthenics; machine; weights,calisthenics; strength,,,Barbell or Pull Up Bar or Rings or Smith Machine,,barbell | pull_up_bar | rings | smith_machine,upper_back; lats; biceps; core,upper_back; lats,biceps; core,,upperBack; lats; biceps; abs; obliques; rearDelts,horizontal_pull,resistance_dynamic,tempo_reps,4,12,reps,60,false,false,0,true,false,false,,2,2,none,minimal,false,,false,true,true,primary,2,true,standard_compound,internally_reviewed,,no,,,australian_pull_up; ring_row,"Foot position is the load dial, which makes it the most scalable pull for a beginner.",Inverted Row,inverted_row,pull,ramat; ramat la bara,,Inverted Row,Inverted Row,Inverted Row,Inverted Row,Inverted Row,Inverted Row,変換された列,Ramat invers,อินเวิร์ทโรว์,australian_pull_up; ring_row,,,,,,,ramat; ramat la bara,
62,band_row,Band Row,Band Row,Band Row,movement,strength,strength,strength,,,Bands,bands,,upper_back; lats; biceps,upper_back; lats,biceps,,upperBack; lats; biceps,horizontal_pull,resistance_dynamic,tempo_reps,4,16,reps,60,false,true,0,true,false,false,,1,2,none,minimal,false,,false,true,true,primary,1,true,standard_compound,internally_reviewed,,no,,,,,Band Row,band_row,pull,,,Band Row,Band Row,Band Row,Band Row,Band Row,Band Row,バンド・ロウ,Band Row,Band Row,,,,,,,,,
63,backpack_row,Backpack Row,Backpack Row,Backpack Row,movement,weights,strength; weights,strength,,,Backpack,backpack,,lats; upper_back; biceps,lats; upper_back,biceps,,lats; upperBack; biceps,horizontal_pull,resistance_dynamic,tempo_reps,4,12,reps,60,false,true,2.5,true,false,false,lumbar_flexion,2,2,none,minimal,false,,false,true,true,primary,2,true,standard_compound,internally_reviewed,,no,,,,,Backpack Row,backpack_row,pull,,,Backpack Row,Backpack Row,Backpack Row,Backpack Row,Backpack Row,Backpack Row,バックパックの列,Backpack Row,Backpack Row,,,,,,,,,
64,pull_up,Pull-Up,Tracțiuni la bară,ดึงข้อ,movement,calisthenics,strength; calisthenics,calisthenics; strength,,,Pull Up Bar,pull_up_bar,,lats; biceps; upper_back,lats,biceps; upper_back,,lats; biceps; upperBack; forearms,vertical_pull,resistance_dynamic,tempo_reps,4,8,reps,90,false,true,2.5,true,false,false,,3,2,none,minimal,false,,false,true,true,primary,3,true,standard_compound,internally_reviewed,,no,,,Pull-Ups; Pull-Ups (different grip than Wed),,Pull-Up,pull_up,pull,tractiuni; tractiuni pronatie,,Pull-Up,Klimmzug,Klimmzug,Trazione alla sbarra,Dominada,Elevação na barra,プルアップ,Tracțiuni la bară,ดึงข้อ,Pull-Ups; Pull-Ups (different grip than Wed),,,,,,,tractiuni; tractiuni pronatie,
65,chin_up,Chin-Up,Tracțiuni cu priză inversă,ชินอัพ,movement,calisthenics,strength; calisthenics,calisthenics; strength,,,Pull Up Bar,pull_up_bar,,lats; biceps; upper_back,lats; biceps,upper_back,,lats; biceps; upperBack; forearms,vertical_pull,resistance_dynamic,tempo_reps,4,8,reps,90,false,true,2.5,true,false,false,elbow,3,2,none,minimal,false,,false,true,true,primary,3,true,standard_compound,internally_reviewed,,no,,,,,Chin-Up,chin_up,pull,tractiuni; tractiuni supinatie,,Chin-Up,Chin-Up,Chin-Up,Chin-Up,Chin-Up,Chin-Up,チンアップ,Tracțiuni cu priză inversă,ชินอัพ,,,,,,,,tractiuni; tractiuni supinatie,
66,band_assisted_pull_up,Band-Assisted Pull-Up,Band-Assisted Pull-Up,Band-Assisted Pull-Up,movement,calisthenics,strength; calisthenics,calisthenics; strength,,,Pull Up Bar · Bands,pull_up_bar; bands,,lats; biceps,lats,biceps,,lats; biceps,vertical_pull,resistance_dynamic,tempo_reps,4,8,reps,60,false,false,0,true,false,false,,2,2,none,minimal,false,,false,true,true,primary,2,true,standard_compound,internally_reviewed,,no,,,Band-Assisted Pull-Up · Alternate Grip,"The honest bridge to a first pull-up: the band unloads the bottom, which is where it fails.",Band-Assisted Pull-Up,band_assisted_pull_up,pull,,,Band-Assisted Pull-Up,Band-Assisted Pull-Up,Band-Assisted Pull-Up,Band-Assisted Pull-Up,Band-Assisted Pull-Up,Band-Assisted Pull-Up,バンドアシストプルアップ,Band-Assisted Pull-Up,Band-Assisted Pull-Up,Band-Assisted Pull-Up · Alternate Grip,,,,,,,,
67,lat_pulldown,Neutral-Grip Lat Pulldown,Tracțiuni la helcometru,ดึงข้อด้วยสายเคเบิล,movement,machine,strength; machine,strength,,,Lat Pulldown Machine,lat_pulldown_machine,,lats; biceps; upper_back,lats,biceps; upper_back,,lats; biceps; upperBack,vertical_pull,resistance_dynamic,tempo_reps,4,10,reps,60,false,true,2.5,true,false,false,,1,2,none,minimal,false,,false,true,true,primary,2,true,standard_compound,internally_reviewed,,no,,,Neutral-Grip Lat Pulldown,,Neutral-Grip Lat Pulldown,lat_pulldown,pull,,,Neutral-Grip Lat Pulldown,Neutral-Grip Lat Pulldown,Neutral-Grip Lat Pulldown,Neutral-Grip Lat Pulldown,Neutral-Grip Lat Pulldown,Neutral-Grip Lat Pulldown,ニュートラルグリップラットプルダウン,Tracțiuni la helcometru,ดึงข้อด้วยสายเคเบิล,Neutral-Grip Lat Pulldown,,,,,,,,
68,band_lat_pulldown,Band Lat Pulldown,Band Lat Pulldown,Band Lat Pulldown,movement,strength,strength,strength,,,Bands · Anchor Point,bands; anchor_point,,lats; biceps,lats,biceps,,lats; biceps,vertical_pull,resistance_dynamic,tempo_reps,4,13,reps,60,false,true,0,true,false,false,,1,2,none,minimal,false,,false,true,true,primary,1,true,standard_compound,internally_reviewed,,no,,,Prone Lat Sweep,,Band Lat Pulldown,band_lat_pulldown,pull,,,Band Lat Pulldown,Band Lat Pulldown,Band Lat Pulldown,Band Lat Pulldown,Band Lat Pulldown,Band Lat Pulldown,バンド ラットのプルダウン,Band Lat Pulldown,Band Lat Pulldown,Prone Lat Sweep,,,,,,,,
69,dead_hang,Dead Hang,Dead Hang,Dead Hang,movement,calisthenics,calisthenics; mobility,calisthenics; mobility,,,Pull Up Bar,pull_up_bar,,forearms; lats,forearms,lats,,forearms; lats,vertical_pull,resistance_isometric,hold,3,30,seconds,60,false,false,0,true,false,false,,1,2,none,minimal,false,,false,true,true,accessory,1,false,standard_compound,internally_reviewed,,no,,,Dead Hangs,Grip and shoulder decompression. Often the first honest step for someone who cannot yet pull.,Dead Hang,dead_hang,mobility,,,Dead Hang,Dead Hang,Dead Hang,Dead Hang,Dead Hang,Dead Hang,デッドハング,Dead Hang,Dead Hang,Dead Hangs,,,,,,,,
70,scapular_pull_up,Scapular Pull-Up,Scapular Pull-Up,Scapular Pull-Up,movement,calisthenics,calisthenics,calisthenics,,,Pull Up Bar,pull_up_bar,,lower_traps; lats,lower_traps,lats,,lats,vertical_pull,resistance_dynamic,tempo_reps,3,8,reps,60,false,false,0,true,false,false,,2,2,none,minimal,false,,false,true,true,accessory,1,true,standard_compound,internally_reviewed,,no,,,Hanging Scapular Depression,,Scapular Pull-Up,scapular_pull_up,pull,,,Scapular Pull-Up,Scapular Pull-Up,Scapular Pull-Up,Scapular Pull-Up,Scapular Pull-Up,Scapular Pull-Up,Scapular プルアップ,Scapular Pull-Up,Scapular Pull-Up,Hanging Scapular Depression,,,,,,,,
71,muscle_up_practice,Muscle-Up Transition Practice,Muscle-up la bară,บาร์มัสเซิลอัพ,movement,calisthenics,street; calisthenics,calisthenics,,,Pull Up Bar,pull_up_bar,,lats; chest; triceps; core,lats; chest,triceps; core,,lats; chest; triceps; abs; obliques; upperBack; biceps; forearms,skill,skill_drill,quality,4,3,reps,90,false,false,0,true,false,false,,5,2,none,minimal,false,,true,false,false,primary,3,false,standard_compound,internally_reviewed,,no,,,Muscle-Up Transition Practice,,Muscle-Up Transition Practice,muscle_up_practice,upper,,,Muscle-Up Transition Practice,Muscle-Up Transition Practice,Muscle-Up Transition Practice,Muscle-Up Transition Practice,Muscle-Up Transition Practice,Muscle-Up Transition Practice,筋肉上トランジションの練習,Muscle-up la bară,บาร์มัสเซิลอัพ,Muscle-Up Transition Practice,,,,,,,,
72,suitcase_carry,Suitcase Carry,Suitcase Carry,Suitcase Carry,movement,weights,strength; weights,strength,,,Dumbbells · Floor Space,dumbbells; floor_space,,obliques; forearms; traps; glutes,obliques; forearms,traps; glutes,,obliques; forearms; neckTraps; glutes,carry,resistance_isometric,carry,4,38,seconds,60,true,true,2,true,false,false,,1,3,none,minimal,false,,false,true,true,primary,2,false,loaded_carry,internally_reviewed,,no,,,Suitcase Hold or March,The most transferable thing in the library: this is carrying the shopping.,Suitcase Carry,suitcase_carry,upper,,,Suitcase Carry,Suitcase Carry,Suitcase Carry,Suitcase Carry,Suitcase Carry,Suitcase Carry,スーツケース キャリー,Suitcase Carry,Suitcase Carry,Suitcase Hold or March,,,,,,,,
73,farmers_carry,Farmer's Carry,Mersul fermierului,ฟาร์เมอร์แคร์รี,movement,weights,strength; weights,strength,,,Dumbbells · Floor Space,dumbbells; floor_space,,forearms; traps; core; glutes,forearms; traps,core; glutes,,forearms; neckTraps; abs; obliques; glutes,carry,resistance_isometric,carry,4,45,seconds,90,false,true,2,true,false,false,,1,2,none,minimal,false,,false,true,true,primary,3,false,loaded_carry,internally_reviewed,,no,,,,,Farmer's Carry,farmers_carry,upper,trapez; mers fermier,,Farmer's Carry,Farmer's Carry,Farmer's Carry,Farmer's Carry,Farmer's Carry,Farmer's Carry,ファーマーズキャリー,Mersul fermierului,ฟาร์เมอร์แคร์รี,,,,,,,,trapez; mers fermier,
74,plank,Plank,Plank,Plank,movement,calisthenics,strength; calisthenics; yoga,calisthenics; strength; yoga,,,Bodyweight,,,core; front_delts,core,front_delts,,abs; obliques; frontDelts,core_anti_extension,resistance_isometric,hold,4,40,seconds,60,false,false,0,true,false,false,,1,2,none,minimal,false,,false,true,true,primary,1,false,core_braced,internally_reviewed,,no,,,Gimbal Front Hold,,Plank,plank,mobility,,,Plank,Plank,Plank,Plank,Plank,Plank,プランク,Plank,Plank,Gimbal Front Hold,,,,,,,,
75,rkc_plank,RKC Plank,RKC Plank,RKC Plank,movement,strength,strength,strength,,,Bodyweight,,,core; glutes,core,glutes,,abs; obliques; glutes,core_anti_extension,resistance_isometric,hold,4,20,seconds,60,false,false,0,true,false,false,,2,2,none,minimal,false,,false,true,true,primary,2,false,core_braced,internally_reviewed,,no,,,,"A short, maximal-tension plank. Twenty honest seconds beats three slack minutes.",RKC Plank,rkc_plank,upper,,,RKC Plank,RKC Plank,RKC Plank,RKC Plank,RKC Plank,RKC Plank,RKCプランク,RKC Plank,RKC Plank,,,,,,,,,
76,side_plank,Side Plank,Planșă laterală,แพลงก์ด้านข้าง,movement,calisthenics,calisthenics; yoga,calisthenics; yoga,,,Bodyweight,,,obliques; glutes,obliques,glutes,,obliques; glutes; abs,core_anti_lateral_flexion,resistance_isometric,hold,4,33,seconds,60,true,false,0,true,false,false,,2,2,none,minimal,false,,false,true,true,primary,1,false,core_braced,internally_reviewed,,no,,,,,Side Plank,side_plank,mobility,,,Side Plank,Side Plank,Side Plank,Side Plank,Side Plank,Side Plank,サイドプランク,Planșă laterală,แพลงก์ด้านข้าง,,,,,,,,,
77,dead_bug,Dead Bug,Dead bug,เดดบั๊ก,movement,strength,strength,strength,,,Bodyweight,,,core,core,,,abs; obliques; lowerBack,core_anti_extension,resistance_dynamic,tempo_reps,4,10,reps,60,true,false,0,true,false,false,,1,2,none,minimal,false,,false,true,true,primary,1,true,core_braced,internally_reviewed,,no,,,,"Safe with almost any back complaint, which is why it is the default core movement when the lumbar spine is flagged.",Dead Bug,dead_bug,upper,,,Dead Bug,Dead Bug,Dead Bug,Dead Bug,Dead Bug,Dead Bug,デッドバグ,Dead Bug,เดดบั๊ก,,,,,,,,,
78,bird_dog,Bird-Dog,Bird dog,เบิร์ดด็อก,movement,mobility,strength; mobility,strength; mobility,,,Bodyweight,,,core; erectors; glutes,core; erectors,glutes,,abs; obliques; lowerBack; glutes,core_anti_rotation,resistance_dynamic,tempo_reps,4,8,reps,60,true,false,0,true,false,false,,1,2,none,minimal,false,,false,true,true,primary,1,true,core_braced,internally_reviewed,,no,,,,,Bird-Dog,bird_dog,mobility,,,Bird-Dog,Bird-Dog,Bird-Dog,Bird-Dog,Bird-Dog,Bird-Dog,バードドッグ,Bird dog,เบิร์ดด็อก,,,,,,,,,
79,pallof_press,Pallof Press,Pallof Press,Pallof Press,movement,machine,strength; machine,strength,,,Bands or Cable Stack,,bands | cable_stack,obliques; core,obliques; core,,,obliques; abs,core_anti_rotation,resistance_dynamic,tempo_reps,4,10,reps,60,true,true,1,true,false,false,,2,2,none,minimal,false,,false,true,true,primary,1,true,core_braced,internally_reviewed,,no,,,,,Pallof Press,pallof_press,upper,,,Pallof Press,Pallof Press,Pallof Press,Pallof Press,Pallof Press,Pallof Press,Pallofプレス,Pallof Press,Pallof Press,,,,,,,,,
80,hanging_knee_raise,Hanging Knee Raise,Ridicări de picioare la bară,ยกขาห้อยบาร์,movement,calisthenics,strength; calisthenics,calisthenics; strength,,,Pull Up Bar,pull_up_bar,,core; hip_flexors; forearms,core,hip_flexors; forearms,,abs; obliques; forearms,core_flexion,resistance_dynamic,tempo_reps,4,12,reps,60,false,false,0,true,false,false,,2,2,none,minimal,false,,false,true,true,primary,2,true,core_braced,internally_reviewed,,no,,,Hanging Knee Raise,,Hanging Knee Raise,hanging_knee_raise,upper,,,Hanging Knee Raise,Hanging Knee Raise,Hanging Knee Raise,Hanging Knee Raise,Hanging Knee Raise,Hanging Knee Raise,掛かる膝の昇給,Ridicări de picioare la bară,ยกขาห้อยบาร์,Hanging Knee Raise,,,,,,,,
81,hollow_body_hold,Hollow Body Hold,Menținere hollow body,ฮอลโลว์บอดี้โฮลด์,movement,calisthenics,calisthenics,calisthenics,,,Bodyweight,,,core; hip_flexors,core,hip_flexors,,abs; obliques,core_anti_extension,resistance_isometric,hold,4,30,seconds,60,false,false,0,true,false,false,,3,2,none,minimal,false,,false,true,true,primary,2,false,core_braced,internally_reviewed,,no,,,,,Hollow Body Hold,hollow_body_hold,upper,,,Hollow Body Hold,Hollow Body Hold,Hollow Body Hold,Hollow Body Hold,Hollow Body Hold,Hollow Body Hold,空のボディ ホールド,Menținere hollow body,ฮอลโลว์บอดี้โฮลด์,,,,,,,,,
82,dumbbell_curl,Dumbbell Curl,Flexii cu bara pentru biceps,บาร์เบลเคิร์ล,movement,weights,strength; weights,strength,,,Dumbbells,dumbbells,,biceps; forearms,biceps,forearms,,biceps; forearms,isolation_upper,resistance_dynamic,tempo_reps,3,10,reps,60,false,true,1,true,false,false,elbow,1,2,none,minimal,false,,false,true,true,accessory,1,true,single_joint,internally_reviewed,,no,,,Band or DB Curls,,Dumbbell Curl,dumbbell_curl,upper,,,Dumbbell Curl,Dumbbell Curl,Dumbbell Curl,Dumbbell Curl,Dumbbell Curl,Dumbbell Curl,ダンベルカール,Flexii cu bara pentru biceps,บาร์เบลเคิร์ล,Band or DB Curls,,,,,,,,
83,incline_dumbbell_curl,Incline Dumbbell Curl,Incline Dumbbell Curl,Incline Dumbbell Curl,movement,weights,strength; weights,strength,,,Dumbbells · Adjustable Bench,dumbbells; adjustable_bench,,biceps,biceps,,,biceps,isolation_upper,resistance_dynamic,tempo_reps,3,11,reps,60,false,true,1,true,false,false,elbow,1,2,none,minimal,false,,false,true,true,accessory,1,true,single_joint,internally_reviewed,,no,,,,,Incline Dumbbell Curl,incline_dumbbell_curl,upper,,,Incline Dumbbell Curl,Incline Dumbbell Curl,Incline Dumbbell Curl,Incline Dumbbell Curl,Incline Dumbbell Curl,Incline Dumbbell Curl,インラインダンベルカール,Incline Dumbbell Curl,Incline Dumbbell Curl,,,,,,,,,
84,hammer_curl,Hammer Curl,Flexii ciocan,แฮมเมอร์เคิร์ล,movement,weights,strength; weights,strength,,,Dumbbells,dumbbells,,biceps; forearms,biceps; forearms,,,biceps; forearms,isolation_upper,resistance_dynamic,tempo_reps,3,13,reps,60,false,true,1,true,false,false,,1,2,none,minimal,false,,false,true,true,accessory,1,true,single_joint,internally_reviewed,,no,,,Hammer or Incline DB Curls,Kinder to a sore elbow than a supinated curl.,Hammer Curl,hammer_curl,upper,ciocane; flexii ciocane,,Hammer Curl,Hammer Curl,Hammer Curl,Hammer Curl,Hammer Curl,Hammer Curl,ハンマーカール,Flexii ciocan,แฮมเมอร์เคิร์ล,Hammer or Incline DB Curls,,,,,,,ciocane; flexii ciocane,
85,cable_curl,Cable Curl,Flexii biceps la cablu,เคเบิลเคิร์ล,movement,machine,strength; machine,strength,,,Cable Stack,cable_stack,,biceps,biceps,,,biceps; forearms,isolation_upper,resistance_dynamic,tempo_reps,3,13,reps,60,false,true,1,true,false,false,elbow,1,2,none,minimal,false,,false,true,true,accessory,1,true,single_joint,internally_reviewed,,no,,,Cable Curl + Rope Pressdown,,Cable Curl,cable_curl,upper,,,Cable Curl,Cable Curl,Cable Curl,Cable Curl,Cable Curl,Cable Curl,ケーブルカール,Flexii biceps la cablu,เคเบิลเคิร์ล,Cable Curl + Rope Pressdown,,,,,,,,
86,band_curl,Band Curl,Band Curl,Band Curl,movement,strength,strength,strength,,,Bands,bands,,biceps,biceps,,,biceps,isolation_upper,resistance_dynamic,tempo_reps,3,16,reps,60,false,true,0,true,false,false,,1,2,none,minimal,false,,false,true,true,accessory,1,true,single_joint,internally_reviewed,,no,,,,,Band Curl,band_curl,upper,,,Band Curl,Band Curl,Band Curl,Band Curl,Band Curl,Band Curl,バンドカール,Band Curl,Band Curl,,,,,,,,,
87,overhead_triceps_extension,Overhead Triceps Extension,Extensii triceps culcat cu gantere,ดัมเบลสกัลครัชเชอร์,movement,weights,strength; weights,strength,,,Dumbbells,dumbbells,,triceps,triceps,,,triceps,isolation_upper,resistance_dynamic,tempo_reps,3,13,reps,60,false,true,1,true,false,false,elbow; shoulder_overhead,2,2,none,minimal,false,,false,true,true,accessory,1,true,single_joint,internally_reviewed,,no,,,,,Overhead Triceps Extension,overhead_triceps_extension,upper,,,Overhead Triceps Extension,Overhead Triceps Extension,Overhead Triceps Extension,Overhead Triceps Extension,Overhead Triceps Extension,Overhead Triceps Extension,頭上式のTriceps延長,Extensii triceps culcat cu gantere,ดัมเบลสกัลครัชเชอร์,,,,,,,,,
88,lateral_raise,Lateral Raise,Ridicări laterale cu gantere,ยกแขนข้างด้วยดัมเบล,movement,weights,strength; weights,strength,,,Dumbbells,dumbbells,,side_delts,side_delts,,,sideDelts,isolation_upper,resistance_dynamic,tempo_reps,3,16,reps,60,false,true,0.5,true,false,false,shoulder_overhead,1,2,none,minimal,false,,false,true,true,accessory,1,true,lateral_delt,internally_reviewed,,no,,,Lateral Raise,,Lateral Raise,lateral_raise,upper,,,Lateral Raise,Lateral Raise,Lateral Raise,Lateral Raise,Lateral Raise,Lateral Raise,横の上昇,Ridicări laterale cu gantere,ยกแขนข้างด้วยดัมเบล,Lateral Raise,,,,,,,,
89,cable_lateral_raise,Cable Lateral Raise,Ridicări laterale la cablu,ยกแขนข้างด้วยเคเบิล,movement,machine,strength; machine,strength,,,Cable Stack,cable_stack,,side_delts,side_delts,,,sideDelts,isolation_upper,resistance_dynamic,tempo_reps,3,16,reps,60,false,true,1,true,false,false,shoulder_overhead,1,2,none,minimal,false,,false,true,true,accessory,1,true,lateral_delt,internally_reviewed,,no,,,,,Cable Lateral Raise,cable_lateral_raise,upper,,,Cable Lateral Raise,Cable Lateral Raise,Cable Lateral Raise,Cable Lateral Raise,Cable Lateral Raise,Cable Lateral Raise,ケーブル 横の昇給,Ridicări laterale la cablu,ยกแขนข้างด้วยเคเบิล,,,,,,,,,
90,band_lateral_raise,Band Lateral Raise,Band Lateral Raise,Band Lateral Raise,movement,strength,strength,strength,,,Bands,bands,,side_delts,side_delts,,,sideDelts,isolation_upper,resistance_dynamic,tempo_reps,3,20,reps,60,false,true,0,true,false,false,,1,2,none,minimal,false,,false,true,true,accessory,1,true,lateral_delt,internally_reviewed,,no,,,,,Band Lateral Raise,band_lateral_raise,upper,,,Band Lateral Raise,Band Lateral Raise,Band Lateral Raise,Band Lateral Raise,Band Lateral Raise,Band Lateral Raise,バンド横上げ,Band Lateral Raise,Band Lateral Raise,,,,,,,,,
91,face_pull,Cable Face Pull,Trageri la față la cablu,เฟซพูลด้วยเคเบิล,movement,machine,strength; machine,strength,,,Cable Stack,cable_stack,,rear_delts; lower_traps,rear_delts; lower_traps,,,rearDelts; upperBack; neckTraps,isolation_upper,resistance_dynamic,tempo_reps,3,18,reps,60,false,true,1,true,false,false,,2,2,none,minimal,false,,false,true,true,accessory,1,true,single_joint,internally_reviewed,,no,,,,The single best insurance policy for a shoulder that presses a lot.,Cable Face Pull,face_pull,upper,trapez cablu; umeri posteriori,,Cable Face Pull,Cable Face Pull,Cable Face Pull,Cable Face Pull,Cable Face Pull,Cable Face Pull,ケーブルの表面の引き,Trageri la față la cablu,เฟซพูลด้วยเคเบิล,,,,,,,,trapez cablu; umeri posteriori,
92,band_face_pull,Band Face Pull,Band Face Pull,Band Face Pull,movement,strength,strength,strength,,,Bands · Anchor Point,bands; anchor_point,,rear_delts; lower_traps,rear_delts; lower_traps,,,rearDelts,isolation_upper,resistance_dynamic,tempo_reps,3,18,reps,60,false,true,0,true,false,false,,1,2,none,minimal,false,,false,true,true,accessory,1,true,single_joint,internally_reviewed,,no,,,Band Face Pulls,,Band Face Pull,band_face_pull,upper,,,Band Face Pull,Band Face Pull,Band Face Pull,Band Face Pull,Band Face Pull,Band Face Pull,バンド フェイス プル,Band Face Pull,Band Face Pull,Band Face Pulls,,,,,,,,
93,band_pull_apart,Band Pull-Apart,Band Pull-Apart,Band Pull-Apart,movement,strength,strength,strength,,,Bands,bands,,rear_delts; lower_traps,rear_delts; lower_traps,,,rearDelts,isolation_upper,resistance_dynamic,tempo_reps,3,20,reps,60,false,true,0,true,false,false,,1,2,none,minimal,false,,false,true,true,accessory,1,true,single_joint,internally_reviewed,,no,,,Band Pull-Aparts; Band Pull-Aparts (finisher if fresh); Band Pull-Aparts (posture closer),,Band Pull-Apart,band_pull_apart,upper,,,Band Pull-Apart,Band Pull-Apart,Band Pull-Apart,Band Pull-Apart,Band Pull-Apart,Band Pull-Apart,バンドプルパーツ,Band Pull-Apart,Band Pull-Apart,Band Pull-Aparts; Band Pull-Aparts (finisher if fresh); Band Pull-Aparts (posture closer),,,,,,,,
94,reverse_pec_deck,Reverse Pec Deck,Fluturări pentru deltoid posterior,รีเวิร์สดัมเบลฟลาย,movement,machine,strength; machine,strength,,,Pec Deck Machine,pec_deck_machine,,rear_delts,rear_delts,,,rearDelts; upperBack,isolation_upper,resistance_dynamic,tempo_reps,3,15,reps,60,false,true,1,true,false,false,,1,2,none,minimal,false,,false,true,true,accessory,1,true,single_joint,internally_reviewed,,no,,,Reverse Pec Deck; machine_rear_delt,,Reverse Pec Deck,reverse_pec_deck,upper,,,Reverse Pec Deck,Reverse Pec Deck,Reverse Pec Deck,Reverse Pec Deck,Reverse Pec Deck,Reverse Pec Deck,逆のPecのデッキ,Fluturări pentru deltoid posterior,รีเวิร์สดัมเบลฟลาย,Reverse Pec Deck; machine_rear_delt,,,,,,,,
95,cable_external_rotation,Cable External Rotation,Cable External Rotation,Cable External Rotation,movement,machine,strength; machine,strength,,,Bands or Cable Stack,,bands | cable_stack,rotator_cuff,rotator_cuff,,,,isolation_upper,resistance_dynamic,tempo_reps,3,15,reps,60,true,true,0.5,true,false,false,,2,2,none,minimal,false,,false,true,true,accessory,1,true,rotator_cuff,internally_reviewed,,no,,,,"Prescribed as insurance, never as rehabilitation for a symptomatic shoulder.",Cable External Rotation,cable_external_rotation,upper,,,Cable External Rotation,Cable External Rotation,Cable External Rotation,Cable External Rotation,Cable External Rotation,Cable External Rotation,ケーブル外的な回転,Cable External Rotation,Cable External Rotation,,,,,,,,,
96,lying_leg_curl,Lying Leg Curl,Flexii femurali din culcat,นอนงอขาด้วยเครื่อง,movement,machine,strength; machine,strength,,,Leg Curl Machine,leg_curl_machine,,hamstrings,hamstrings,,,hamstrings,isolation_lower,resistance_dynamic,tempo_reps,3,11,reps,60,false,true,2.5,true,false,false,,1,2,none,minimal,false,,false,true,true,accessory,2,true,hamstring_eccentric,internally_reviewed,,no,,,,,Lying Leg Curl,lying_leg_curl,legs_a,,,Lying Leg Curl,Lying Leg Curl,Lying Leg Curl,Lying Leg Curl,Lying Leg Curl,Lying Leg Curl,ライイング脚カール,Flexii femurali din culcat,นอนงอขาด้วยเครื่อง,,,,,,,,,
97,seated_leg_curl,Seated Leg Curl,Flexii femurali din șezut,นั่งงอขาด้วยเครื่อง,movement,machine,strength; machine,strength,,,Leg Curl Machine,leg_curl_machine,,hamstrings,hamstrings,,,hamstrings,isolation_lower,resistance_dynamic,tempo_reps,3,11,reps,60,false,true,2.5,true,false,false,,1,2,none,minimal,false,,false,true,true,accessory,2,true,hamstring_eccentric,internally_reviewed,,no,,,,,Seated Leg Curl,seated_leg_curl,legs_a,,,Seated Leg Curl,Seated Leg Curl,Seated Leg Curl,Seated Leg Curl,Seated Leg Curl,Seated Leg Curl,シートレッグカール,Flexii femurali din șezut,นั่งงอขาด้วยเครื่อง,,,,,,,,,
98,sliding_leg_curl,Sliding Leg Curl,Sliding Leg Curl,Sliding Leg Curl,movement,calisthenics,strength; calisthenics,calisthenics; strength,,,Sliders or Towel,,sliders | towel,hamstrings; glutes,hamstrings,glutes,,hamstrings; glutes,isolation_lower,resistance_dynamic,tempo_reps,3,12,reps,90,false,false,0,true,false,false,,3,2,none,minimal,false,,false,true,true,accessory,3,true,hamstring_eccentric,internally_reviewed,,no,,,Sliding Leg Curl (towel),"The home hamstring curl. Deceptively hard, so it starts with fewer reps than people expect.",Sliding Leg Curl,sliding_leg_curl,legs_a,,,Sliding Leg Curl,Sliding Leg Curl,Sliding Leg Curl,Sliding Leg Curl,Sliding Leg Curl,Sliding Leg Curl,足のカールを滑らせて下さい,Sliding Leg Curl,Sliding Leg Curl,Sliding Leg Curl (towel),,,,,,,,
99,nordic_curl,Nordic Hamstring Curl,Flexii nordice pentru femurali,นอร์ดิกแฮมสตริงเคิร์ล,movement,calisthenics,strength; calisthenics,calisthenics; strength,,,Anchor For Feet,anchor_for_feet,,hamstrings,hamstrings,,,hamstrings; glutes,isolation_lower,resistance_dynamic,tempo_reps,3,6,reps,120,false,false,0,true,false,false,,4,2,none,minimal,false,,false,true,false,accessory,4,true,hamstring_eccentric,internally_reviewed,,no,,,,,Nordic Hamstring Curl,nordic_curl,legs_a,,,Nordic Hamstring Curl,Nordic Hamstring Curl,Nordic Hamstring Curl,Nordic Hamstring Curl,Nordic Hamstring Curl,Nordic Hamstring Curl,北欧ハムストリングカール,Flexii nordice pentru femurali,นอร์ดิกแฮมสตริงเคิร์ล,,,,,,,,,
100,leg_extension,Leg Extension,Extensii pentru picioare,เหยียดขาด้วยเครื่อง,movement,machine,strength; machine,strength,,,Leg Extension Machine,leg_extension_machine,,quadriceps,quadriceps,,,quads,isolation_lower,resistance_dynamic,tempo_reps,3,15,reps,60,false,true,2.5,true,false,false,knee_deep_flexion,1,2,none,minimal,false,,false,true,true,accessory,2,true,single_joint,internally_reviewed,,no,,,,,Leg Extension,leg_extension,legs_a,,,Leg Extension,Leg Extension,Leg Extension,Leg Extension,Leg Extension,Leg Extension,足延長,Extensii pentru picioare,เหยียดขาด้วยเครื่อง,,,,,,,,,
101,hip_abduction,Hip Abduction,Abducții de șold la aparat,เครื่องกางสะโพก,movement,machine,strength; machine,strength,,,Abduction Machine or Bands,,abduction_machine | bands,glute_medius,glute_medius,,,glutes,isolation_lower,resistance_dynamic,tempo_reps,3,20,reps,60,false,true,2.5,true,false,false,,1,2,none,minimal,false,,false,true,true,accessory,1,true,glute_lockout,internally_reviewed,,no,,,Band Abduction; band_abduction,,Hip Abduction,hip_abduction,legs_a,,,Hip Abduction,Hip Abduction,Hip Abduction,Hip Abduction,Hip Abduction,Hip Abduction,ヒップアブダクション,Abducții de șold la aparat,เครื่องกางสะโพก,Band Abduction; band_abduction,,,,,,,,
102,standing_calf_raise,Standing Calf Raise,Gambe la aparat din picioare,เครื่องยืนเขย่งน่อง,movement,machine,strength; machine,strength,,,Calf Raise Machine,calf_raise_machine,,calves,calves,,,calves,calf,resistance_dynamic,tempo_reps,3,11,reps,60,false,true,5,true,false,false,ankle_loaded,1,2,none,minimal,false,,false,true,true,accessory,1,true,calf_gastroc,internally_reviewed,,no,,,Calf Raise; Elevated Calf Raise; Standing Calf Raise Machine; Supported Calf Raise; calves; calf raise; calf raise on step,,Standing Calf Raise,standing_calf_raise,legs_b,gambe; ridicari pe varfuri; gamba; Gambe cu elevație; gambe elevatie; ridicari pe varfuri cu elevatie,ยืนเขย่งน่องบนแท่น,Standing Calf Raise,Standing Calf Raise,Standing Calf Raise,Standing Calf Raise,Standing Calf Raise,Standing Calf Raise,スタンドカーフレイズ,Gambe la aparat din picioare,เครื่องยืนเขย่งน่อง,Calf Raise; Elevated Calf Raise; Standing Calf Raise Machine; Supported Calf Raise; calves; calf raise; calf raise on step,,,,,,,gambe; ridicari pe varfuri; gamba; Gambe cu elevație; gambe elevatie; ridicari pe varfuri cu elevatie,ยืนเขย่งน่องบนแท่น
103,seated_calf_raise,Seated Calf Raise,Gambe din șezut la aparat,นั่งเขย่งน่องด้วยเครื่อง,movement,machine,strength; machine,strength,,,Calf Raise Machine,calf_raise_machine,,soleus,soleus,,,calves,calf,resistance_dynamic,tempo_reps,3,13,reps,60,false,true,2.5,true,false,false,ankle_loaded,1,2,none,minimal,false,,false,true,true,accessory,1,true,calf_soleus,internally_reviewed,,no,,,calves; seated calves,,Seated Calf Raise,seated_calf_raise,legs_b,gambe; gambe sezut; gambe la aparat,,Seated Calf Raise,Seated Calf Raise,Seated Calf Raise,Seated Calf Raise,Seated Calf Raise,Seated Calf Raise,シートカーフレイズ,Gambe din șezut la aparat,นั่งเขย่งน่องด้วยเครื่อง,calves; seated calves,,,,,,,gambe; gambe sezut; gambe la aparat,
104,single_leg_calf_raise,Single-Leg Calf Raise,Single-Leg Calf Raise,Single-Leg Calf Raise,movement,calisthenics,strength; calisthenics,calisthenics; strength,,,Step,step,,calves,calves,,,calves,calf,resistance_dynamic,tempo_reps,3,16,reps,60,true,true,2,true,false,false,ankle_loaded,1,2,none,minimal,false,,false,true,true,accessory,1,true,calf_gastroc,internally_reviewed,,no,,,"Calf Raises (backpack, off a step); Calf Raises (single-leg or backpack)",,Single-Leg Calf Raise,single_leg_calf_raise,legs_b,,,Single-Leg Calf Raise,Single-Leg Calf Raise,Single-Leg Calf Raise,Single-Leg Calf Raise,Single-Leg Calf Raise,Single-Leg Calf Raise,シングルレッグカーフレイズ,Single-Leg Calf Raise,Single-Leg Calf Raise,"Calf Raises (backpack, off a step); Calf Raises (single-leg or backpack)",,,,,,,,
105,l_sit,L-Sit,Menținere L-sit,แอลซิตโฮลด์,movement,calisthenics,street; calisthenics,calisthenics,,,Floor Space or Parallettes,,floor_space | parallettes,core; hip_flexors; triceps,core; hip_flexors,triceps,,abs; obliques; triceps; quads; frontDelts,skill,skill_drill,quality,4,20,seconds,90,false,false,0,true,false,false,,4,2,none,minimal,false,,false,true,false,primary,3,false,standard_compound,internally_reviewed,,no,,,,,L-Sit,l_sit,upper,,,L-Sit,L-Sit,L-Sit,L-Sit,L-Sit,L-Sit,L-シット,Menținere L-sit,แอลซิตโฮลด์,,,,,,,,,
106,tuck_planche_hold,Tuck Planche Hold,Tuck Planche Hold,Tuck Planche Hold,movement,calisthenics,calisthenics,calisthenics,,,Floor Space or Parallettes,,floor_space | parallettes,front_delts; core; chest,front_delts; core,chest,,frontDelts; abs; obliques; chest,skill,skill_drill,quality,4,13,seconds,120,false,false,0,true,false,false,shoulder_press; wrist,5,2,none,minimal,false,,true,false,false,primary,4,false,standard_compound,internally_reviewed,,no,,,,,Tuck Planche Hold,tuck_planche_hold,upper,,,Tuck Planche Hold,Tuck Planche Hold,Tuck Planche Hold,Tuck Planche Hold,Tuck Planche Hold,Tuck Planche Hold,タックプランチェホールド,Tuck Planche Hold,Tuck Planche Hold,,,,,,,,,
107,wall_handstand_hold,Wall Handstand Hold,Wall Handstand Hold,Wall Handstand Hold,movement,calisthenics,calisthenics,calisthenics,,,Wall,wall,,front_delts; core; triceps,front_delts; core,triceps,,frontDelts; abs; obliques; triceps,skill,skill_drill,quality,4,40,seconds,60,false,false,0,true,false,false,shoulder_overhead; wrist,4,5,none,minimal,false,,false,true,false,primary,2,false,standard_compound,internally_reviewed,,no,,,,,Wall Handstand Hold,wall_handstand_hold,upper,,,Wall Handstand Hold,Wall Handstand Hold,Wall Handstand Hold,Wall Handstand Hold,Wall Handstand Hold,Wall Handstand Hold,壁のHandstandの把握,Wall Handstand Hold,Wall Handstand Hold,,,,,,,,,
108,archer_push_up,Archer Push-Up,Archer Push-Up,Archer Push-Up,movement,calisthenics,calisthenics,calisthenics,,,Bodyweight,,,chest; triceps; core,chest; triceps,core,,chest; triceps; abs; obliques,horizontal_push,resistance_dynamic,tempo_reps,4,6,reps,90,true,false,0,true,false,false,,4,2,none,minimal,false,,false,true,false,primary,3,true,standard_compound,internally_reviewed,,yes,already_canonical,Archer Push-up,,,Archer Push-Up,archer_push_up,push,,,Archer Push-Up,Archer Push-Up,Archer Push-Up,Archer Push-Up,Archer Push-Up,Archer Push-Up,アーチャープッシュアップ,Archer Push-Up,Archer Push-Up,,,,,,,,,
109,ring_dip,Ring Dip,Ring Dip,Ring Dip,movement,calisthenics,calisthenics,calisthenics,,,Rings,rings,,chest; triceps; front_delts; core,chest; triceps,front_delts; core,,chest; triceps; frontDelts; abs; obliques,horizontal_push,resistance_dynamic,tempo_reps,4,6,reps,120,false,false,0,true,false,false,shoulder_press,5,5,none,minimal,false,,true,false,false,primary,4,true,standard_compound,internally_reviewed,,no,,,,,Ring Dip,ring_dip,push,,,Ring Dip,Ring Dip,Ring Dip,Ring Dip,Ring Dip,Ring Dip,リングディップ,Ring Dip,Ring Dip,,,,,,,,,
110,burpee,Burpee,Burpee,เบอร์พี,movement,hiit,hiit,hiit; conditioning,,,Bodyweight,,,full_body,full_body,,,chest; upperBack; abs; glutes; quads; triceps; calves,conditioning,conditioning_complex,interval,4,33,seconds,60,false,false,0,true,false,false,ankle_impact; knee_deep_flexion; knee_impact; wrist,2,2,none,minimal,false,,false,true,true,primary,4,false,standard_compound,internally_reviewed,,no,,,Any 10-min HIIT video,,Burpee,burpee,t25,,,Burpee,Burpee,Burpee,Burpee,Burpee,Burpee,ブルペ,Burpee,เบอร์พี,Any 10-min HIIT video,,,,,,,,
111,squat_thrust,Squat Thrust,Squat Thrust,Squat Thrust,movement,hiit,hiit,hiit; conditioning,,,Bodyweight,,,full_body,full_body,,,chest; upperBack; abs; glutes; quads,conditioning,conditioning_complex,interval,4,33,seconds,60,false,false,0,true,false,false,,1,2,none,minimal,false,,false,true,true,primary,3,false,standard_compound,internally_reviewed,,no,,,,A burpee without the jump or the push-up. The default when knees or wrists are flagged.,Squat Thrust,squat_thrust,t25,,,Squat Thrust,Squat Thrust,Squat Thrust,Squat Thrust,Squat Thrust,Squat Thrust,スクワットスラスト,Squat Thrust,Squat Thrust,,,,,,,,,
112,mountain_climber,Mountain Climber,Cățărătorul,เมาน์เทนไคลม์เบอร์,movement,hiit,hiit,hiit; conditioning,,,Bodyweight,,,core; hip_flexors; front_delts,core; hip_flexors,front_delts,,abs; obliques; frontDelts; quads,conditioning,conditioning_complex,interval,4,33,seconds,60,false,false,0,true,false,false,ankle_impact; knee_impact; wrist,1,2,none,minimal,false,,false,true,true,primary,3,false,standard_compound,internally_reviewed,,no,,,,,Mountain Climber,mountain_climber,t25,,,Mountain Climber,Mountain Climber,Mountain Climber,Mountain Climber,Mountain Climber,Mountain Climber,マウンテンクライマー,Cățărătorul,เมาน์เทนไคลม์เบอร์,,,,,,,,,
113,high_knees,High Knees,High Knees,High Knees,movement,hiit,hiit,hiit; conditioning,,,Bodyweight,,,hip_flexors; calves,hip_flexors; calves,,,calves,conditioning,conditioning_complex,interval,4,33,seconds,60,false,false,0,true,false,false,ankle_impact; knee_impact,1,2,none,minimal,false,,false,true,true,primary,3,false,standard_compound,internally_reviewed,,no,,,,,High Knees,high_knees,t25,,,High Knees,High Knees,High Knees,High Knees,High Knees,High Knees,高い膝,High Knees,High Knees,,,,,,,,,
114,marching_in_place,Marching in Place,Marching in Place,Marching in Place,movement,hiit,hiit,hiit; conditioning,,,Bodyweight,,,hip_flexors,hip_flexors,,,,conditioning,conditioning_complex,interval,4,45,seconds,60,false,false,0,true,false,false,,1,2,none,minimal,false,,false,true,true,primary,1,false,standard_compound,internally_reviewed,,no,,,,The low-impact HIIT substitute. Keeps the interval structure without the landing.,Marching in Place,marching_in_place,t25,,,Marching in Place,Marching in Place,Marching in Place,Marching in Place,Marching in Place,Marching in Place,開催場所,Marching in Place,Marching in Place,,,,,,,,,
115,jumping_jack,Jumping Jack,Jumping Jack,Jumping Jack,movement,hiit,hiit,hiit; conditioning,,,Bodyweight,,,full_body,full_body,,,chest; upperBack; abs; glutes; quads,conditioning,conditioning_complex,interval,4,45,seconds,60,false,false,0,true,false,false,ankle_impact; knee_impact,1,2,none,minimal,false,,false,true,true,primary,2,false,standard_compound,internally_reviewed,,no,,,,,Jumping Jack,jumping_jack,t25,,,Jumping Jack,Jumping Jack,Jumping Jack,Jumping Jack,Jumping Jack,Jumping Jack,ジャンプジャック,Jumping Jack,Jumping Jack,,,,,,,,,
116,box_jump,Box Jump,Sărituri pe cutie,บ็อกซ์จัมป์,movement,hiit,strength; hiit,strength; hiit,,,Plyo Box,plyo_box,,quadriceps; glutes; calves,quadriceps; glutes,calves,,quads; glutes; calves; hamstrings,plyometric,plyometric,contacts,4,5,reps,60,false,false,0,true,false,false,ankle_impact; knee_deep_flexion; knee_impact,3,2,high,minimal,true,,false,true,true,primary,3,false,standard_compound,internally_reviewed,,no,,,,"Stopped on landing quality, never on reps in reserve.",Box Jump,box_jump,t25,,,Box Jump,Box Jump,Box Jump,Box Jump,Box Jump,Box Jump,ボックスジャンプ,Sărituri pe cutie,บ็อกซ์จัมป์,,,,,,,,,
117,squat_jump,Squat Jump,Genuflexiuni cu săritură,จัมป์สควอต,movement,hiit,strength; hiit,strength; hiit,,,Bodyweight,,,quadriceps; glutes; calves,quadriceps; glutes,calves,,quads; glutes; calves; hamstrings,plyometric,plyometric,contacts,4,6,reps,60,false,false,0,true,false,false,ankle_impact; knee_impact,2,2,high,minimal,false,,false,true,true,primary,3,false,standard_compound,internally_reviewed,,no,,,,,Squat Jump,squat_jump,t25,,,Squat Jump,Squat Jump,Squat Jump,Squat Jump,Squat Jump,Squat Jump,スクワットジャンプ,Genuflexiuni cu săritură,จัมป์สควอต,,,,,,,,,
118,broad_jump,Broad Jump,Broad Jump,Broad Jump,movement,hiit,strength; hiit,strength,,,Floor Space,floor_space,,glutes; quadriceps; hamstrings,glutes; quadriceps,hamstrings,,glutes; quads; hamstrings,plyometric,plyometric,contacts,4,5,reps,60,false,false,0,true,false,false,ankle_impact; knee_impact,3,2,high,minimal,false,,false,true,true,primary,3,false,standard_compound,internally_reviewed,,no,,,,,Broad Jump,broad_jump,upper,,,Broad Jump,Broad Jump,Broad Jump,Broad Jump,Broad Jump,Broad Jump,ブロードジャンプ,Broad Jump,Broad Jump,,,,,,,,,
119,battle_ropes,Battle Ropes,Valuri cu frânghiile,แบทเทิลโรปเวฟ,movement,hiit,hiit,hiit; conditioning,,,Battle Ropes,battle_ropes,,front_delts; core; forearms,front_delts; core,forearms,,frontDelts; abs; obliques; forearms; sideDelts,conditioning,conditioning_complex,interval,4,30,seconds,60,false,false,0,true,false,false,,1,2,none,minimal,false,,false,true,true,primary,3,false,standard_compound,internally_reviewed,,no,,,,,Battle Ropes,battle_ropes,t25,,,Battle Ropes,Battle Ropes,Battle Ropes,Battle Ropes,Battle Ropes,Battle Ropes,バトルロープ,Valuri cu frânghiile,แบทเทิลโรปเวฟ,,,,,,,,,
120,downward_dog,Downward-Facing Dog,Downward-Facing Dog,Downward-Facing Dog,movement,mobility,yoga; mobility,yoga; mobility,,,Mat,mat,,hamstrings; lats; calves,hamstrings; lats,calves,,hamstrings; lats; calves,yoga_pose,yoga_pose,breath,2,45,seconds,15,false,false,0,true,false,false,ankle_dorsiflexion; wrist,1,2,none,minimal,false,,false,true,true,accessory,1,false,standard_compound,internally_reviewed,,no,,,,,Downward-Facing Dog,downward_dog,mobility,,,Downward-Facing Dog,Downward-Facing Dog,Downward-Facing Dog,Downward-Facing Dog,Downward-Facing Dog,Downward-Facing Dog,ダウンワードフィット犬,Downward-Facing Dog,Downward-Facing Dog,,,,,,,,,
121,childs_pose,Child's Pose,Child's Pose,Child's Pose,movement,mobility,yoga; mobility,yoga; mobility,,,Mat,mat,,lats; hips,lats,hips,,lats,yoga_pose,yoga_pose,breath,2,60,seconds,15,false,false,0,true,false,false,knee_deep_flexion,1,2,none,minimal,false,,false,true,true,accessory,1,false,standard_compound,internally_reviewed,,no,,,,,Child's Pose,childs_pose,mobility,,,Child's Pose,Child's Pose,Child's Pose,Child's Pose,Child's Pose,Child's Pose,子供のポーズ,Child's Pose,Child's Pose,,,,,,,,,
122,cat_cow,Cat-Cow,Mobilizare pisică-vacă,ท่าแมวสลับวัว,movement,mobility,yoga; mobility,yoga; mobility,,,Mat,mat,,erectors; core,erectors,core,,lowerBack; abs; obliques; upperBack,yoga_pose,yoga_pose,breath,2,10,reps,15,false,false,0,true,false,false,wrist,1,2,none,minimal,false,,false,true,true,accessory,1,false,standard_compound,internally_reviewed,,no,,,,,Cat-Cow,cat_cow,mobility,,,Cat-Cow,Cat-Cow,Cat-Cow,Cat-Cow,Cat-Cow,Cat-Cow,猫ちゃん,Mobilizare pisică-vacă,ท่าแมวสลับวัว,,,,,,,,,
123,cobra_pose,Cobra,Cobra,Cobra,movement,mobility,yoga; mobility,yoga; mobility,,,Mat,mat,,erectors; chest,erectors,chest,,lowerBack; chest,yoga_pose,yoga_pose,breath,2,33,seconds,15,false,false,0,true,false,false,lumbar_extension,1,2,none,minimal,false,,false,true,true,accessory,1,false,standard_compound,internally_reviewed,,no,,,,,Cobra,cobra_pose,mobility,,,Cobra,Cobra,Cobra,Cobra,Cobra,Cobra,コブラ,Cobra,Cobra,,,,,,,,,
124,warrior_two,Warrior II,Warrior II,Warrior II,movement,yoga,yoga,yoga,,,Mat,mat,,quadriceps; glutes; adductors,quadriceps; glutes,adductors,,quads; glutes; adductors,yoga_pose,yoga_pose,breath,2,45,seconds,15,true,false,0,true,false,false,,2,2,none,minimal,false,,false,true,true,accessory,2,false,standard_compound,internally_reviewed,,no,,,,,Warrior II,warrior_two,mobility,,,Warrior II,Warrior II,Warrior II,Warrior II,Warrior II,Warrior II,戦士II,Warrior II,Warrior II,,,,,,,,,
125,triangle_pose,Triangle Pose,Triangle Pose,Triangle Pose,movement,yoga,yoga,yoga,,,Mat,mat,,hamstrings; obliques,hamstrings; obliques,,,hamstrings; obliques,yoga_pose,yoga_pose,breath,2,45,seconds,15,true,false,0,true,false,false,,2,2,none,minimal,false,,false,true,true,accessory,1,false,standard_compound,internally_reviewed,,no,,,,,Triangle Pose,triangle_pose,mobility,,,Triangle Pose,Triangle Pose,Triangle Pose,Triangle Pose,Triangle Pose,Triangle Pose,トライアングルポーズ,Triangle Pose,Triangle Pose,,,,,,,,,
126,pigeon_pose,Pigeon Pose,Pigeon Pose,Pigeon Pose,movement,mobility,yoga; mobility,yoga; mobility,,,Mat,mat,,glutes; hips,glutes; hips,,,glutes,yoga_pose,yoga_pose,breath,2,68,seconds,15,true,false,0,true,false,false,hip_end_range; knee_deep_flexion,2,2,none,minimal,false,,false,true,true,accessory,1,false,standard_compound,internally_reviewed,,no,,,,,Pigeon Pose,pigeon_pose,mobility,,,Pigeon Pose,Pigeon Pose,Pigeon Pose,Pigeon Pose,Pigeon Pose,Pigeon Pose,ピジョンポーズ,Pigeon Pose,Pigeon Pose,,,,,,,,,
127,forward_fold,Standing Forward Fold,Standing Forward Fold,Standing Forward Fold,movement,mobility,yoga; mobility,yoga; mobility,,,Bodyweight,,,hamstrings,hamstrings,,,hamstrings,yoga_pose,yoga_pose,breath,2,45,seconds,15,false,false,0,true,false,false,lumbar_flexion,1,2,none,minimal,false,,false,true,true,accessory,1,false,standard_compound,internally_reviewed,,no,,,,,Standing Forward Fold,forward_fold,mobility,,,Standing Forward Fold,Standing Forward Fold,Standing Forward Fold,Standing Forward Fold,Standing Forward Fold,Standing Forward Fold,スタンドフォワードフォールド,Standing Forward Fold,Standing Forward Fold,,,,,,,,,
128,bridge_pose,Bridge Pose,Bridge Pose,Bridge Pose,movement,mobility,yoga; mobility,yoga; mobility,,,Mat,mat,,glutes; erectors,glutes,erectors,,glutes; lowerBack,yoga_pose,yoga_pose,breath,2,45,seconds,15,false,false,0,true,false,false,,1,2,none,minimal,false,,false,true,true,accessory,1,false,glute_lockout,internally_reviewed,,no,,,,,Bridge Pose,bridge_pose,mobility,,,Bridge Pose,Bridge Pose,Bridge Pose,Bridge Pose,Bridge Pose,Bridge Pose,ブリッジポーズ,Bridge Pose,Bridge Pose,,,,,,,,,
129,sun_salutation,Sun Salutation,Sun Salutation,Sun Salutation,movement,mobility,yoga; mobility,yoga; mobility,,,Mat,mat,,full_body,full_body,,,chest; upperBack; abs; glutes; quads,yoga_pose,yoga_pose,breath,2,7,minutes,15,false,false,0,true,false,false,wrist,2,2,none,minimal,false,,false,true,true,accessory,2,false,standard_compound,internally_reviewed,,no,,,,,Sun Salutation,sun_salutation,mobility,,,Sun Salutation,Sun Salutation,Sun Salutation,Sun Salutation,Sun Salutation,Sun Salutation,太陽の救助,Sun Salutation,Sun Salutation,,,,,,,,,
130,ninety_ninety_hip,90/90 Hip Mobility,Schimbare de șold 90/90,สลับสะโพก 90/90,movement,mobility,yoga; mobility,mobility; yoga,,,Mat,mat,,hips,hips,,,glutes; hamstrings,mobility,mobility_drill,quality,2,8,reps,15,true,false,0,true,false,false,hip_end_range,2,2,none,minimal,false,,false,true,true,accessory,1,false,standard_compound,internally_reviewed,,no,,,90/90 Hip Mobility,,90/90 Hip Mobility,ninety_ninety_hip,mobility,,,90/90 Hip Mobility,90/90 Hip Mobility,90/90 Hip Mobility,90/90 Hip Mobility,90/90 Hip Mobility,90/90 Hip Mobility,90/90 ヒップ モビリティ,Schimbare de șold 90/90,สลับสะโพก 90/90,90/90 Hip Mobility,,,,,,,,
131,figure_four_stretch,Figure-Four Stretch,Figure-Four Stretch,Figure-Four Stretch,movement,mobility,yoga; mobility,mobility; yoga,,,Bodyweight,,,glutes; hips,glutes; hips,,,glutes,mobility,mobility_drill,quality,2,45,seconds,15,true,false,0,true,false,false,hip_end_range,1,2,none,minimal,false,,false,true,true,accessory,1,false,standard_compound,internally_reviewed,,no,,,,,Figure-Four Stretch,figure_four_stretch,mobility,,,Figure-Four Stretch,Figure-Four Stretch,Figure-Four Stretch,Figure-Four Stretch,Figure-Four Stretch,Figure-Four Stretch,図4ストレッチ,Figure-Four Stretch,Figure-Four Stretch,,,,,,,,,
132,couch_stretch,Couch Stretch,Întindere couch,คาวช์สเตรตช์,movement,mobility,mobility,mobility,,,Wall,wall,,hip_flexors; quadriceps,hip_flexors; quadriceps,,,quads; glutes,mobility,mobility_drill,quality,2,68,seconds,15,true,false,0,true,false,false,hip_end_range; knee_deep_flexion,2,2,none,minimal,false,,false,true,true,accessory,1,false,standard_compound,internally_reviewed,,no,,,,,Couch Stretch,couch_stretch,mobility,,,Couch Stretch,Couch Stretch,Couch Stretch,Couch Stretch,Couch Stretch,Couch Stretch,カウチストレッチ,Întindere couch,คาวช์สเตรตช์,,,,,,,,,
133,hip_flexor_stretch,Hip Flexor Stretch,Hip Flexor Stretch,Hip Flexor Stretch,movement,mobility,yoga; mobility,mobility; yoga,,,Bodyweight,,,hip_flexors,hip_flexors,,,,mobility,mobility_drill,quality,2,45,seconds,15,true,false,0,true,false,false,,1,2,none,minimal,false,,false,true,true,accessory,1,false,standard_compound,internally_reviewed,,no,,,Hip Flexor + Lat Reset; Hip Flexor Mobility,,Hip Flexor Stretch,hip_flexor_stretch,mobility,,,Hip Flexor Stretch,Hip Flexor Stretch,Hip Flexor Stretch,Hip Flexor Stretch,Hip Flexor Stretch,Hip Flexor Stretch,ヒップフレックスストレッチ,Hip Flexor Stretch,Hip Flexor Stretch,Hip Flexor + Lat Reset; Hip Flexor Mobility,,,,,,,,
134,thoracic_extension,Thoracic Extension,Rotație toracică,หมุนกระดูกสันหลังช่วงอก,movement,mobility,mobility,mobility,,,Chair or Foam Roller,,chair | foam_roller,thoracic_spine,thoracic_spine,,,upperBack; obliques,mobility,mobility_drill,quality,2,68,seconds,15,false,false,0,true,false,false,,1,2,none,minimal,false,,false,true,true,accessory,1,false,standard_compound,internally_reviewed,,no,,,Breathing + Thoracic Reset; Thoracic Extension over chair edge,,Thoracic Extension,thoracic_extension,mobility,,,Thoracic Extension,Thoracic Extension,Thoracic Extension,Thoracic Extension,Thoracic Extension,Thoracic Extension,Thoracic延長,Rotație toracică,หมุนกระดูกสันหลังช่วงอก,Breathing + Thoracic Reset; Thoracic Extension over chair edge,,,,,,,,
135,wall_slide,Wall Slide,Wall Slide,Wall Slide,movement,mobility,mobility,mobility,,,Wall,wall,,lower_traps; rotator_cuff,lower_traps; rotator_cuff,,,,mobility,mobility_drill,quality,2,10,reps,15,false,false,0,true,false,false,,1,2,none,minimal,false,,false,true,true,accessory,1,false,standard_compound,internally_reviewed,,no,,,Wall Shoulder Slide,,Wall Slide,wall_slide,mobility,,,Wall Slide,Wall Slide,Wall Slide,Wall Slide,Wall Slide,Wall Slide,壁のスライド,Wall Slide,Wall Slide,Wall Shoulder Slide,,,,,,,,
136,mobility_flow,Sun Salutation A,Sun Salutation A,Sun Salutation A,movement,mobility,yoga; mobility,mobility; yoga,,,Bodyweight,,,full_body,full_body,,,chest; upperBack; abs; glutes; quads,mobility,movement_sequence,breath,1,9,minutes,15,false,false,0,true,false,false,,1,2,none,minimal,false,,false,true,true,accessory,1,false,standard_compound,internally_reviewed,,no,,,Functional stretch flow (saved YouTube favorite); Gentle Mobility Flow; Mobility Flow; Mobility Reset; Shoulder + Hip Mobility,"Was a category masquerading as a movement. It is now one named sequence with a defined order, which is the only form a generator can actually prescribe.",Sun Salutation A,mobility_flow,mobility,,,Sun Salutation A,Sun Salutation A,Sun Salutation A,Sun Salutation A,Sun Salutation A,Sun Salutation A,太陽の救助 A,Sun Salutation A,Sun Salutation A,Functional stretch flow (saved YouTube favorite); Gentle Mobility Flow; Mobility Flow; Mobility Reset; Shoulder + Hip Mobility,,,,,,,,
137,diaphragmatic_breathing,Diaphragmatic Breathing,Diaphragmatic Breathing,Diaphragmatic Breathing,movement,mobility,yoga; mobility,mobility; yoga,,,Bodyweight,,,diaphragm,diaphragm,,,,mobility,mobility_drill,quality,2,90,seconds,15,false,false,0,true,false,false,,1,2,none,minimal,false,,false,true,true,accessory,1,false,standard_compound,internally_reviewed,,no,,,,"Used to close a hard session, and as the first thing offered on a genuinely low-recovery day.",Diaphragmatic Breathing,diaphragmatic_breathing,mobility,,,Diaphragmatic Breathing,Diaphragmatic Breathing,Diaphragmatic Breathing,Diaphragmatic Breathing,Diaphragmatic Breathing,Diaphragmatic Breathing,ダイヤフラム性呼吸,Diaphragmatic Breathing,Diaphragmatic Breathing,,,,,,,,,
138,joint_circles,Controlled Articular Rotations,Mobilizare de gleznă,โยกข้อเท้าเพิ่มความคล่องตัว,movement,mobility,mobility,mobility,,,Bodyweight,,,full_body,full_body,,,chest; upperBack; abs; glutes; quads; calves,mobility,mobility_drill,quality,2,8,reps,15,true,false,0,true,false,false,,1,2,none,minimal,false,,false,true,true,accessory,1,false,standard_compound,internally_reviewed,,no,,,Big Hammer Loop; Pain-Free Joint Circles; Wrist Extensor Isometric,"The established name for slow end-range circles at one joint. Prescribed per joint, never as a vague whole-body instruction.",Controlled Articular Rotations,joint_circles,mobility,,,Controlled Articular Rotations,Controlled Articular Rotations,Controlled Articular Rotations,Controlled Articular Rotations,Controlled Articular Rotations,Controlled Articular Rotations,制御された関節の回転,Mobilizare de gleznă,โยกข้อเท้าเพิ่มความคล่องตัว,Big Hammer Loop; Pain-Free Joint Circles; Wrist Extensor Isometric,,,,,,,,
139,pec_deck,Pec Deck,Fluturări la pec deck,เครื่องบริหารอกเพ็กเด็ค,movement,machine,strength; machine,strength,,,Pec Deck Machine,pec_deck_machine,,chest,chest,,,chest; frontDelts,isolation_upper,resistance_dynamic,tempo_reps,3,13,reps,60,false,true,2.5,true,false,false,shoulder_press,1,1,none,minimal,false,,false,true,true,accessory,2,true,single_joint,internally_reviewed,,no,,,,,Pec Deck,pec_deck,upper,,,Pec Deck,Pec Deck,Pec Deck,Pec Deck,Pec Deck,Pec Deck,Pecのデッキ,Fluturări la pec deck,เครื่องบริหารอกเพ็กเด็ค,,,,,,,,,
140,incline_chest_press_machine,Incline Chest Press Machine,Incline Chest Press Machine,Incline Chest Press Machine,movement,machine,strength; machine,strength,,,Chest Press Machine,chest_press_machine,,chest; front_delts; triceps,chest; front_delts,triceps,,chest; frontDelts; triceps,horizontal_push,resistance_dynamic,tempo_reps,4,10,reps,90,false,true,2.5,true,false,false,,1,1,none,minimal,false,,false,true,true,primary,3,true,standard_compound,internally_reviewed,,no,,,,,Incline Chest Press Machine,incline_chest_press_machine,push,,,Incline Chest Press Machine,Incline Chest Press Machine,Incline Chest Press Machine,Incline Chest Press Machine,Incline Chest Press Machine,Incline Chest Press Machine,インラインチェストプレス機,Incline Chest Press Machine,Incline Chest Press Machine,,,,,,,,,
141,converging_row_machine,Converging Row Machine,Converging Row Machine,Converging Row Machine,movement,machine,strength; machine,strength,,,Row Machine,row_machine,,lats; upper_back; biceps,lats; upper_back,biceps,,lats; upperBack; biceps,horizontal_pull,resistance_dynamic,tempo_reps,4,10,reps,60,false,true,2.5,true,false,false,,1,1,none,minimal,false,,false,true,true,primary,2,true,standard_compound,internally_reviewed,,no,,,,,Converging Row Machine,converging_row_machine,pull,,,Converging Row Machine,Converging Row Machine,Converging Row Machine,Converging Row Machine,Converging Row Machine,Converging Row Machine,コンバージング・ロウ・マシン,Converging Row Machine,Converging Row Machine,,,,,,,,,
142,straight_arm_pulldown,Straight-Arm Pulldown,Straight-Arm Pulldown,Straight-Arm Pulldown,movement,machine,strength; machine,strength,,,Cable Stack,cable_stack,,lats,lats,,,lats,isolation_upper,resistance_dynamic,tempo_reps,3,15,reps,60,false,true,1,true,false,false,,2,2,none,minimal,false,,false,true,true,accessory,2,true,single_joint,internally_reviewed,,no,,,,,Straight-Arm Pulldown,straight_arm_pulldown,upper,,,Straight-Arm Pulldown,Straight-Arm Pulldown,Straight-Arm Pulldown,Straight-Arm Pulldown,Straight-Arm Pulldown,Straight-Arm Pulldown,ストレートアームプルダウン,Straight-Arm Pulldown,Straight-Arm Pulldown,,,,,,,,,
143,pullover_machine,Pullover Machine,Pullover Machine,Pullover Machine,movement,machine,strength; machine,strength,,,Pullover Machine,pullover_machine,,lats; chest,lats,chest,,lats; chest,isolation_upper,resistance_dynamic,tempo_reps,3,13,reps,60,false,true,2.5,true,false,false,,1,1,none,minimal,false,,false,true,true,accessory,2,true,single_joint,internally_reviewed,,no,,,,,Pullover Machine,pullover_machine,upper,,,Pullover Machine,Pullover Machine,Pullover Machine,Pullover Machine,Pullover Machine,Pullover Machine,プルオーバーマシン,Pullover Machine,Pullover Machine,,,,,,,,,
144,assisted_pull_up_machine,Assisted Pull-Up Machine,Assisted Pull-Up Machine,Assisted Pull-Up Machine,movement,machine,strength; machine,strength,,,Assisted Pull Up Machine,assisted_pull_up_machine,,lats; biceps,lats,biceps,,lats; biceps,vertical_pull,resistance_dynamic,tempo_reps,4,9,reps,60,false,true,2.5,true,false,false,,1,2,none,minimal,false,,false,true,true,primary,2,true,standard_compound,internally_reviewed,,no,,,,"Counterweight rises as you get weaker, which is the opposite of what a band does. Both are honest bridges to a pull-up.",Assisted Pull-Up Machine,assisted_pull_up_machine,pull,,,Assisted Pull-Up Machine,Assisted Pull-Up Machine,Assisted Pull-Up Machine,Assisted Pull-Up Machine,Assisted Pull-Up Machine,Assisted Pull-Up Machine,アシストプルアップマシン,Assisted Pull-Up Machine,Assisted Pull-Up Machine,,,,,,,,,
145,preacher_curl_machine,Preacher Curl Machine,Flexii la banca Scott cu bara dreaptă,พรีชเชอร์เคิร์ลด้วยบาร์ตรง,movement,machine,strength; machine,strength,,,Preacher Curl Machine,preacher_curl_machine,,biceps,biceps,,,biceps; forearms,isolation_upper,resistance_dynamic,tempo_reps,3,13,reps,60,false,true,2.5,true,false,false,elbow,1,1,none,minimal,false,,false,true,true,accessory,1,true,single_joint,internally_reviewed,,no,,,preacher curls straight barbell,,Preacher Curl Machine,preacher_curl_machine,upper,flexii scott; biceps banca scott,,Preacher Curl Machine,Preacher Curl Machine,Preacher Curl Machine,Preacher Curl Machine,Preacher Curl Machine,Preacher Curl Machine,Preacherのカール機械,Flexii la banca Scott cu bara dreaptă,พรีชเชอร์เคิร์ลด้วยบาร์ตรง,preacher curls straight barbell,,,,,,,flexii scott; biceps banca scott,
146,triceps_pushdown,Triceps Pushdown,Extensii triceps la scripete,กดไตรเซ็ปส์ด้วยเคเบิล,movement,machine,strength; machine,strength,,,Cable Stack,cable_stack,,triceps,triceps,,,triceps,isolation_upper,resistance_dynamic,tempo_reps,3,13,reps,60,false,true,1,true,false,false,elbow,1,2,none,minimal,false,,false,true,true,accessory,1,true,single_joint,internally_reviewed,,no,,,Cable Triceps Extension; cable_triceps_extension,,Triceps Pushdown,triceps_pushdown,upper,,,Triceps Pushdown,Triceps Pushdown,Triceps Pushdown,Triceps Pushdown,Triceps Pushdown,Triceps Pushdown,Triceps プッシュダウン,Extensii triceps la scripete,กดไตรเซ็ปส์ด้วยเคเบิล,Cable Triceps Extension; cable_triceps_extension,,,,,,,,
147,dip_machine,Seated Dip Machine,Seated Dip Machine,Seated Dip Machine,movement,machine,strength; machine,strength,,,Dip Machine,dip_machine,,triceps; chest,triceps,chest,,triceps; chest,isolation_upper,resistance_dynamic,tempo_reps,3,13,reps,60,false,true,2.5,true,false,false,,1,1,none,minimal,false,,false,true,true,accessory,2,true,single_joint,internally_reviewed,,no,,,,,Seated Dip Machine,dip_machine,upper,,,Seated Dip Machine,Seated Dip Machine,Seated Dip Machine,Seated Dip Machine,Seated Dip Machine,Seated Dip Machine,シートディップマシン,Seated Dip Machine,Seated Dip Machine,,,,,,,,,
148,shrug,Dumbbell Shrug,Ridicări din umeri cu bara,ยักไหล่ด้วยบาร์เบล,movement,weights,strength; weights,strength,,,Dumbbells,dumbbells,,traps,traps,,,neckTraps; forearms,isolation_upper,resistance_dynamic,tempo_reps,3,13,reps,60,false,true,2,true,false,false,,1,2,none,minimal,false,,false,true,true,accessory,2,true,single_joint,internally_reviewed,,no,,,trap shrug,"Named by the implement, because a barbell shrug and a trap-bar shrug load the traps at different angles.",Dumbbell Shrug,shrug,upper,trapez; ridicari trapez,,Dumbbell Shrug,Dumbbell Shrug,Dumbbell Shrug,Dumbbell Shrug,Dumbbell Shrug,Dumbbell Shrug,ダンベルシュラグ,Ridicări din umeri cu bara,ยักไหล่ด้วยบาร์เบล,trap shrug,,,,,,,trapez; ridicari trapez,
149,upright_row,Cable Upright Row,Cable Upright Row,Cable Upright Row,movement,machine,strength; machine,strength,,,Cable Stack,cable_stack,,side_delts; traps,side_delts; traps,,,sideDelts; neckTraps,isolation_upper,resistance_dynamic,tempo_reps,3,13,reps,60,false,true,1,true,false,false,shoulder_overhead,2,2,none,minimal,false,,false,true,true,accessory,2,true,lateral_delt,internally_reviewed,,no,,,,,Cable Upright Row,upright_row,upper,,,Cable Upright Row,Cable Upright Row,Cable Upright Row,Cable Upright Row,Cable Upright Row,Cable Upright Row,ケーブル直立列,Cable Upright Row,Cable Upright Row,,,,,,,,,
150,machine_lateral_raise,Machine Lateral Raise,Machine Lateral Raise,Machine Lateral Raise,movement,machine,strength; machine,strength,,,Lateral Raise Machine,lateral_raise_machine,,side_delts,side_delts,,,sideDelts,isolation_upper,resistance_dynamic,tempo_reps,3,15,reps,60,false,true,2.5,true,false,false,shoulder_overhead,1,1,none,minimal,false,,false,true,true,accessory,1,true,lateral_delt,internally_reviewed,,no,,,,,Machine Lateral Raise,machine_lateral_raise,upper,,,Machine Lateral Raise,Machine Lateral Raise,Machine Lateral Raise,Machine Lateral Raise,Machine Lateral Raise,Machine Lateral Raise,マシン横上げ,Machine Lateral Raise,Machine Lateral Raise,,,,,,,,,
151,hip_adduction,Hip Adduction Machine,Aductori la aparat,เครื่องหุบสะโพก,movement,machine,strength; machine,strength,,,Adduction Machine,adduction_machine,,adductors,adductors,,,adductors,isolation_lower,resistance_dynamic,tempo_reps,3,16,reps,60,false,true,2.5,true,false,false,,1,1,none,minimal,false,,false,true,true,accessory,1,true,adductor,internally_reviewed,,no,,,Cable Hip Adduction; adductors; inner thigh; inner thigh cable,,Hip Adduction Machine,hip_adduction,legs_a,aductori; adductori; interior coapse; Aductori la cablu; aductori cablu,หุบขาด้วยเคเบิล,Hip Adduction Machine,Hip Adduction Machine,Hip Adduction Machine,Hip Adduction Machine,Hip Adduction Machine,Hip Adduction Machine,ヒップのadduction機械,Aductori la aparat,เครื่องหุบสะโพก,Cable Hip Adduction; adductors; inner thigh; inner thigh cable,,,,,,,aductori; adductori; interior coapse; Aductori la cablu; aductori cablu,หุบขาด้วยเคเบิล
152,copenhagen_plank,Copenhagen Plank,Planșă Copenhagen pentru aductori,โคเปนเฮเกนแพลงก์,movement,strength,strength,strength,,,Bench,bench,,adductors; core,adductors,core,,adductors; abs; obliques,isolation_lower,resistance_isometric,hold,3,23,seconds,60,true,false,0,true,false,false,,3,2,none,minimal,false,,false,true,true,accessory,2,false,adductor,internally_reviewed,,no,,,adductors; inner thigh,,Copenhagen Plank,copenhagen_plank,legs_a,aductori; adductori; plansa aductori,,Copenhagen Plank,Copenhagen Plank,Copenhagen Plank,Copenhagen Plank,Copenhagen Plank,Copenhagen Plank,コペンハーゲン プランク,Planșă Copenhagen pentru aductori,โคเปนเฮเกนแพลงก์,adductors; inner thigh,,,,,,,aductori; adductori; plansa aductori,
153,cable_kickback,Cable Glute Kickback,Extensii pentru fesieri la aparat,เครื่องเตะขาไปด้านหลัง,movement,machine,strength; machine,strength,,,Cable Stack,cable_stack,,glutes,glutes,,,glutes; hamstrings,isolation_lower,resistance_dynamic,tempo_reps,3,15,reps,60,true,true,1,true,false,false,,2,2,none,minimal,false,,false,true,true,accessory,1,true,glute_lockout,internally_reviewed,,no,,,,,Cable Glute Kickback,cable_kickback,legs_a,,,Cable Glute Kickback,Cable Glute Kickback,Cable Glute Kickback,Cable Glute Kickback,Cable Glute Kickback,Cable Glute Kickback,ケーブルグルートキックバック,Extensii pentru fesieri la aparat,เครื่องเตะขาไปด้านหลัง,,,,,,,,,
154,cable_pull_through,Cable Pull-Through,Cable Pull-Through,Cable Pull-Through,movement,machine,strength; machine,strength,,,Cable Stack,cable_stack,,glutes; hamstrings,glutes,hamstrings,,glutes; hamstrings,hip_hinge,resistance_dynamic,tempo_reps,4,15,reps,60,false,true,2.5,true,false,false,,2,2,none,minimal,false,,false,true,true,primary,2,true,glute_lockout,internally_reviewed,,yes,already_canonical,Cable Pull-through,,"A hinge with the load pulling backwards rather than down, which spares the lower back.",Cable Pull-Through,cable_pull_through,legs_a,,,Cable Pull-Through,Cable Pull-Through,Cable Pull-Through,Cable Pull-Through,Cable Pull-Through,Cable Pull-Through,ケーブル プル棚,Cable Pull-Through,Cable Pull-Through,,,,,,,,,
155,belt_squat,Belt Squat,Belt Squat,Belt Squat,movement,machine,strength; machine,strength,,,Belt Squat Machine,belt_squat_machine,,quadriceps; glutes,quadriceps; glutes,,,quads; glutes,squat,resistance_dynamic,tempo_reps,4,12,reps,90,false,true,5,true,false,false,,2,1,none,minimal,false,,false,true,true,primary,3,true,standard_compound,internally_reviewed,,no,,,,"Loads the legs with nothing on the spine, so it survives most lumbar restrictions.",Belt Squat,belt_squat,legs_b,,,Belt Squat,Belt Squat,Belt Squat,Belt Squat,Belt Squat,Belt Squat,ベルトスクワット,Belt Squat,Belt Squat,,,,,,,,,
156,pendulum_squat,Pendulum Squat,Pendulum Squat,Pendulum Squat,movement,machine,strength; machine,strength,,,Pendulum Squat Machine,pendulum_squat_machine,,quadriceps; glutes,quadriceps,glutes,,quads; glutes,squat,resistance_dynamic,tempo_reps,4,10,reps,120,false,true,5,true,false,false,hip_deep_flexion; knee_deep_flexion,1,1,none,minimal,false,,false,true,true,primary,4,true,standard_compound,internally_reviewed,,no,,,,,Pendulum Squat,pendulum_squat,legs_b,,,Pendulum Squat,Pendulum Squat,Pendulum Squat,Pendulum Squat,Pendulum Squat,Pendulum Squat,ペンデュラムスクワット,Pendulum Squat,Pendulum Squat,,,,,,,,,
157,calf_press_leg_press,Calf Press on Leg Press,Gambe la presă,เขย่งน่องบนเลกเพรส,movement,machine,strength; machine,strength,,,Leg Press Machine,leg_press_machine,,calves,calves,,,calves,calf,resistance_dynamic,tempo_reps,3,13,reps,60,false,true,5,true,false,false,ankle_loaded,1,2,none,minimal,false,,false,true,true,accessory,1,true,calf_gastroc,internally_reviewed,,no,,,calves; leg press calf raise,,Calf Press on Leg Press,calf_press_leg_press,legs_b,gambe; gambe presa,,Calf Press on Leg Press,Calf Press on Leg Press,Calf Press on Leg Press,Calf Press on Leg Press,Calf Press on Leg Press,Calf Press on Leg Press,脚圧のカーフプレス,Gambe la presă,เขย่งน่องบนเลกเพรส,calves; leg press calf raise,,,,,,,gambe; gambe presa,
158,machine_crunch,Machine Crunch,Abdomene la aparat,ครันช์หน้าท้องด้วยเครื่อง,movement,machine,strength; machine,strength,,,Ab Machine,ab_machine,,core,core,,,abs; obliques,core_flexion,resistance_dynamic,tempo_reps,4,15,reps,60,false,true,2.5,true,false,false,lumbar_flexion,1,1,none,minimal,false,,false,true,true,primary,1,true,core_braced,internally_reviewed,,no,,,abs; abdominals,,Machine Crunch,machine_crunch,upper,abdomene; abdomen; abdominali,,Machine Crunch,Machine Crunch,Machine Crunch,Machine Crunch,Machine Crunch,Machine Crunch,マシン クランチ,Abdomene la aparat,ครันช์หน้าท้องด้วยเครื่อง,abs; abdominals,,,,,,,abdomene; abdomen; abdominali,
159,cable_crunch,Cable Crunch,Abdomene la cablu,ครันช์หน้าท้องด้วยเคเบิล,movement,machine,strength; machine,strength,,,Cable Stack,cable_stack,,core,core,,,abs; obliques,core_flexion,resistance_dynamic,tempo_reps,4,15,reps,60,false,true,2.5,true,false,false,lumbar_flexion,2,2,none,minimal,false,,false,true,true,primary,1,true,core_braced,internally_reviewed,,no,,,abs; abdominals,,Cable Crunch,cable_crunch,upper,abdomene; abdomen; abdominali; abdomene cablu,,Cable Crunch,Cable Crunch,Cable Crunch,Cable Crunch,Cable Crunch,Cable Crunch,ケーブル クランチ,Abdomene la cablu,ครันช์หน้าท้องด้วยเคเบิล,abs; abdominals,,,,,,,abdomene; abdomen; abdominali; abdomene cablu,
160,back_extension_machine,Back Extension Machine,Back Extension Machine,Back Extension Machine,movement,machine,strength; machine,strength,,,Back Extension Machine,back_extension_machine,,erectors; glutes,erectors,glutes,,lowerBack; glutes,hip_hinge,resistance_dynamic,tempo_reps,4,15,reps,60,false,true,2.5,true,false,false,,1,1,none,minimal,false,,false,true,true,primary,2,true,spinal_erector,internally_reviewed,,no,,,,,Back Extension Machine,back_extension_machine,legs_a,,,Back Extension Machine,Back Extension Machine,Back Extension Machine,Back Extension Machine,Back Extension Machine,Back Extension Machine,バックエクステンションマシン,Back Extension Machine,Back Extension Machine,,,,,,,,,
161,hip_thrust_smith,Smith Machine Hip Thrust,Smith Machine Hip Thrust,Smith Machine Hip Thrust,movement,machine,strength; machine,strength,,,Smith Machine · Bench,smith_machine; bench,,glutes; hamstrings,glutes,hamstrings,,glutes; hamstrings,hip_hinge,resistance_dynamic,tempo_reps,4,10,reps,90,false,true,2.5,true,false,false,,2,2,none,minimal,false,,false,true,true,primary,3,true,glute_lockout,internally_reviewed,,yes,already_canonical,Smith Machine Hip Thrust,,,Smith Machine Hip Thrust,hip_thrust_smith,legs_a,,,Smith Machine Hip Thrust,Smith Machine Hip Thrust,Smith Machine Hip Thrust,Smith Machine Hip Thrust,Smith Machine Hip Thrust,Smith Machine Hip Thrust,スミスマシンヒップスラスト,Smith Machine Hip Thrust,Smith Machine Hip Thrust,,,,,,,,,
162,landmine_row,Landmine Row,Landmine Row,Landmine Row,movement,weights,strength; weights,strength,,,Landmine · Barbell,landmine; barbell,,lats; upper_back; biceps,lats; upper_back,biceps,,lats; upperBack; biceps,horizontal_pull,resistance_dynamic,tempo_reps,4,10,reps,90,false,true,2.5,true,false,false,,2,2,none,minimal,false,,false,true,true,primary,3,true,standard_compound,internally_reviewed,,no,,,,,Landmine Row,landmine_row,pull,,,Landmine Row,Landmine Row,Landmine Row,Landmine Row,Landmine Row,Landmine Row,ランドミン・ロウ,Landmine Row,Landmine Row,,,,,,,,,
163,landmine_squat,Landmine Squat,Landmine Squat,Landmine Squat,movement,weights,strength; weights,strength,,,Landmine · Barbell,landmine; barbell,,quadriceps; glutes,quadriceps; glutes,,,quads; glutes,squat,resistance_dynamic,tempo_reps,4,10,reps,90,false,true,2.5,true,false,false,,2,2,none,minimal,false,,false,true,true,primary,3,true,standard_compound,internally_reviewed,,yes,already_canonical,Landmine Squat,,,Landmine Squat,landmine_squat,legs_b,,,Landmine Squat,Landmine Squat,Landmine Squat,Landmine Squat,Landmine Squat,Landmine Squat,ランドミンスクワット,Landmine Squat,Landmine Squat,,,,,,,,,
164,pilates_hundred,The Hundred,The Hundred,The Hundred,movement,pilates,pilates,pilates,,,Mat,mat,,core; hip_flexors,core,hip_flexors,,abs; obliques,core_anti_extension,resistance_isometric,hold,4,73,seconds,60,false,false,0,true,false,false,lumbar_flexion,2,2,none,minimal,false,,false,true,true,primary,2,false,core_braced,internally_reviewed,,no,,,,,The Hundred,pilates_hundred,mobility,,,The Hundred,The Hundred,The Hundred,The Hundred,The Hundred,The Hundred,数百人,The Hundred,The Hundred,,,,,,,,,
165,pilates_roll_up,Roll-Up,Roll-Up,Roll-Up,movement,pilates,pilates,pilates,,,Mat,mat,,core,core,,,abs; obliques,core_flexion,resistance_dynamic,tempo_reps,4,8,reps,60,false,false,0,true,false,false,lumbar_flexion,3,2,none,minimal,false,,false,true,true,primary,2,true,core_braced,internally_reviewed,,no,,,,,Roll-Up,pilates_roll_up,mobility,,,Roll-Up,Roll-Up,Roll-Up,Roll-Up,Roll-Up,Roll-Up,ロールアップ,Roll-Up,Roll-Up,,,,,,,,,
166,pilates_single_leg_circle,Single Leg Circles,Single Leg Circles,Single Leg Circles,movement,mobility,pilates; mobility,pilates; mobility,,,Mat,mat,,hips; core,hips,core,,abs; obliques,mobility,mobility_drill,quality,2,7,reps,15,true,false,0,true,false,false,,2,2,none,minimal,false,,false,true,true,accessory,1,false,standard_compound,internally_reviewed,,no,,,,,Single Leg Circles,pilates_single_leg_circle,mobility,,,Single Leg Circles,Single Leg Circles,Single Leg Circles,Single Leg Circles,Single Leg Circles,Single Leg Circles,シングルレッグサークル,Single Leg Circles,Single Leg Circles,,,,,,,,,
167,pilates_single_leg_stretch,Single Leg Stretch,Single Leg Stretch,Single Leg Stretch,movement,pilates,pilates,pilates,,,Mat,mat,,core; hip_flexors,core,hip_flexors,,abs; obliques,core_flexion,resistance_dynamic,tempo_reps,4,10,reps,60,true,false,0,true,false,false,lumbar_flexion,2,2,none,minimal,false,,false,true,true,primary,2,true,core_braced,internally_reviewed,,no,,,,,Single Leg Stretch,pilates_single_leg_stretch,mobility,,,Single Leg Stretch,Single Leg Stretch,Single Leg Stretch,Single Leg Stretch,Single Leg Stretch,Single Leg Stretch,単一の足の伸張,Single Leg Stretch,Single Leg Stretch,,,,,,,,,
168,pilates_double_leg_stretch,Double Leg Stretch,Double Leg Stretch,Double Leg Stretch,movement,pilates,pilates,pilates,,,Mat,mat,,core,core,,,abs; obliques,core_anti_extension,resistance_dynamic,tempo_reps,4,8,reps,60,false,false,0,true,false,false,lumbar_flexion,3,2,none,minimal,false,,false,true,true,primary,2,true,core_braced,internally_reviewed,,no,,,,,Double Leg Stretch,pilates_double_leg_stretch,mobility,,,Double Leg Stretch,Double Leg Stretch,Double Leg Stretch,Double Leg Stretch,Double Leg Stretch,Double Leg Stretch,ダブルレッグストレッチ,Double Leg Stretch,Double Leg Stretch,,,,,,,,,
169,pilates_scissors,Pilates Scissors,Pilates Scissors,Pilates Scissors,movement,pilates,pilates,pilates,,,Mat,mat,,core; hamstrings,core,hamstrings,,abs; obliques; hamstrings,core_anti_extension,resistance_dynamic,tempo_reps,4,8,reps,60,true,false,0,true,false,false,,2,2,none,minimal,false,,false,true,true,primary,2,true,core_braced,internally_reviewed,,no,,,,,Pilates Scissors,pilates_scissors,mobility,,,Pilates Scissors,Pilates Scissors,Pilates Scissors,Pilates Scissors,Pilates Scissors,Pilates Scissors,ピラティス,Pilates Scissors,Pilates Scissors,,,,,,,,,
170,pilates_teaser,Teaser,Teaser,Teaser,movement,pilates,pilates,pilates,,,Mat,mat,,core; hip_flexors,core,hip_flexors,,abs; obliques,core_flexion,resistance_dynamic,tempo_reps,4,6,reps,90,false,false,0,true,false,false,lumbar_flexion,4,2,none,minimal,false,,false,true,false,primary,3,true,core_braced,internally_reviewed,,no,,,,,Teaser,pilates_teaser,mobility,,,Teaser,Teaser,Teaser,Teaser,Teaser,Teaser,ティーザー,Teaser,Teaser,,,,,,,,,
171,pilates_swan,Swan,Swan,Swan,movement,mobility,pilates; mobility,pilates; mobility,,,Mat,mat,,erectors; chest,erectors,chest,,lowerBack; chest,mobility,mobility_drill,quality,2,8,reps,15,false,false,0,true,false,false,lumbar_extension,2,2,none,minimal,false,,false,true,true,accessory,1,false,standard_compound,internally_reviewed,,no,,,,,Swan,pilates_swan,mobility,,,Swan,Swan,Swan,Swan,Swan,Swan,スワン,Swan,Swan,,,,,,,,,
172,pilates_saw,Saw,Saw,Saw,movement,mobility,pilates; mobility,pilates; mobility,,,Mat,mat,,obliques; hamstrings,obliques; hamstrings,,,obliques; hamstrings,mobility,mobility_drill,quality,2,7,reps,15,true,false,0,true,false,false,,2,2,none,minimal,false,,false,true,true,accessory,1,false,standard_compound,internally_reviewed,,no,,,,,Saw,pilates_saw,mobility,,,Saw,Saw,Saw,Saw,Saw,Saw,ツイート,Saw,Saw,,,,,,,,,
173,pilates_spine_stretch,Spine Stretch Forward,Spine Stretch Forward,Spine Stretch Forward,movement,mobility,pilates; mobility,pilates; mobility,,,Mat,mat,,erectors; hamstrings,erectors; hamstrings,,,lowerBack; hamstrings,mobility,mobility_drill,quality,2,7,reps,15,false,false,0,true,false,false,,1,2,none,minimal,false,,false,true,true,accessory,1,false,standard_compound,internally_reviewed,,no,,,,,Spine Stretch Forward,pilates_spine_stretch,mobility,,,Spine Stretch Forward,Spine Stretch Forward,Spine Stretch Forward,Spine Stretch Forward,Spine Stretch Forward,Spine Stretch Forward,Spineストレッチフォワード,Spine Stretch Forward,Spine Stretch Forward,,,,,,,,,
174,pilates_side_kick,Side Kick Series,Side Kick Series,Side Kick Series,movement,pilates,pilates,pilates,,,Mat,mat,,glute_medius; core,glute_medius,core,,glutes; abs; obliques,isolation_lower,resistance_dynamic,tempo_reps,3,13,reps,60,true,false,0,true,false,false,,2,2,none,minimal,false,,false,true,true,accessory,1,true,glute_lockout,internally_reviewed,,no,,,,,Side Kick Series,pilates_side_kick,mobility,,,Side Kick Series,Side Kick Series,Side Kick Series,Side Kick Series,Side Kick Series,Side Kick Series,サイドキックシリーズ,Side Kick Series,Side Kick Series,,,,,,,,,
175,pilates_clam,Clam,Clam,Clam,movement,pilates,pilates,pilates,,,Mat,mat,,glute_medius,glute_medius,,,glutes,isolation_lower,resistance_dynamic,tempo_reps,3,16,reps,60,true,false,0,true,false,false,,1,2,none,minimal,false,,false,true,true,accessory,1,true,glute_lockout,internally_reviewed,,no,,,,,Clam,pilates_clam,mobility,,,Clam,Clam,Clam,Clam,Clam,Clam,クラム,Clam,Clam,,,,,,,,,
176,pilates_swimming,Pilates Swimming,Pilates Swimming,Pilates Swimming,movement,pilates,pilates,pilates,,,Mat,mat,,erectors; glutes,erectors; glutes,,,lowerBack; glutes,core_anti_extension,resistance_isometric,hold,4,33,seconds,60,false,false,0,true,false,false,lumbar_extension,2,2,none,minimal,false,,false,true,true,primary,2,false,core_braced,internally_reviewed,,no,,,,,Pilates Swimming,pilates_swimming,mobility,,,Pilates Swimming,Pilates Swimming,Pilates Swimming,Pilates Swimming,Pilates Swimming,Pilates Swimming,ピラティス水泳,Pilates Swimming,Pilates Swimming,,,,,,,,,
177,reformer_footwork,Reformer Footwork,Reformer Footwork,Reformer Footwork,movement,machine,pilates; machine,pilates,,,Reformer,reformer,,quadriceps; glutes; calves,quadriceps; glutes,calves,,quads; glutes; calves,squat,resistance_dynamic,tempo_reps,4,15,reps,60,false,true,0,true,false,false,,2,2,none,minimal,false,,false,true,true,primary,2,true,standard_compound,internally_reviewed,,no,,,,,Reformer Footwork,reformer_footwork,mobility,,,Reformer Footwork,Reformer Footwork,Reformer Footwork,Reformer Footwork,Reformer Footwork,Reformer Footwork,Reformer フットワーク,Reformer Footwork,Reformer Footwork,,,,,,,,,
178,reformer_long_stretch,Reformer Long Stretch,Reformer Long Stretch,Reformer Long Stretch,movement,machine,pilates; machine,pilates,,,Reformer,reformer,,core; front_delts; lats,core,front_delts; lats,,abs; obliques; frontDelts; lats,core_anti_extension,resistance_dynamic,tempo_reps,4,8,reps,90,false,false,0,true,false,false,,4,4,none,minimal,false,,false,true,false,primary,3,true,core_braced,internally_reviewed,,no,,,,,Reformer Long Stretch,reformer_long_stretch,mobility,,,Reformer Long Stretch,Reformer Long Stretch,Reformer Long Stretch,Reformer Long Stretch,Reformer Long Stretch,Reformer Long Stretch,Reformerの長い伸張,Reformer Long Stretch,Reformer Long Stretch,,,,,,,,,
179,reformer_elephant,Reformer Elephant,Reformer Elephant,Reformer Elephant,movement,machine,pilates; mobility; machine,pilates; mobility,,,Reformer,reformer,,hamstrings; core; lats,hamstrings; core,lats,,hamstrings; abs; obliques; lats,mobility,mobility_drill,quality,2,9,reps,15,false,false,0,true,false,false,,3,2,none,minimal,false,,false,true,true,accessory,2,false,standard_compound,internally_reviewed,,no,,,,,Reformer Elephant,reformer_elephant,mobility,,,Reformer Elephant,Reformer Elephant,Reformer Elephant,Reformer Elephant,Reformer Elephant,Reformer Elephant,レフォーマーエレファント,Reformer Elephant,Reformer Elephant,,,,,,,,,
180,reformer_knee_stretch,Reformer Knee Stretch,Reformer Knee Stretch,Reformer Knee Stretch,movement,machine,pilates; machine,pilates,,,Reformer,reformer,,core; hip_flexors,core,hip_flexors,,abs; obliques,core_flexion,resistance_dynamic,tempo_reps,4,10,reps,60,false,false,0,true,false,false,,3,2,none,minimal,false,,false,true,true,primary,2,true,core_braced,internally_reviewed,,no,,,,,Reformer Knee Stretch,reformer_knee_stretch,mobility,,,Reformer Knee Stretch,Reformer Knee Stretch,Reformer Knee Stretch,Reformer Knee Stretch,Reformer Knee Stretch,Reformer Knee Stretch,Reformer Kneeストレッチ,Reformer Knee Stretch,Reformer Knee Stretch,,,,,,,,,
181,reformer_short_box,Reformer Short Box,Reformer Short Box,Reformer Short Box,movement,machine,pilates; machine,pilates,,,Reformer,reformer,,core; erectors,core,erectors,,abs; obliques; lowerBack,core_flexion,resistance_dynamic,tempo_reps,4,8,reps,60,false,false,0,true,false,false,lumbar_flexion,3,2,none,minimal,false,,false,true,true,primary,2,true,core_braced,internally_reviewed,,no,,,,,Reformer Short Box,reformer_short_box,mobility,,,Reformer Short Box,Reformer Short Box,Reformer Short Box,Reformer Short Box,Reformer Short Box,Reformer Short Box,レフォーマーショートボックス,Reformer Short Box,Reformer Short Box,,,,,,,,,
182,reformer_mermaid,Reformer Mermaid,Reformer Mermaid,Reformer Mermaid,movement,machine,pilates; mobility; machine,pilates; mobility,,,Reformer,reformer,,obliques; lats,obliques,lats,,obliques; lats,mobility,mobility_drill,quality,2,30,seconds,15,true,false,0,true,false,false,,2,2,none,minimal,false,,false,true,true,accessory,1,false,standard_compound,internally_reviewed,,no,,,,,Reformer Mermaid,reformer_mermaid,mobility,,,Reformer Mermaid,Reformer Mermaid,Reformer Mermaid,Reformer Mermaid,Reformer Mermaid,Reformer Mermaid,Reformer の人魚,Reformer Mermaid,Reformer Mermaid,,,,,,,,,
183,chair_pose,Chair Pose,Chair Pose,Chair Pose,movement,yoga,yoga,yoga,,,Mat,mat,,quadriceps; glutes; front_delts,quadriceps; glutes,front_delts,,quads; glutes; frontDelts,yoga_pose,yoga_pose,breath,2,33,seconds,15,false,false,0,true,false,false,,1,2,none,minimal,false,,false,true,true,accessory,2,false,standard_compound,internally_reviewed,,no,,,,,Chair Pose,chair_pose,mobility,,,Chair Pose,Chair Pose,Chair Pose,Chair Pose,Chair Pose,Chair Pose,椅子のポーズ,Chair Pose,Chair Pose,,,,,,,,,
184,tree_pose,Tree Pose,Tree Pose,Tree Pose,movement,yoga,yoga,yoga,,,Mat,mat,,glute_medius; core,glute_medius,core,,glutes; abs; obliques,yoga_pose,yoga_pose,breath,2,40,seconds,15,true,false,0,true,false,false,,2,4,none,minimal,false,,false,true,true,accessory,1,false,standard_compound,internally_reviewed,,no,,,,,Tree Pose,tree_pose,mobility,,,Tree Pose,Tree Pose,Tree Pose,Tree Pose,Tree Pose,Tree Pose,ツリーポーズ,Tree Pose,Tree Pose,,,,,,,,,
185,warrior_one,Warrior I,Warrior I,Warrior I,movement,yoga,yoga,yoga,,,Mat,mat,,quadriceps; hip_flexors; front_delts,quadriceps; hip_flexors,front_delts,,quads; frontDelts,yoga_pose,yoga_pose,breath,2,45,seconds,15,true,false,0,true,false,false,shoulder_overhead,2,2,none,minimal,false,,false,true,true,accessory,2,false,standard_compound,internally_reviewed,,no,,,,,Warrior I,warrior_one,mobility,,,Warrior I,Warrior I,Warrior I,Warrior I,Warrior I,Warrior I,戦士 I,Warrior I,Warrior I,,,,,,,,,
186,warrior_three,Warrior III,Warrior III,Warrior III,movement,yoga,yoga,yoga,,,Mat,mat,,glutes; hamstrings; core,glutes; hamstrings,core,,glutes; hamstrings; abs; obliques,yoga_pose,yoga_pose,breath,2,28,seconds,15,true,false,0,true,false,false,,3,5,none,minimal,false,,false,true,true,accessory,2,false,standard_compound,internally_reviewed,,no,,,,,Warrior III,warrior_three,mobility,,,Warrior III,Warrior III,Warrior III,Warrior III,Warrior III,Warrior III,戦士III,Warrior III,Warrior III,,,,,,,,,
187,half_moon,Half Moon,Half Moon,Half Moon,movement,yoga,yoga,yoga,,,Mat,mat,,glute_medius; obliques; hamstrings,glute_medius; obliques,hamstrings,,glutes; obliques; hamstrings,yoga_pose,yoga_pose,breath,2,28,seconds,15,true,false,0,true,false,false,,4,5,none,minimal,false,,false,true,false,accessory,2,false,standard_compound,internally_reviewed,,no,,,,,Half Moon,half_moon,mobility,,,Half Moon,Half Moon,Half Moon,Half Moon,Half Moon,Half Moon,ハーフムーン,Half Moon,Half Moon,,,,,,,,,
188,extended_side_angle,Extended Side Angle,Extended Side Angle,Extended Side Angle,movement,yoga,yoga,yoga,,,Mat,mat,,obliques; adductors; quadriceps,obliques; adductors,quadriceps,,obliques; adductors; quads,yoga_pose,yoga_pose,breath,2,45,seconds,15,true,false,0,true,false,false,,2,2,none,minimal,false,,false,true,true,accessory,1,false,standard_compound,internally_reviewed,,no,,,,,Extended Side Angle,extended_side_angle,mobility,,,Extended Side Angle,Extended Side Angle,Extended Side Angle,Extended Side Angle,Extended Side Angle,Extended Side Angle,延長側面の角度,Extended Side Angle,Extended Side Angle,,,,,,,,,
189,revolved_triangle,Revolved Triangle,Revolved Triangle,Revolved Triangle,movement,mobility,yoga; mobility,yoga; mobility,,,Mat,mat,,hamstrings; obliques; thoracic_spine,hamstrings; obliques,thoracic_spine,,hamstrings; obliques,yoga_pose,yoga_pose,breath,2,33,seconds,15,true,false,0,true,false,false,lumbar_flexion,3,2,none,minimal,false,,false,true,true,accessory,1,false,standard_compound,internally_reviewed,,no,,,,,Revolved Triangle,revolved_triangle,mobility,,,Revolved Triangle,Revolved Triangle,Revolved Triangle,Revolved Triangle,Revolved Triangle,Revolved Triangle,進化した三角形,Revolved Triangle,Revolved Triangle,,,,,,,,,
190,crow_pose,Crow Pose,Crow Pose,Crow Pose,movement,calisthenics,calisthenics; yoga,yoga; calisthenics,,,Mat,mat,,front_delts; core; forearms,front_delts; core,forearms,,frontDelts; abs; obliques; forearms,skill,skill_drill,quality,4,15,seconds,60,false,false,0,true,false,false,wrist,4,5,none,minimal,false,,false,true,false,primary,2,false,standard_compound,internally_reviewed,,no,,,,,Crow Pose,crow_pose,mobility,,,Crow Pose,Crow Pose,Crow Pose,Crow Pose,Crow Pose,Crow Pose,スローポーズ,Crow Pose,Crow Pose,,,,,,,,,
191,boat_pose,Boat Pose,Boat Pose,Boat Pose,movement,yoga,yoga,yoga,,,Mat,mat,,core; hip_flexors,core; hip_flexors,,,abs; obliques,core_anti_extension,resistance_isometric,hold,4,33,seconds,60,false,false,0,true,false,false,,2,2,none,minimal,false,,false,true,true,primary,2,false,core_braced,internally_reviewed,,no,,,,,Boat Pose,boat_pose,mobility,,,Boat Pose,Boat Pose,Boat Pose,Boat Pose,Boat Pose,Boat Pose,ボートポーズ,Boat Pose,Boat Pose,,,,,,,,,
192,camel_pose,Camel Pose,Camel Pose,Camel Pose,movement,mobility,yoga; mobility,yoga; mobility,,,Mat,mat,,hip_flexors; chest; erectors,hip_flexors; chest,erectors,,chest; lowerBack,yoga_pose,yoga_pose,breath,2,30,seconds,15,false,false,0,true,false,false,knee_deep_flexion; lumbar_extension,3,2,none,minimal,false,,false,true,true,accessory,1,false,standard_compound,internally_reviewed,,no,,,,,Camel Pose,camel_pose,mobility,,,Camel Pose,Camel Pose,Camel Pose,Camel Pose,Camel Pose,Camel Pose,キャメルポーズ,Camel Pose,Camel Pose,,,,,,,,,
193,bow_pose,Bow Pose,Bow Pose,Bow Pose,movement,yoga,yoga,yoga,,,Mat,mat,,hip_flexors; chest; erectors,hip_flexors; chest,erectors,,chest; lowerBack,yoga_pose,yoga_pose,breath,2,23,seconds,15,false,false,0,true,false,false,lumbar_extension,3,2,none,minimal,false,,false,true,true,accessory,2,false,standard_compound,internally_reviewed,,no,,,,,Bow Pose,bow_pose,mobility,,,Bow Pose,Bow Pose,Bow Pose,Bow Pose,Bow Pose,Bow Pose,ボウポーズ,Bow Pose,Bow Pose,,,,,,,,,
194,locust_pose,Locust Pose,Locust Pose,Locust Pose,movement,yoga,yoga,yoga,,,Mat,mat,,erectors; glutes; rear_delts,erectors; glutes,rear_delts,,lowerBack; glutes; rearDelts,yoga_pose,yoga_pose,breath,2,30,seconds,15,false,false,0,true,false,false,lumbar_extension,2,2,none,minimal,false,,false,true,true,accessory,2,false,standard_compound,internally_reviewed,,no,,,,,Locust Pose,locust_pose,mobility,,,Locust Pose,Locust Pose,Locust Pose,Locust Pose,Locust Pose,Locust Pose,Locust ポーズ,Locust Pose,Locust Pose,,,,,,,,,
195,seated_forward_fold,Seated Forward Fold,Seated Forward Fold,Seated Forward Fold,movement,mobility,yoga; mobility,yoga; mobility,,,Mat,mat,,hamstrings; erectors,hamstrings,erectors,,hamstrings; lowerBack,yoga_pose,yoga_pose,breath,2,68,seconds,15,false,false,0,true,false,false,hip_end_range; lumbar_flexion,1,2,none,minimal,false,,false,true,true,accessory,1,false,standard_compound,internally_reviewed,,no,,,,,Seated Forward Fold,seated_forward_fold,mobility,,,Seated Forward Fold,Seated Forward Fold,Seated Forward Fold,Seated Forward Fold,Seated Forward Fold,Seated Forward Fold,シートフォワードフォールド,Seated Forward Fold,Seated Forward Fold,,,,,,,,,
196,butterfly_stretch,Butterfly,Butterfly,Butterfly,movement,mobility,yoga; mobility,yoga; mobility,,,Mat,mat,,adductors; hips,adductors; hips,,,adductors,mobility,mobility_drill,quality,2,68,seconds,15,false,false,0,true,false,false,hip_end_range,1,2,none,minimal,false,,false,true,true,accessory,1,false,standard_compound,internally_reviewed,,no,,,,,Butterfly,butterfly_stretch,mobility,,,Butterfly,Butterfly,Butterfly,Butterfly,Butterfly,Butterfly,バタフライ,Butterfly,Butterfly,,,,,,,,,
197,happy_baby,Happy Baby,Happy Baby,Happy Baby,movement,mobility,yoga; mobility,yoga; mobility,,,Mat,mat,,hips; adductors,hips; adductors,,,adductors,mobility,mobility_drill,quality,2,45,seconds,15,false,false,0,true,false,false,hip_end_range,1,2,none,minimal,false,,false,true,true,accessory,1,false,standard_compound,internally_reviewed,,no,,,,,Happy Baby,happy_baby,mobility,,,Happy Baby,Happy Baby,Happy Baby,Happy Baby,Happy Baby,Happy Baby,ハッピーベイビー,Happy Baby,Happy Baby,,,,,,,,,
198,supine_twist,Supine Twist,Supine Twist,Supine Twist,movement,mobility,yoga; mobility,yoga; mobility,,,Mat,mat,,thoracic_spine; obliques,thoracic_spine; obliques,,,obliques,mobility,mobility_drill,quality,2,45,seconds,15,true,false,0,true,false,false,,1,2,none,minimal,false,,false,true,true,accessory,1,false,standard_compound,internally_reviewed,,no,,,,,Supine Twist,supine_twist,mobility,,,Supine Twist,Supine Twist,Supine Twist,Supine Twist,Supine Twist,Supine Twist,Supineのねじれ,Supine Twist,Supine Twist,,,,,,,,,
199,legs_up_wall,Legs Up the Wall,Legs Up the Wall,Legs Up the Wall,movement,mobility,yoga; mobility,yoga; mobility,,,Wall · Mat,wall; mat,,hamstrings,hamstrings,,,hamstrings,yoga_pose,yoga_pose,breath,2,180,seconds,15,false,false,0,true,false,false,,1,2,none,minimal,false,,false,true,true,accessory,1,false,standard_compound,internally_reviewed,,no,,,,"Often the right answer on a genuinely low-recovery day, when the honest prescription is to do very little.",Legs Up the Wall,legs_up_wall,mobility,,,Legs Up the Wall,Legs Up the Wall,Legs Up the Wall,Legs Up the Wall,Legs Up the Wall,Legs Up the Wall,足 アップ 壁,Legs Up the Wall,Legs Up the Wall,,,,,,,,,
200,corpse_pose,Corpse Pose,Corpse Pose,Corpse Pose,movement,yoga,yoga,yoga,,,Mat,mat,,full_body,full_body,,,chest; upperBack; abs; glutes; quads,yoga_pose,yoga_pose,breath,2,180,seconds,15,false,false,0,true,false,false,,1,2,none,minimal,false,,false,true,true,accessory,1,false,standard_compound,internally_reviewed,,no,,,,,Corpse Pose,corpse_pose,mobility,,,Corpse Pose,Corpse Pose,Corpse Pose,Corpse Pose,Corpse Pose,Corpse Pose,コー スポーズ,Corpse Pose,Corpse Pose,,,,,,,,,
201,chaturanga,Chaturanga,Chaturanga,Chaturanga,movement,yoga,yoga,yoga,,,Mat,mat,,triceps; chest; core,triceps; chest,core,,triceps; chest; abs; obliques,horizontal_push,resistance_dynamic,tempo_reps,4,6,reps,60,false,false,0,true,false,false,shoulder_press; wrist,4,2,none,minimal,false,,false,true,false,primary,2,true,standard_compound,internally_reviewed,,no,,,,,Chaturanga,chaturanga,mobility,,,Chaturanga,Chaturanga,Chaturanga,Chaturanga,Chaturanga,Chaturanga,ログイン,Chaturanga,Chaturanga,,,,,,,,,
202,upward_dog,Upward-Facing Dog,Upward-Facing Dog,Upward-Facing Dog,movement,yoga,yoga,yoga,,,Mat,mat,,chest; hip_flexors; erectors,chest; hip_flexors,erectors,,chest; lowerBack,yoga_pose,yoga_pose,breath,2,23,seconds,15,false,false,0,true,false,false,lumbar_extension; wrist,2,2,none,minimal,false,,false,true,true,accessory,1,false,standard_compound,internally_reviewed,,no,,,,,Upward-Facing Dog,upward_dog,mobility,,,Upward-Facing Dog,Upward-Facing Dog,Upward-Facing Dog,Upward-Facing Dog,Upward-Facing Dog,Upward-Facing Dog,上向き犬,Upward-Facing Dog,Upward-Facing Dog,,,,,,,,,
203,low_lunge,Low Lunge,Low Lunge,Low Lunge,movement,mobility,yoga; mobility,yoga; mobility,,,Mat,mat,,hip_flexors; quadriceps,hip_flexors,quadriceps,,quads,yoga_pose,yoga_pose,breath,2,45,seconds,15,true,false,0,true,false,false,hip_end_range,1,2,none,minimal,false,,false,true,true,accessory,1,false,standard_compound,internally_reviewed,,no,,,,,Low Lunge,low_lunge,mobility,,,Low Lunge,Low Lunge,Low Lunge,Low Lunge,Low Lunge,Low Lunge,低い肺,Low Lunge,Low Lunge,,,,,,,,,
204,lizard_pose,Lizard Pose,Lizard Pose,Lizard Pose,movement,mobility,yoga; mobility,yoga; mobility,,,Mat,mat,,hips; adductors,hips; adductors,,,adductors,mobility,mobility_drill,quality,2,45,seconds,15,true,false,0,true,false,false,hip_end_range,2,2,none,minimal,false,,false,true,true,accessory,1,false,standard_compound,internally_reviewed,,no,,,,,Lizard Pose,lizard_pose,mobility,,,Lizard Pose,Lizard Pose,Lizard Pose,Lizard Pose,Lizard Pose,Lizard Pose,リザードポーズ,Lizard Pose,Lizard Pose,,,,,,,,,
205,garland_pose,Garland Pose,Garland Pose,Garland Pose,movement,mobility,yoga; mobility,yoga; mobility,,,Mat,mat,,hips; adductors; quadriceps,hips; adductors,quadriceps,,adductors; quads,yoga_pose,yoga_pose,breath,2,45,seconds,15,false,false,0,true,false,false,ankle_dorsiflexion; hip_deep_flexion; hip_end_range; knee_deep_flexion,2,2,none,minimal,false,,false,true,true,accessory,1,false,standard_compound,internally_reviewed,,no,,,,,Garland Pose,garland_pose,mobility,,,Garland Pose,Garland Pose,Garland Pose,Garland Pose,Garland Pose,Garland Pose,ガーランドポーズ,Garland Pose,Garland Pose,,,,,,,,,
206,eagle_pose,Eagle Pose,Eagle Pose,Eagle Pose,movement,yoga,yoga,yoga,,,Mat,mat,,glute_medius; rear_delts,glute_medius,rear_delts,,glutes; rearDelts,yoga_pose,yoga_pose,breath,2,30,seconds,15,true,false,0,true,false,false,hip_end_range,3,4,none,minimal,false,,false,true,true,accessory,1,false,standard_compound,internally_reviewed,,no,,,,,Eagle Pose,eagle_pose,mobility,,,Eagle Pose,Eagle Pose,Eagle Pose,Eagle Pose,Eagle Pose,Eagle Pose,イーグルポーズ,Eagle Pose,Eagle Pose,,,,,,,,,
207,dancer_pose,Dancer Pose,Dancer Pose,Dancer Pose,movement,yoga,yoga,yoga,,,Mat,mat,,hip_flexors; chest; glute_medius,hip_flexors; chest,glute_medius,,chest; glutes,yoga_pose,yoga_pose,breath,2,25,seconds,15,true,false,0,true,false,false,lumbar_extension,4,5,none,minimal,false,,false,true,false,accessory,1,false,standard_compound,internally_reviewed,,no,,,,,Dancer Pose,dancer_pose,mobility,,,Dancer Pose,Dancer Pose,Dancer Pose,Dancer Pose,Dancer Pose,Dancer Pose,ダンサーポーズ,Dancer Pose,Dancer Pose,,,,,,,,,
208,sled_push,Sled Push,Împins sania,ดันสเลด,movement,hiit,hyrox; hiit,conditioning; hiit,2,Sled Push,Sled · Outdoor Space or Track or Turf,sled,outdoor_space | track | turf,quadriceps; glutes; calves; core,quadriceps; glutes,calves; core,,quads; glutes; calves; abs; obliques; frontDelts; triceps,conditioning,conditioning_complex,interval,4,60,seconds,60,false,true,10,true,false,false,,2,2,none,minimal,false,,false,true,true,primary,5,false,standard_compound,internally_reviewed,,no,,,,"The station that ends most first races. Legs empty in seconds, and the run after it is the one that hurts.",Sled Push,sled_push,t25,,,Sled Push,Sled Push,Sled Push,Sled Push,Sled Push,Sled Push,Sledプッシュ,Împins sania,ดันสเลด,,,,,,,,,
209,sled_pull,Sled Pull,Sled Pull,Sled Pull,movement,hiit,hyrox; hiit,conditioning; hiit,3,Sled Pull,Sled · Rope · Outdoor Space or Track or Turf,sled; rope,outdoor_space | track | turf,lats; upper_back; glutes; forearms,lats; upper_back,glutes; forearms,,lats; upperBack; glutes; forearms,conditioning,conditioning_complex,interval,4,60,seconds,60,false,true,10,true,false,false,,3,2,none,minimal,false,,false,true,true,primary,5,false,standard_compound,internally_reviewed,,no,,,,,Sled Pull,sled_pull,t25,,,Sled Pull,Sled Pull,Sled Pull,Sled Pull,Sled Pull,Sled Pull,導かれた引き,Sled Pull,Sled Pull,,,,,,,,,
210,burpee_broad_jump,Burpee Broad Jump,Burpee Broad Jump,Burpee Broad Jump,movement,hiit,hyrox; hiit,conditioning; hiit,4,Burpee Broad Jump,Floor Space,floor_space,,full_body; quadriceps; chest,full_body,quadriceps; chest,,chest; upperBack; abs; glutes; quads,conditioning,conditioning_complex,interval,4,83,seconds,60,false,false,0,true,false,false,ankle_impact; knee_impact; wrist,3,2,none,minimal,false,,false,true,true,primary,5,false,standard_compound,internally_reviewed,,no,,,,"Pacing here decides the race more than fitness does. Practised at a rhythm that can be held, never sprinted.",Burpee Broad Jump,burpee_broad_jump,t25,,,Burpee Broad Jump,Burpee Broad Jump,Burpee Broad Jump,Burpee Broad Jump,Burpee Broad Jump,Burpee Broad Jump,ブルペ・ブロードジャンプ,Burpee Broad Jump,Burpee Broad Jump,,,,,,,,,
211,sandbag_lunge,Sandbag Lunge,Sandbag Lunge,Sandbag Lunge,movement,weights,hyrox; strength; hiit; weights,conditioning; strength,7,Sandbag Lunges,Sandbag · Floor Space,sandbag; floor_space,,quadriceps; glutes; core; upper_back,quadriceps; glutes,core; upper_back,,quads; glutes; abs; obliques; upperBack,lunge,resistance_dynamic,tempo_reps,4,30,reps,150,true,true,5,true,false,false,knee_deep_flexion,3,3,none,minimal,false,,false,true,true,primary,5,true,standard_compound,internally_reviewed,,no,,,,,Sandbag Lunge,sandbag_lunge,t25,,,Sandbag Lunge,Sandbag Lunge,Sandbag Lunge,Sandbag Lunge,Sandbag Lunge,Sandbag Lunge,サンドバッグ ルンネ,Sandbag Lunge,Sandbag Lunge,,,,,,,,,
212,wall_ball,Wall Ball,Wall Ball,Wall Ball,movement,weights,hyrox; crossfit; hiit; weights,conditioning; hiit; crossfit,8,Wall Balls,Medicine Ball · Wall,medicine_ball; wall,,quadriceps; glutes; front_delts; core,quadriceps; glutes; front_delts,core,,quads; glutes; frontDelts; abs; obliques,squat,resistance_dynamic,tempo_reps,4,23,reps,120,false,true,2,true,false,false,ankle_dorsiflexion; hip_deep_flexion; knee_deep_flexion; shoulder_overhead,3,2,none,minimal,false,,false,true,true,primary,4,true,standard_compound,internally_reviewed,,no,,,,A squat and a press that never lets the shoulders rest. The last station of a Hyrox race for a reason.,Wall Ball,wall_ball,t25,,,Wall Ball,Wall Ball,Wall Ball,Wall Ball,Wall Ball,Wall Ball,ウォールボール,Wall Ball,Wall Ball,,,,,,,,,
213,thruster,Thruster,Thruster,Thruster,movement,weights,crossfit; hiit; weights,crossfit; conditioning,,,Barbell · Plates,barbell; plates,,quadriceps; front_delts; glutes; triceps,quadriceps; front_delts,glutes; triceps,,quads; frontDelts; glutes; triceps,squat,resistance_dynamic,tempo_reps,4,9,reps,150,false,true,2.5,false,false,false,ankle_dorsiflexion; hip_deep_flexion; knee_deep_flexion; shoulder_overhead,4,2,none,minimal,true,clear_lifting_platform,false,true,false,primary,5,true,standard_compound,internally_reviewed,,no,,,,,Thruster,thruster,t25,,,Thruster,Thruster,Thruster,Thruster,Thruster,Thruster,スラスター,Thruster,Thruster,,,,,,,,,
214,power_clean,Power Clean,Power Clean,Power Clean,movement,weights,olympic_weightlifting; crossfit; strength; hiit; weights,crossfit; strength,,,Barbell · Plates · Lifting Platform,barbell; plates; lifting_platform,,glutes; hamstrings; traps; quadriceps,glutes; hamstrings; traps,quadriceps,,glutes; hamstrings; neckTraps; quads,hip_hinge,resistance_dynamic,quality_reps,4,4,reps,120,false,true,2.5,false,false,false,lumbar_flexion; wrist,5,2,none,minimal,true,qualified_coach_present; clear_lifting_platform,true,false,false,primary,4,false,hamstring_eccentric,internally_reviewed,,no,,,,"Stopped on bar speed and technical quality, never on reps in reserve.",Power Clean,power_clean,t25,,,Power Clean,Power Clean,Power Clean,Power Clean,Power Clean,Power Clean,パワークリーン,Power Clean,Power Clean,,,,,,,,,
215,power_snatch,Power Snatch,Power Snatch,Power Snatch,movement,weights,olympic_weightlifting; crossfit; strength; hiit; weights,crossfit; strength,,,Barbell · Plates · Lifting Platform,barbell; plates; lifting_platform,,glutes; hamstrings; traps; front_delts,glutes; hamstrings; traps,front_delts,,glutes; hamstrings; neckTraps; frontDelts,hip_hinge,resistance_dynamic,quality_reps,4,3,reps,120,false,true,2.5,false,false,false,lumbar_flexion; shoulder_overhead; wrist,5,2,none,minimal,true,qualified_coach_present; clear_lifting_platform,true,false,false,primary,4,false,hamstring_eccentric,internally_reviewed,,no,,,,,Power Snatch,power_snatch,t25,,,Power Snatch,Power Snatch,Power Snatch,Power Snatch,Power Snatch,Power Snatch,パワースナッチ,Power Snatch,Power Snatch,,,,,,,,,
216,clean_and_jerk,Clean and Jerk,Clean and Jerk,Clean and Jerk,movement,weights,olympic_weightlifting; crossfit; strength; hiit; weights,crossfit; strength,,,Barbell · Plates · Lifting Platform,barbell; plates; lifting_platform,,glutes; quadriceps; front_delts; traps; triceps,glutes; quadriceps; front_delts,traps; triceps,,glutes; quads; frontDelts; neckTraps; triceps,hip_hinge,resistance_dynamic,quality_reps,4,2,reps,150,false,true,2.5,false,false,false,lumbar_flexion; shoulder_overhead,5,2,none,minimal,true,qualified_coach_present; clear_lifting_platform,true,false,false,primary,5,false,standard_compound,internally_reviewed,,no,,,,,Clean and Jerk,clean_and_jerk,t25,,,Clean and Jerk,Clean and Jerk,Clean and Jerk,Clean and Jerk,Clean and Jerk,Clean and Jerk,清潔で済む,Clean and Jerk,Clean and Jerk,,,,,,,,,
217,push_press,Push Press,Push Press,Push Press,movement,weights,crossfit; strength; hiit; weights,crossfit; strength,,,Barbell · Plates · Rack,barbell; plates; rack,,front_delts; triceps; quadriceps,front_delts,triceps; quadriceps,,frontDelts; triceps; quads,vertical_push,resistance_dynamic,tempo_reps,4,6,reps,120,false,true,2.5,false,false,false,shoulder_overhead,3,2,none,minimal,true,clear_lifting_platform,false,true,true,primary,4,true,standard_compound,internally_reviewed,,no,,,,,Push Press,push_press,t25,,,Push Press,Push Press,Push Press,Push Press,Push Press,Push Press,プッシュプレス,Push Press,Push Press,,,,,,,,,
218,overhead_squat,Overhead Squat,Overhead Squat,Overhead Squat,movement,weights,crossfit; hiit; weights,crossfit,,,Barbell · Plates · Rack,barbell; plates; rack,,quadriceps; front_delts; core,quadriceps,front_delts; core,,quads; frontDelts; abs; obliques,squat,resistance_dynamic,tempo_reps,4,6,reps,120,false,true,2.5,false,false,false,ankle_dorsiflexion; hip_deep_flexion; knee_deep_flexion; shoulder_overhead,5,4,none,minimal,true,qualified_coach_present; clear_lifting_platform,true,false,false,primary,4,true,standard_compound,internally_reviewed,,no,,,,,Overhead Squat,overhead_squat,t25,,,Overhead Squat,Overhead Squat,Overhead Squat,Overhead Squat,Overhead Squat,Overhead Squat,オーバーヘッドスクワット,Overhead Squat,Overhead Squat,,,,,,,,,
219,front_rack_lunge,Front Rack Lunge,Front Rack Lunge,Front Rack Lunge,movement,weights,crossfit; strength; hiit; weights,crossfit; strength,,,Barbell · Plates · Rack,barbell; plates; rack,,quadriceps; glutes; core; upper_back,quadriceps; glutes,core; upper_back,,quads; glutes; abs; obliques; upperBack,lunge,resistance_dynamic,tempo_reps,4,8,reps,120,true,true,2.5,true,false,false,knee_deep_flexion; wrist,4,3,none,minimal,false,,false,true,false,primary,4,true,standard_compound,internally_reviewed,,no,,,,,Front Rack Lunge,front_rack_lunge,t25,,,Front Rack Lunge,Front Rack Lunge,Front Rack Lunge,Front Rack Lunge,Front Rack Lunge,Front Rack Lunge,フロントラックLunge,Front Rack Lunge,Front Rack Lunge,,,,,,,,,
220,double_under,Double Under,Double Under,Double Under,movement,hiit,crossfit; hiit,crossfit; hiit,,,Skipping Rope,skipping_rope,,calves; forearms,calves,forearms,,calves; forearms,conditioning,conditioning_complex,interval,4,75,seconds,60,false,false,0,true,false,false,ankle_impact; knee_impact,4,2,none,minimal,false,,false,true,false,primary,3,false,standard_compound,internally_reviewed,,no,,,,,Double Under,double_under,t25,,,Double Under,Double Under,Double Under,Double Under,Double Under,Double Under,ダブルアンダー,Double Under,Double Under,,,,,,,,,
221,single_under,Skipping,Sărit coarda,กระโดดเชือก,movement,hiit,crossfit; hiit,crossfit; hiit; conditioning,,,Skipping Rope,skipping_rope,,calves,calves,,,calves; forearms; frontDelts,conditioning,conditioning_complex,interval,4,113,seconds,60,false,false,0,true,false,false,ankle_impact; knee_impact,1,2,none,minimal,false,,false,true,true,primary,2,false,standard_compound,internally_reviewed,,no,,,,,Skipping,single_under,t25,,,Skipping,Skipping,Skipping,Skipping,Skipping,Skipping,スキャッピング,Sărit coarda,กระโดดเชือก,,,,,,,,,
222,toes_to_bar,Toes to Bar,Toes to Bar,Toes to Bar,movement,calisthenics,crossfit; calisthenics; hiit,crossfit; calisthenics,,,Pull Up Bar,pull_up_bar,,core; lats; hip_flexors,core,lats; hip_flexors,,abs; obliques; lats,core_flexion,resistance_dynamic,tempo_reps,4,9,reps,90,false,false,0,true,false,false,,4,2,none,minimal,false,,false,true,false,primary,3,true,core_braced,internally_reviewed,,no,,,,,Toes to Bar,toes_to_bar,t25,,,Toes to Bar,Toes to Bar,Toes to Bar,Toes to Bar,Toes to Bar,Toes to Bar,棒へのつま先,Toes to Bar,Toes to Bar,,,,,,,,,
223,kettlebell_clean,Kettlebell Clean,Kettlebell Clean,Kettlebell Clean,movement,weights,crossfit; kettlebell_sport; strength; hiit; weights,crossfit; strength; kettlebell_sport,,,Kettlebell,kettlebell,,glutes; hamstrings; traps; forearms,glutes; hamstrings,traps; forearms,,glutes; hamstrings; neckTraps; forearms,hip_hinge,resistance_dynamic,quality_reps,4,8,reps,90,true,true,4,true,false,false,lumbar_flexion; wrist,4,2,none,minimal,false,,false,true,false,primary,3,false,hamstring_eccentric,internally_reviewed,,yes,already_canonical,Kettlebell Clean,,,Kettlebell Clean,kettlebell_clean,t25,,,Kettlebell Clean,Kettlebell Clean,Kettlebell Clean,Kettlebell Clean,Kettlebell Clean,Kettlebell Clean,ケトルベルクリーン,Kettlebell Clean,Kettlebell Clean,,,,,,,,,
224,turkish_get_up,Turkish Get-Up,Turkish Get-Up,Turkish Get-Up,movement,weights,crossfit; strength; hiit; weights,crossfit; strength,,,Kettlebell,kettlebell,,core; front_delts; glutes; obliques,core; front_delts,glutes; obliques,,abs; obliques; frontDelts; glutes,skill,skill_drill,quality,4,4,reps,90,true,true,4,true,false,false,shoulder_overhead,5,5,none,minimal,false,,true,false,false,primary,3,false,standard_compound,internally_reviewed,,no,,,,,Turkish Get-Up,turkish_get_up,t25,,,Turkish Get-Up,Turkish Get-Up,Turkish Get-Up,Turkish Get-Up,Turkish Get-Up,Turkish Get-Up,トルコ語 Get-Up,Turkish Get-Up,Turkish Get-Up,,,,,,,,,
225,devils_press,Devil's Press,Devil's Press,Devil's Press,movement,weights,crossfit; hiit; weights,crossfit; hiit,,,Dumbbells,dumbbells,,full_body; front_delts; glutes,full_body,front_delts; glutes,,chest; upperBack; abs; glutes; quads; frontDelts,conditioning,conditioning_complex,interval,4,60,seconds,60,false,true,2,true,false,false,lumbar_flexion; shoulder_overhead,4,2,none,minimal,false,,false,true,false,primary,5,false,standard_compound,internally_reviewed,,no,,,,,Devil's Press,devils_press,t25,,,Devil's Press,Devil's Press,Devil's Press,Devil's Press,Devil's Press,Devil's Press,Devilのプレス,Devil's Press,Devil's Press,,,,,,,,,
226,man_maker,Man Maker,Man Maker,Man Maker,movement,weights,crossfit; hiit; weights,crossfit; hiit,,,Dumbbells,dumbbells,,full_body,full_body,,,chest; upperBack; abs; glutes; quads,conditioning,conditioning_complex,interval,4,60,seconds,60,false,true,2,true,false,false,lumbar_flexion; shoulder_overhead,4,2,none,minimal,false,,false,true,false,primary,5,false,standard_compound,internally_reviewed,,no,,,,,Man Maker,man_maker,t25,,,Man Maker,Man Maker,Man Maker,Man Maker,Man Maker,Man Maker,マンメーカー,Man Maker,Man Maker,,,,,,,,,
227,sandbag_clean,Sandbag Clean,Sandbag Clean,Sandbag Clean,movement,weights,strength; hiit; weights,conditioning; strength,,,Sandbag,sandbag,,glutes; hamstrings; upper_back; core,glutes; hamstrings,upper_back; core,,glutes; hamstrings; upperBack; abs; obliques,hip_hinge,resistance_dynamic,quality_reps,4,8,reps,120,false,true,5,true,false,false,lumbar_flexion,3,2,none,minimal,false,,false,true,true,primary,4,false,hamstring_eccentric,internally_reviewed,,no,,,,,Sandbag Clean,sandbag_clean,t25,,,Sandbag Clean,Sandbag Clean,Sandbag Clean,Sandbag Clean,Sandbag Clean,Sandbag Clean,サンドバッグ クリーン,Sandbag Clean,Sandbag Clean,,,,,,,,,
228,tire_flip,Tire Flip,Tire Flip,Tire Flip,movement,hiit,hiit,conditioning,,,Tire · Outdoor Space,tire; outdoor_space,,glutes; quadriceps; upper_back; core,glutes; quadriceps,upper_back; core,,glutes; quads; upperBack; abs; obliques,hip_hinge,resistance_isometric,hold,4,40,seconds,150,false,false,0,true,false,false,lumbar_flexion,4,2,none,minimal,false,,false,true,false,primary,5,false,standard_compound,internally_reviewed,,no,,,,,Tire Flip,tire_flip,t25,,,Tire Flip,Tire Flip,Tire Flip,Tire Flip,Tire Flip,Tire Flip,タイヤフリップ,Tire Flip,Tire Flip,,,,,,,,,
229,bear_crawl,Bear Crawl,Bear Crawl,Bear Crawl,movement,calisthenics,crossfit; calisthenics; hiit,calisthenics; hiit; conditioning; crossfit,,,Floor Space,floor_space,,core; front_delts; quadriceps,core; front_delts,quadriceps,,abs; obliques; frontDelts; quads,conditioning,conditioning_complex,interval,4,40,seconds,60,false,false,0,true,false,false,wrist,2,2,none,minimal,false,,false,true,true,primary,3,false,standard_compound,internally_reviewed,,yes,already_canonical,Bear Crawl,,,Bear Crawl,bear_crawl,t25,,,Bear Crawl,Bear Crawl,Bear Crawl,Bear Crawl,Bear Crawl,Bear Crawl,ベアクロール,Bear Crawl,Bear Crawl,,,,,,,,,
230,sled_drag,Sled Drag,Sled Drag,Sled Drag,movement,hiit,hiit,conditioning,,,Sled · Outdoor Space or Track or Turf,sled,outdoor_space | track | turf,quadriceps; glutes; hamstrings,quadriceps; glutes,hamstrings,,quads; glutes; hamstrings,conditioning,conditioning_complex,interval,4,60,seconds,60,false,true,10,true,false,false,,1,2,none,minimal,false,,false,true,true,primary,4,false,standard_compound,internally_reviewed,,no,,,,"All concentric, so it builds legs with almost no soreness. Useful the week before a race.",Sled Drag,sled_drag,t25,,,Sled Drag,Sled Drag,Sled Drag,Sled Drag,Sled Drag,Sled Drag,スライディングドラッグ,Sled Drag,Sled Drag,,,,,,,,,
231,overhead_carry,Overhead Carry,Overhead Carry,Overhead Carry,movement,weights,strength; weights,strength,,,Dumbbells · Floor Space,dumbbells; floor_space,,front_delts; core; traps; forearms,front_delts; core,traps; forearms,,frontDelts; abs; obliques; neckTraps; forearms,carry,resistance_isometric,carry,4,33,seconds,90,false,true,2,true,false,false,shoulder_overhead,3,4,none,minimal,false,,false,true,true,primary,3,false,loaded_carry,internally_reviewed,,no,,,,"The most demanding carry for the shoulder, and the first one dropped when overhead is restricted.",Overhead Carry,overhead_carry,upper,,,Overhead Carry,Overhead Carry,Overhead Carry,Overhead Carry,Overhead Carry,Overhead Carry,オーバーヘッドキャリー,Overhead Carry,Overhead Carry,,,,,,,,,
232,front_rack_carry,Front Rack Carry,Front Rack Carry,Front Rack Carry,movement,weights,strength; weights,strength,,,Kettlebell · Floor Space,kettlebell; floor_space,,core; upper_back; quadriceps,core; upper_back,quadriceps,,abs; obliques; upperBack; quads,carry,resistance_isometric,carry,4,45,seconds,90,false,true,4,true,false,false,,2,3,none,minimal,false,,false,true,true,primary,3,false,loaded_carry,internally_reviewed,,no,,,,,Front Rack Carry,front_rack_carry,upper,,,Front Rack Carry,Front Rack Carry,Front Rack Carry,Front Rack Carry,Front Rack Carry,Front Rack Carry,フロントラックキャリー,Front Rack Carry,Front Rack Carry,,,,,,,,,
233,sandbag_carry,Sandbag Carry,Sandbag Carry,Sandbag Carry,movement,weights,strength; hiit; weights,conditioning; strength,,,Sandbag · Floor Space,sandbag; floor_space,,core; upper_back; glutes; forearms,core; upper_back,glutes; forearms,,abs; obliques; upperBack; glutes; forearms,carry,resistance_isometric,carry,4,60,seconds,120,false,true,5,true,false,false,lumbar_flexion,2,2,none,minimal,false,,false,true,true,primary,4,false,loaded_carry,internally_reviewed,,no,,,,"An awkward load that shifts, which is exactly why it transfers to a race and to real life.",Sandbag Carry,sandbag_carry,t25,,,Sandbag Carry,Sandbag Carry,Sandbag Carry,Sandbag Carry,Sandbag Carry,Sandbag Carry,サンドバッグ キャリー,Sandbag Carry,Sandbag Carry,,,,,,,,,
234,yoke_walk,Yoke Walk,Yoke Walk,Yoke Walk,movement,strongman,strongman,strongman,,,Yoke · Floor Space,yoke; floor_space,,core; traps; quadriceps; erectors,core; traps,quadriceps; erectors,,abs; obliques; neckTraps; quads; lowerBack,carry,resistance_isometric,carry,4,28,seconds,150,false,true,10,true,false,false,lumbar_flexion,4,2,none,minimal,false,,false,true,false,primary,5,false,loaded_carry,internally_reviewed,,no,,,,,Yoke Walk,yoke_walk,upper,,,Yoke Walk,Yoke Walk,Yoke Walk,Yoke Walk,Yoke Walk,Yoke Walk,ヨークウォーク,Yoke Walk,Yoke Walk,,,,,,,,,
235,zercher_carry,Zercher Carry,Zercher Carry,Zercher Carry,movement,weights,strongman; strength; weights,strongman; strength,,,Barbell · Plates · Floor Space,barbell; plates; floor_space,,core; upper_back; biceps,core; upper_back,biceps,,abs; obliques; upperBack; biceps,carry,resistance_isometric,carry,4,33,seconds,120,false,true,2.5,true,false,false,lumbar_flexion,4,2,none,minimal,false,,false,true,false,primary,4,false,loaded_carry,internally_reviewed,,no,,,,,Zercher Carry,zercher_carry,upper,,,Zercher Carry,Zercher Carry,Zercher Carry,Zercher Carry,Zercher Carry,Zercher Carry,Zercher キャリー,Zercher Carry,Zercher Carry,,,,,,,,,
236,waiter_walk,Waiter Walk,Waiter Walk,Waiter Walk,movement,weights,strength; weights,strength,,,Kettlebell · Floor Space,kettlebell; floor_space,,front_delts; core; rotator_cuff,front_delts,core; rotator_cuff,,frontDelts; abs; obliques,carry,resistance_isometric,carry,4,33,seconds,60,true,true,4,true,false,false,shoulder_overhead,3,4,none,minimal,false,,false,true,true,primary,2,false,loaded_carry,internally_reviewed,,no,,,,,Waiter Walk,waiter_walk,upper,,,Waiter Walk,Waiter Walk,Waiter Walk,Waiter Walk,Waiter Walk,Waiter Walk,ウェイターウォーク,Waiter Walk,Waiter Walk,,,,,,,,,
237,bottoms_up_carry,Bottoms-Up Carry,Bottoms-Up Carry,Bottoms-Up Carry,movement,weights,strength; weights,strength,,,Kettlebell · Floor Space,kettlebell; floor_space,,rotator_cuff; forearms; core,rotator_cuff; forearms,core,,forearms; abs; obliques,carry,resistance_isometric,carry,4,28,seconds,60,true,true,4,true,false,false,,4,5,none,minimal,false,,false,true,false,primary,2,false,loaded_carry,internally_reviewed,,no,,,,Grip and shoulder stability before load. The bell falls long before the muscle does.,Bottoms-Up Carry,bottoms_up_carry,upper,,,Bottoms-Up Carry,Bottoms-Up Carry,Bottoms-Up Carry,Bottoms-Up Carry,Bottoms-Up Carry,Bottoms-Up Carry,ボトムアップキャリー,Bottoms-Up Carry,Bottoms-Up Carry,,,,,,,,,
238,mixed_carry,Mixed Carry,Mixed Carry,Mixed Carry,movement,weights,strength; weights,strength,,,Kettlebell · Floor Space,kettlebell; floor_space,,obliques; forearms; core; front_delts,obliques; forearms,core; front_delts,,obliques; forearms; abs; frontDelts,carry,resistance_isometric,carry,4,33,seconds,90,true,true,4,true,false,false,shoulder_overhead,3,2,none,minimal,false,,false,true,true,primary,3,false,loaded_carry,internally_reviewed,,no,,,,,Mixed Carry,mixed_carry,upper,,,Mixed Carry,Mixed Carry,Mixed Carry,Mixed Carry,Mixed Carry,Mixed Carry,混合キャリー,Mixed Carry,Mixed Carry,,,,,,,,,
239,depth_jump,Depth Jump,Depth Jump,Depth Jump,movement,hiit,strength; hiit,strength,,,Bench or Plyo Box or Step,,bench | plyo_box | step,quadriceps; glutes; calves,quadriceps; glutes,calves,,quads; glutes; calves,plyometric,plyometric,contacts,4,5,reps,60,false,false,0,true,false,false,ankle_impact; knee_deep_flexion; knee_impact,4,2,high,minimal,false,,false,true,false,primary,4,false,standard_compound,internally_reviewed,,no,,,,The highest-force plyometric here. Needs a real base and a landing that has been coached.,Depth Jump,depth_jump,upper,,,Depth Jump,Depth Jump,Depth Jump,Depth Jump,Depth Jump,Depth Jump,深さのジャンプ,Depth Jump,Depth Jump,,,,,,,,,
240,bounding,Bounding,Bounding,Bounding,movement,hiit,strength; hiit,strength,,,Floor Space,floor_space,,glutes; hamstrings; calves,glutes; hamstrings,calves,,glutes; hamstrings; calves,plyometric,plyometric,contacts,4,28,seconds,60,true,false,0,true,false,false,ankle_impact; knee_impact,3,2,high,minimal,false,,false,true,true,primary,4,false,standard_compound,internally_reviewed,,no,,,,,Bounding,bounding,upper,,,Bounding,Bounding,Bounding,Bounding,Bounding,Bounding,バウンディング,Bounding,Bounding,,,,,,,,,
241,lateral_bound,Lateral Bound,Lateral Bound,Lateral Bound,movement,hiit,strength; hiit,strength,,,Floor Space,floor_space,,glute_medius; quadriceps; calves,glute_medius; quadriceps,calves,,glutes; quads; calves,plyometric,plyometric,contacts,4,6,reps,60,true,false,0,true,false,false,ankle_impact; knee_impact,3,2,high,minimal,false,,false,true,true,primary,3,false,standard_compound,internally_reviewed,,no,,,,"The only jumping in the library that trains the sideways direction, which is where a lot of knees are hurt.",Lateral Bound,lateral_bound,upper,,,Lateral Bound,Lateral Bound,Lateral Bound,Lateral Bound,Lateral Bound,Lateral Bound,横のバウンド,Lateral Bound,Lateral Bound,,,,,,,,,
242,lateral_hop,Lateral Hop,Lateral Hop,Lateral Hop,movement,hiit,strength; hiit,strength,,,Bodyweight,,,calves; glute_medius,calves; glute_medius,,,calves; glutes,plyometric,plyometric,contacts,4,23,seconds,60,true,false,0,true,false,false,ankle_impact; knee_impact,2,2,high,minimal,false,,false,true,true,primary,2,false,standard_compound,internally_reviewed,,no,,,,,Lateral Hop,lateral_hop,upper,,,Lateral Hop,Lateral Hop,Lateral Hop,Lateral Hop,Lateral Hop,Lateral Hop,横のホップ,Lateral Hop,Lateral Hop,,,,,,,,,
243,pogo_hop,Pogo Hop,Pogo Hop,Pogo Hop,movement,hiit,strength; hiit,strength,,,Bodyweight,,,calves,calves,,,calves,plyometric,plyometric,contacts,4,28,seconds,60,false,false,0,true,false,false,ankle_impact; knee_impact,2,2,high,minimal,false,,false,true,true,primary,2,false,standard_compound,internally_reviewed,,no,,,,"Stiff ankles, quick ground contact. The gentlest entry into jumping and the best preparation for running.",Pogo Hop,pogo_hop,upper,,,Pogo Hop,Pogo Hop,Pogo Hop,Pogo Hop,Pogo Hop,Pogo Hop,ポゴホップ,Pogo Hop,Pogo Hop,,,,,,,,,
244,tuck_jump,Tuck Jump,Tuck Jump,Tuck Jump,movement,hiit,strength; hiit,strength; hiit,,,Bodyweight,,,quadriceps; hip_flexors; calves,quadriceps; hip_flexors,calves,,quads; calves,plyometric,plyometric,contacts,4,6,reps,60,false,false,0,true,false,false,ankle_impact; knee_impact,3,2,high,minimal,false,,false,true,true,primary,3,false,standard_compound,internally_reviewed,,no,,,,,Tuck Jump,tuck_jump,t25,,,Tuck Jump,Tuck Jump,Tuck Jump,Tuck Jump,Tuck Jump,Tuck Jump,タックジャンプ,Tuck Jump,Tuck Jump,,,,,,,,,
245,split_jump,Split Jump,Split Jump,Split Jump,movement,hiit,strength; hiit,strength,,,Bodyweight,,,quadriceps; glutes,quadriceps; glutes,,,quads; glutes,plyometric,plyometric,contacts,4,6,reps,60,true,false,0,true,false,false,ankle_impact; knee_impact,3,2,high,minimal,false,,false,true,true,primary,3,false,standard_compound,internally_reviewed,,no,,,,,Split Jump,split_jump,upper,,,Split Jump,Split Jump,Split Jump,Split Jump,Split Jump,Split Jump,スプリットジャンプ,Split Jump,Split Jump,,,,,,,,,
246,single_leg_hop,Single-Leg Hop,Single-Leg Hop,Single-Leg Hop,movement,hiit,strength; hiit,strength,,,Floor Space,floor_space,,calves; quadriceps; glute_medius,calves; quadriceps,glute_medius,,calves; quads; glutes,plyometric,plyometric,contacts,4,7,reps,60,true,false,0,true,false,false,ankle_impact; knee_impact,3,2,high,minimal,false,,false,true,true,primary,3,false,standard_compound,internally_reviewed,,no,,,,,Single-Leg Hop,single_leg_hop,upper,,,Single-Leg Hop,Single-Leg Hop,Single-Leg Hop,Single-Leg Hop,Single-Leg Hop,Single-Leg Hop,シングルラグホップ,Single-Leg Hop,Single-Leg Hop,,,,,,,,,
247,hurdle_hop,Hurdle Hop,Hurdle Hop,Hurdle Hop,movement,hiit,strength; hiit,strength,,,Cones or Hurdles,,cones | hurdles,quadriceps; calves,quadriceps; calves,,,quads; calves,plyometric,plyometric,contacts,4,8,reps,60,false,false,0,true,false,false,ankle_impact; knee_impact,3,2,high,minimal,false,,false,true,true,primary,3,false,standard_compound,internally_reviewed,,no,,,,,Hurdle Hop,hurdle_hop,upper,,,Hurdle Hop,Hurdle Hop,Hurdle Hop,Hurdle Hop,Hurdle Hop,Hurdle Hop,ハルドルホップ,Hurdle Hop,Hurdle Hop,,,,,,,,,
248,medicine_ball_slam,Medicine Ball Slam,Medicine Ball Slam,Medicine Ball Slam,movement,weights,strength; hiit; weights,strength; hiit,,,Medicine Ball,medicine_ball,,core; lats; front_delts,core; lats,front_delts,,abs; obliques; lats; frontDelts,plyometric,plyometric,contacts,4,9,reps,60,false,true,2,true,false,false,ankle_impact; knee_impact; lumbar_flexion,2,2,high,minimal,false,,false,true,true,primary,3,false,standard_compound,internally_reviewed,,no,,,,,Medicine Ball Slam,medicine_ball_slam,t25,,,Medicine Ball Slam,Medicine Ball Slam,Medicine Ball Slam,Medicine Ball Slam,Medicine Ball Slam,Medicine Ball Slam,薬ボールスラム,Medicine Ball Slam,Medicine Ball Slam,,,,,,,,,
249,medicine_ball_chest_pass,Medicine Ball Chest Pass,Medicine Ball Chest Pass,Medicine Ball Chest Pass,movement,weights,strength; hiit; weights,strength,,,Medicine Ball · Wall,medicine_ball; wall,,chest; triceps; core,chest; triceps,core,,chest; triceps; abs; obliques,plyometric,plyometric,contacts,4,8,reps,60,false,true,2,true,false,false,ankle_impact; knee_impact,2,2,high,minimal,false,,false,true,true,primary,2,false,standard_compound,internally_reviewed,,no,,,,,Medicine Ball Chest Pass,medicine_ball_chest_pass,upper,,,Medicine Ball Chest Pass,Medicine Ball Chest Pass,Medicine Ball Chest Pass,Medicine Ball Chest Pass,Medicine Ball Chest Pass,Medicine Ball Chest Pass,薬の球の箱のパス,Medicine Ball Chest Pass,Medicine Ball Chest Pass,,,,,,,,,
250,medicine_ball_rotational_throw,Rotational Throw,Rotational Throw,Rotational Throw,movement,weights,strength; hiit; weights,strength,,,Medicine Ball · Wall,medicine_ball; wall,,obliques; core; chest,obliques; core,chest,,obliques; abs; chest,plyometric,plyometric,contacts,4,8,reps,60,true,true,2,true,false,false,ankle_impact; knee_impact; lumbar_flexion,3,2,high,minimal,false,,false,true,true,primary,3,false,standard_compound,internally_reviewed,,no,,,,The only true rotational power movement here. Slow and controlled defeats the point.,Rotational Throw,medicine_ball_rotational_throw,upper,,,Rotational Throw,Rotational Throw,Rotational Throw,Rotational Throw,Rotational Throw,Rotational Throw,回転スロー,Rotational Throw,Rotational Throw,,,,,,,,,
251,broad_jump_repeat,Repeat Broad Jump,Repeat Broad Jump,Repeat Broad Jump,movement,hiit,strength; hiit,strength,,,Floor Space,floor_space,,glutes; quadriceps; hamstrings,glutes; quadriceps,hamstrings,,glutes; quads; hamstrings,plyometric,plyometric,contacts,4,5,reps,60,false,false,0,true,false,false,ankle_impact; knee_impact,3,2,high,minimal,false,,false,true,true,primary,4,false,standard_compound,internally_reviewed,,no,,,,,Repeat Broad Jump,broad_jump_repeat,upper,,,Repeat Broad Jump,Repeat Broad Jump,Repeat Broad Jump,Repeat Broad Jump,Repeat Broad Jump,Repeat Broad Jump,繰り返しの広いジャンプ,Repeat Broad Jump,Repeat Broad Jump,,,,,,,,,
252,landmine_rotation,Landmine Rotation,Landmine Rotation,Landmine Rotation,movement,weights,strength; weights,strength,,,Landmine · Barbell,landmine; barbell,,obliques; core; front_delts,obliques; core,front_delts,,obliques; abs; frontDelts,core_anti_rotation,resistance_dynamic,tempo_reps,4,10,reps,60,false,true,2.5,true,false,false,lumbar_flexion,3,2,none,minimal,false,,false,true,true,primary,2,true,core_braced,internally_reviewed,,no,,,,,Landmine Rotation,landmine_rotation,upper,,,Landmine Rotation,Landmine Rotation,Landmine Rotation,Landmine Rotation,Landmine Rotation,Landmine Rotation,地雷回転,Landmine Rotation,Landmine Rotation,,,,,,,,,
253,cable_chop,Cable Chop,Cable Chop,Cable Chop,movement,machine,strength; machine,strength,,,Cable Stack,cable_stack,,obliques; core; lats,obliques; core,lats,,obliques; abs; lats,core_anti_rotation,resistance_dynamic,tempo_reps,4,13,reps,60,true,true,1,true,false,false,,2,2,none,minimal,false,,false,true,true,primary,2,true,core_braced,internally_reviewed,,no,,,,,Cable Chop,cable_chop,upper,,,Cable Chop,Cable Chop,Cable Chop,Cable Chop,Cable Chop,Cable Chop,ケーブルチョップ,Cable Chop,Cable Chop,,,,,,,,,
254,cable_lift,Cable Lift,Cable Lift,Cable Lift,movement,machine,strength; machine,strength,,,Cable Stack,cable_stack,,obliques; core; front_delts,obliques; core,front_delts,,obliques; abs; frontDelts,core_anti_rotation,resistance_dynamic,tempo_reps,4,13,reps,60,true,true,1,true,false,false,shoulder_overhead,2,2,none,minimal,false,,false,true,true,primary,2,true,core_braced,internally_reviewed,,no,,,,,Cable Lift,cable_lift,upper,,,Cable Lift,Cable Lift,Cable Lift,Cable Lift,Cable Lift,Cable Lift,ケーブルリフト,Cable Lift,Cable Lift,,,,,,,,,
255,renegade_row,Renegade Row,Renegade Row,Renegade Row,movement,weights,strength; weights,strength,,,Dumbbells,dumbbells,,core; obliques; lats; front_delts,core; obliques,lats; front_delts,,abs; obliques; lats; frontDelts,core_anti_rotation,resistance_dynamic,tempo_reps,4,8,reps,90,true,true,2,true,false,false,wrist,3,4,none,minimal,false,,false,true,true,primary,3,true,core_braced,internally_reviewed,,no,,,,,Renegade Row,renegade_row,upper,,,Renegade Row,Renegade Row,Renegade Row,Renegade Row,Renegade Row,Renegade Row,Renegade 行,Renegade Row,Renegade Row,,,,,,,,,
256,suitcase_deadlift,Suitcase Deadlift,Suitcase Deadlift,Suitcase Deadlift,movement,weights,strength; weights,strength,,,Dumbbells,dumbbells,,obliques; glutes; forearms; erectors,obliques; glutes,forearms; erectors,,obliques; glutes; forearms; lowerBack,core_anti_rotation,resistance_dynamic,tempo_reps,4,8,reps,90,true,true,2,true,false,false,lumbar_flexion,3,2,none,minimal,false,,false,true,true,primary,3,true,core_braced,internally_reviewed,,no,,,,,Suitcase Deadlift,suitcase_deadlift,upper,,,Suitcase Deadlift,Suitcase Deadlift,Suitcase Deadlift,Suitcase Deadlift,Suitcase Deadlift,Suitcase Deadlift,スーツケースデッドリフト,Suitcase Deadlift,Suitcase Deadlift,,,,,,,,,
257,half_kneeling_press,Half-Kneeling Press,Half-Kneeling Press,Half-Kneeling Press,movement,weights,strength; weights,strength,,,Dumbbells,dumbbells,,core; front_delts; obliques,core; front_delts,obliques,,abs; obliques; frontDelts,core_anti_rotation,resistance_dynamic,tempo_reps,4,10,reps,60,true,true,2,true,false,false,shoulder_overhead,2,3,none,minimal,false,,false,true,true,primary,2,true,core_braced,internally_reviewed,,no,,,,,Half-Kneeling Press,half_kneeling_press,upper,,,Half-Kneeling Press,Half-Kneeling Press,Half-Kneeling Press,Half-Kneeling Press,Half-Kneeling Press,Half-Kneeling Press,ハーフキーリングプレス,Half-Kneeling Press,Half-Kneeling Press,,,,,,,,,
258,plank_pull_through,Plank Pull-Through,Plank Pull-Through,Plank Pull-Through,movement,weights,strength; weights,strength,,,Dumbbells,dumbbells,,core; obliques; front_delts,core; obliques,front_delts,,abs; obliques; frontDelts,core_anti_rotation,resistance_dynamic,tempo_reps,4,11,reps,60,true,true,2,true,false,false,wrist,2,2,none,minimal,false,,false,true,true,primary,2,true,core_braced,internally_reviewed,,no,,,,,Plank Pull-Through,plank_pull_through,upper,,,Plank Pull-Through,Plank Pull-Through,Plank Pull-Through,Plank Pull-Through,Plank Pull-Through,Plank Pull-Through,プランクプルスルー,Plank Pull-Through,Plank Pull-Through,,,,,,,,,
259,bird_dog_row,Bird-Dog Row,Bird-Dog Row,Bird-Dog Row,movement,weights,strength; weights,strength,,,Dumbbells · Bench,dumbbells; bench,,core; lats; obliques,core; lats,obliques,,abs; obliques; lats,core_anti_rotation,resistance_dynamic,tempo_reps,4,10,reps,60,true,true,2,true,false,false,,3,2,none,minimal,false,,false,true,true,primary,2,true,core_braced,internally_reviewed,,no,,,,,Bird-Dog Row,bird_dog_row,upper,,,Bird-Dog Row,Bird-Dog Row,Bird-Dog Row,Bird-Dog Row,Bird-Dog Row,Bird-Dog Row,バードドッグ・ロウ,Bird-Dog Row,Bird-Dog Row,,,,,,,,,
260,single_arm_dumbbell_press,Single-Arm Dumbbell Press,Single-Arm Dumbbell Press,Single-Arm Dumbbell Press,movement,weights,strength; weights,strength,,,Dumbbells,dumbbells,,front_delts; core; triceps,front_delts,core; triceps,,frontDelts; abs; obliques; triceps,vertical_push,resistance_dynamic,tempo_reps,4,10,reps,90,true,true,2,true,false,false,shoulder_overhead,2,3,none,minimal,false,,false,true,true,primary,3,true,standard_compound,internally_reviewed,,no,,,,"The answer when one shoulder is restricted and the other is fine, which a bilateral press cannot serve.",Single-Arm Dumbbell Press,single_arm_dumbbell_press,push,,,Single-Arm Dumbbell Press,Single-Arm Dumbbell Press,Single-Arm Dumbbell Press,Single-Arm Dumbbell Press,Single-Arm Dumbbell Press,Single-Arm Dumbbell Press,シングルアームダンベルプレス,Single-Arm Dumbbell Press,Single-Arm Dumbbell Press,,,,,,,,,
261,single_arm_floor_press,Single-Arm Floor Press,Single-Arm Floor Press,Single-Arm Floor Press,movement,weights,strength; weights,strength,,,Dumbbells,dumbbells,,chest; triceps; core,chest; triceps,core,,chest; triceps; abs; obliques,horizontal_push,resistance_dynamic,tempo_reps,4,10,reps,60,true,true,2,true,false,false,,2,2,none,minimal,false,,false,true,true,primary,2,true,standard_compound,internally_reviewed,,no,,,,,Single-Arm Floor Press,single_arm_floor_press,push,,,Single-Arm Floor Press,Single-Arm Floor Press,Single-Arm Floor Press,Single-Arm Floor Press,Single-Arm Floor Press,Single-Arm Floor Press,シングルアームフロアプレス,Single-Arm Floor Press,Single-Arm Floor Press,,,,,,,,,
262,single_arm_bench_press,Single-Arm Dumbbell Bench Press,Single-Arm Dumbbell Bench Press,Single-Arm Dumbbell Bench Press,movement,weights,strength; weights,strength,,,Dumbbells · Bench,dumbbells; bench,,chest; core; triceps,chest,core; triceps,,chest; abs; obliques; triceps,horizontal_push,resistance_dynamic,tempo_reps,4,10,reps,90,true,true,2,true,false,false,shoulder_press,3,3,none,minimal,false,,false,true,true,primary,3,true,standard_compound,internally_reviewed,,no,,,,,Single-Arm Dumbbell Bench Press,single_arm_bench_press,push,,,Single-Arm Dumbbell Bench Press,Single-Arm Dumbbell Bench Press,Single-Arm Dumbbell Bench Press,Single-Arm Dumbbell Bench Press,Single-Arm Dumbbell Bench Press,Single-Arm Dumbbell Bench Press,シングルアームダンベルベンチプレス,Single-Arm Dumbbell Bench Press,Single-Arm Dumbbell Bench Press,,,,,,,,,
263,single_arm_landmine_press,Single-Arm Landmine Press,Single-Arm Landmine Press,Single-Arm Landmine Press,movement,weights,strength; weights,strength,,,Landmine · Barbell,landmine; barbell,,front_delts; upper_chest; core,front_delts,upper_chest; core,,frontDelts; chest; abs; obliques,vertical_push,resistance_dynamic,tempo_reps,4,10,reps,90,true,true,2.5,true,false,false,,2,2,none,minimal,false,,false,true,true,primary,3,true,standard_compound,internally_reviewed,,no,,,,,Single-Arm Landmine Press,single_arm_landmine_press,push,,,Single-Arm Landmine Press,Single-Arm Landmine Press,Single-Arm Landmine Press,Single-Arm Landmine Press,Single-Arm Landmine Press,Single-Arm Landmine Press,シングルアームランドミンプレス,Single-Arm Landmine Press,Single-Arm Landmine Press,,,,,,,,,
264,single_arm_machine_press,Single-Arm Machine Press,Single-Arm Machine Press,Single-Arm Machine Press,movement,machine,strength; machine,strength,,,Chest Press Machine,chest_press_machine,,chest; triceps,chest,triceps,,chest; triceps,horizontal_push,resistance_dynamic,tempo_reps,4,13,reps,60,true,true,2.5,true,false,false,,1,2,none,minimal,false,,false,true,true,primary,2,true,standard_compound,internally_reviewed,,no,,,,,Single-Arm Machine Press,single_arm_machine_press,push,,,Single-Arm Machine Press,Single-Arm Machine Press,Single-Arm Machine Press,Single-Arm Machine Press,Single-Arm Machine Press,Single-Arm Machine Press,シングルアームマシンプレス,Single-Arm Machine Press,Single-Arm Machine Press,,,,,,,,,
265,arnold_press,Arnold Press,Împins Arnold,อาร์โนลด์เพรส,movement,weights,strength; weights,strength,,,Dumbbells · Adjustable Bench,dumbbells; adjustable_bench,,front_delts; side_delts; triceps,front_delts,side_delts; triceps,,frontDelts; sideDelts; triceps,vertical_push,resistance_dynamic,tempo_reps,4,10,reps,90,false,true,2,true,false,false,shoulder_overhead,3,2,none,minimal,false,,false,true,true,primary,3,true,standard_compound,internally_reviewed,,no,,,,,Arnold Press,arnold_press,push,,,Arnold Press,Arnold Press,Arnold Press,Arnold Press,Arnold Press,Arnold Press,アーノルドプレス,Împins Arnold,อาร์โนลด์เพรส,,,,,,,,,
266,front_raise,Front Raise,Front Raise,Front Raise,movement,weights,strength; weights,strength,,,Dumbbells,dumbbells,,front_delts,front_delts,,,frontDelts,isolation_upper,resistance_dynamic,tempo_reps,3,13,reps,60,false,true,1,true,false,false,shoulder_overhead,1,2,none,minimal,false,,false,true,true,accessory,1,true,single_joint,internally_reviewed,,no,,,,,Front Raise,front_raise,upper,,,Front Raise,Front Raise,Front Raise,Front Raise,Front Raise,Front Raise,フロントレイズ,Front Raise,Front Raise,,,,,,,,,
267,svend_press,Svend Press,Svend Press,Svend Press,movement,weights,strength; weights,strength,,,Plates,plates,,chest,chest,,,chest,isolation_upper,resistance_dynamic,tempo_reps,3,16,reps,60,false,true,1.25,true,false,false,,1,2,none,minimal,false,,false,true,true,accessory,1,true,single_joint,internally_reviewed,,no,,,,,Svend Press,svend_press,upper,,,Svend Press,Svend Press,Svend Press,Svend Press,Svend Press,Svend Press,スベンドプレス,Svend Press,Svend Press,,,,,,,,,
268,decline_press,Decline Press,Decline Press,Decline Press,movement,weights,strength; weights,strength,,,Dumbbells · Adjustable Bench,dumbbells; adjustable_bench,,chest; triceps,chest,triceps,,chest; triceps,horizontal_push,resistance_dynamic,tempo_reps,4,10,reps,90,false,true,2,true,false,false,,2,2,none,minimal,false,,false,true,true,primary,3,true,standard_compound,internally_reviewed,,no,,,,,Decline Press,decline_press,push,,,Decline Press,Decline Press,Decline Press,Decline Press,Decline Press,Decline Press,Declineプレス,Decline Press,Decline Press,,,,,,,,,
269,ab_wheel_rollout,Ab-Wheel Rollout,Abdomene cu roata abdominală,ลูกกลิ้งหน้าท้อง,movement,strength,strength,strength,,,Ab Wheel,ab_wheel,,core; lats; front_delts,core,lats; front_delts,,abs; obliques; lats; frontDelts; lowerBack,core_anti_extension,resistance_dynamic,tempo_reps,4,8,reps,90,false,false,0,true,false,false,lumbar_extension; shoulder_overhead,4,3,none,minimal,false,,false,true,false,primary,3,true,core_braced,internally_reviewed,,no,,,abs; abdominals,The lower back gives out before the abs do if the range is rushed. Extend only as far as the ribs stay down.,Ab-Wheel Rollout,ab_wheel_rollout,upper,abdomene; abdomen; roata abdominala,,Ab-Wheel Rollout,Ab-Wheel Rollout,Ab-Wheel Rollout,Ab-Wheel Rollout,Ab-Wheel Rollout,Ab-Wheel Rollout,Ab-Wheelロールアウト,Abdomene cu roata abdominală,ลูกกลิ้งหน้าท้อง,abs; abdominals,,,,,,,abdomene; abdomen; roata abdominala,
270,reverse_crunch,Reverse Crunch,Abdomene inverse,รีเวิร์สครันช์,movement,strength,strength,strength,,,Mat,mat,,core; hip_flexors,core,hip_flexors,,abs; obliques,core_flexion,resistance_dynamic,tempo_reps,4,15,reps,60,false,false,0,true,false,false,,1,2,none,minimal,false,,false,true,true,primary,2,true,core_braced,internally_reviewed,,no,,,abs; abdominals,"Curl the pelvis rather than swinging the legs, which is what turns this into hip flexor work.",Reverse Crunch,reverse_crunch,upper,abdomene; abdomen,,Reverse Crunch,Reverse Crunch,Reverse Crunch,Reverse Crunch,Reverse Crunch,Reverse Crunch,リバース・クランチ,Abdomene inverse,รีเวิร์สครันช์,abs; abdominals,,,,,,,abdomene; abdomen,
271,decline_sit_up,Decline Sit-Up,Abdomene pe bancă declinată,ซิตอัพบนม้านั่งลาด,movement,strength,strength,strength,,,Adjustable Bench,adjustable_bench,,core; hip_flexors,core,hip_flexors,,abs; obliques,core_flexion,resistance_dynamic,tempo_reps,4,12,reps,90,false,true,2.5,true,false,false,lumbar_flexion,2,2,none,minimal,false,,false,true,true,primary,3,true,core_braced,internally_reviewed,,no,,,abs; abdominals,,Decline Sit-Up,decline_sit_up,upper,abdomene; abdomen; abdomene banca,,Decline Sit-Up,Decline Sit-Up,Decline Sit-Up,Decline Sit-Up,Decline Sit-Up,Decline Sit-Up,シフトアップ,Abdomene pe bancă declinată,ซิตอัพบนม้านั่งลาด,abs; abdominals,,,,,,,abdomene; abdomen; abdomene banca,
272,front_lever_row,Front Lever Row,Ramat în front lever,ฟรอนต์ลีเวอร์โรว์,movement,calisthenics,street; calisthenics,calisthenics,,,Pull Up Bar,pull_up_bar,,lats; core; biceps; upper_back,lats; core,biceps; upper_back,,lats; abs; obliques; biceps; upperBack; rearDelts,horizontal_pull,resistance_dynamic,tempo_reps,4,5,reps,120,false,false,0,true,false,false,,5,4,none,minimal,false,,true,false,false,primary,4,true,standard_compound,internally_reviewed,,no,,,,A straight-body pull that the core fails long before the back does.,Front Lever Row,front_lever_row,pull,ramat front lever,,Front Lever Row,Front Lever Row,Front Lever Row,Front Lever Row,Front Lever Row,Front Lever Row,フロントレバー列,Ramat în front lever,ฟรอนต์ลีเวอร์โรว์,,,,,,,,ramat front lever,
273,human_flag_progression,Human Flag Progression,Progresie steagul uman,ฝึกฮิวแมนแฟลก,movement,calisthenics,street; calisthenics,calisthenics,,,Pull Up Bar,pull_up_bar,,obliques; lats; front_delts,obliques; lats,front_delts,,obliques; lats; frontDelts; sideDelts; abs; forearms,skill,skill_drill,quality,4,13,seconds,120,false,false,0,true,false,false,,5,5,none,minimal,false,,true,false,false,primary,4,false,standard_compound,internally_reviewed,,no,,,,,Human Flag Progression,human_flag_progression,upper,,,Human Flag Progression,Human Flag Progression,Human Flag Progression,Human Flag Progression,Human Flag Progression,Human Flag Progression,人間の旗の進歩,Progresie steagul uman,ฝึกฮิวแมนแฟลก,,,,,,,,,
274,worlds_greatest_stretch,World's Greatest Stretch,Întinderea completă a corpului,เวิลด์เกรเทสต์สเตรตช์,movement,mobility,mobility,mobility,,,Floor Space,floor_space,,hips; thoracic_spine; hamstrings; adductors,hips; thoracic_spine,hamstrings; adductors,,hamstrings; adductors; glutes; obliques; lowerBack,mobility,mobility_drill,quality,2,6,reps,15,true,false,0,true,false,false,,2,3,none,minimal,false,,false,true,true,accessory,1,false,standard_compound,internally_reviewed,,no,,,,"Covers hip, thoracic spine and hamstring in one sequence, which is why it survives a warm-up nobody has time for.",World's Greatest Stretch,worlds_greatest_stretch,mobility,,,World's Greatest Stretch,World's Greatest Stretch,World's Greatest Stretch,World's Greatest Stretch,World's Greatest Stretch,World's Greatest Stretch,世界最大級のストレッチ,Întinderea completă a corpului,เวิลด์เกรเทสต์สเตรตช์,,,,,,,,,
275,band_shoulder_dislocate,Band Shoulder Dislocate,Mobilizare umeri cu banda,หมุนไหล่ด้วยยางยืด,movement,mobility,mobility,mobility,,,Bands,bands,,rotator_cuff; front_delts,rotator_cuff; front_delts,,,frontDelts; rearDelts; upperBack,mobility,mobility_drill,quality,2,10,reps,15,false,false,0,true,false,false,shoulder_overhead,2,2,none,minimal,false,,false,true,true,accessory,1,false,standard_compound,internally_reviewed,,no,,,,Hands wide enough that the shoulders never shrug up to get around. Narrowing the grip is the progression.,Band Shoulder Dislocate,band_shoulder_dislocate,mobility,,,Band Shoulder Dislocate,Band Shoulder Dislocate,Band Shoulder Dislocate,Band Shoulder Dislocate,Band Shoulder Dislocate,Band Shoulder Dislocate,バンド肩の転置,Mobilizare umeri cu banda,หมุนไหล่ด้วยยางยืด,,,,,,,,,
276,lower_body_foam_roll,Lower-Body Foam Roll,Foam rolling pentru partea inferioară,โฟมโรลช่วงล่าง,movement,mobility,mobility,mobility,,,Foam Roller,foam_roller,,quadriceps; calves; glutes,quadriceps; calves,glutes,,quads; calves; glutes; hamstrings,mobility,mobility_drill,quality,2,45,seconds,15,false,false,0,true,false,false,,1,1,none,minimal,false,,false,true,true,accessory,1,false,standard_compound,internally_reviewed,,no,,,,Useful for how it feels afterwards rather than for changing the tissue. Short and unhurried beats grinding.,Lower-Body Foam Roll,lower_body_foam_roll,mobility,,,Lower-Body Foam Roll,Lower-Body Foam Roll,Lower-Body Foam Roll,Lower-Body Foam Roll,Lower-Body Foam Roll,Lower-Body Foam Roll,低ボディ フォーム ロール,Foam rolling pentru partea inferioară,โฟมโรลช่วงล่าง,,,,,,,,,
277,single_leg_stand,Single-Leg Stand,Single-Leg Stand,Single-Leg Stand,movement,mobility,balance; mobility,balance; mobility,,,Bodyweight,,,ankle_stabilisers; glutes; core,ankle_stabilisers,glutes; core,,glutes; abs; obliques,balance,balance_drill,quality,2,33,seconds,30,true,false,0,true,false,false,,1,5,none,minimal,false,,false,true,true,primary,1,false,standard_compound,internally_reviewed,,no,,,,"Timed per side, eyes open first. Progress by closing the eyes, not by adding time past a minute.",Single-Leg Stand,single_leg_stand,mobility,,,Single-Leg Stand,Single-Leg Stand,Single-Leg Stand,Single-Leg Stand,Single-Leg Stand,Single-Leg Stand,シングルラグスタンド,Single-Leg Stand,Single-Leg Stand,,,,,,,,,
278,tandem_stance,Tandem Stance,Tandem Stance,Tandem Stance,movement,balance,balance,balance,,,Bodyweight,,,ankle_stabilisers; core,ankle_stabilisers,core,,abs; obliques,balance,balance_drill,quality,2,40,seconds,30,false,false,0,true,false,false,,1,4,none,minimal,false,,false,true,true,primary,1,false,standard_compound,internally_reviewed,,no,,,,"Heel to toe, both feet down. The regression when a single-leg stand is not yet holdable for twenty seconds.",Tandem Stance,tandem_stance,mobility,,,Tandem Stance,Tandem Stance,Tandem Stance,Tandem Stance,Tandem Stance,Tandem Stance,タンデム・スタンス,Tandem Stance,Tandem Stance,,,,,,,,,
279,heel_toe_walk,Heel-to-Toe Walk,Heel-to-Toe Walk,Heel-to-Toe Walk,movement,balance,balance,balance,,,Floor Space,floor_space,,ankle_stabilisers; core; glutes,ankle_stabilisers,core; glutes,,abs; obliques; glutes,balance,balance_drill,quality,2,15,steps,30,false,false,0,true,false,false,,2,5,none,minimal,false,,false,true,true,primary,1,false,standard_compound,internally_reviewed,,no,,,,,Heel-to-Toe Walk,heel_toe_walk,mobility,,,Heel-to-Toe Walk,Heel-to-Toe Walk,Heel-to-Toe Walk,Heel-to-Toe Walk,Heel-to-Toe Walk,Heel-to-Toe Walk,ヒール・ツー・トゥ・ウォーク,Heel-to-Toe Walk,Heel-to-Toe Walk,,,,,,,,,
280,single_leg_reach,Single-Leg Reach,Single-Leg Reach,Single-Leg Reach,movement,balance,balance,balance,,,Floor Space,floor_space,,glutes; hamstrings; ankle_stabilisers,glutes,hamstrings; ankle_stabilisers,,glutes; hamstrings,balance,balance_drill,quality,2,8,reps,30,true,false,0,true,false,false,,2,5,none,minimal,false,,false,true,true,primary,2,false,standard_compound,internally_reviewed,,no,,,,"Reaching forward, then diagonally, then across. Trains the hip in the directions a stumble actually happens in.",Single-Leg Reach,single_leg_reach,mobility,,,Single-Leg Reach,Single-Leg Reach,Single-Leg Reach,Single-Leg Reach,Single-Leg Reach,Single-Leg Reach,シングルラグリーチ,Single-Leg Reach,Single-Leg Reach,,,,,,,,,
281,airplane_balance,Airplane Balance,Airplane Balance,Airplane Balance,movement,yoga,yoga; balance,balance; yoga,,,Floor Space,floor_space,,glutes; hamstrings; spinal_erectors,glutes,hamstrings; spinal_erectors,,glutes; hamstrings,balance,balance_drill,quality,2,23,seconds,30,true,false,0,true,false,false,,3,5,none,minimal,false,,false,true,true,primary,2,false,standard_compound,internally_reviewed,,no,,,,,Airplane Balance,airplane_balance,mobility,,,Airplane Balance,Airplane Balance,Airplane Balance,Airplane Balance,Airplane Balance,Airplane Balance,飛行機のバランス,Airplane Balance,Airplane Balance,,,,,,,,,
282,eyes_closed_balance,"Single-Leg Stand, Eyes Closed","Single-Leg Stand, Eyes Closed","Single-Leg Stand, Eyes Closed",movement,balance,balance,balance,,,Wall,wall,,ankle_stabilisers; core,ankle_stabilisers,core,,abs; obliques,balance,balance_drill,quality,2,20,seconds,30,true,false,0,true,false,false,,3,5,none,minimal,false,,false,true,true,primary,1,false,standard_compound,internally_reviewed,,no,,,,Removing vision removes the sense most people were leaning on. Stand within reach of a wall.,"Single-Leg Stand, Eyes Closed",eyes_closed_balance,mobility,,,"Single-Leg Stand, Eyes Closed","Single-Leg Stand, Eyes Closed","Single-Leg Stand, Eyes Closed","Single-Leg Stand, Eyes Closed","Single-Leg Stand, Eyes Closed","Single-Leg Stand, Eyes Closed",シングルラグスタンド、目が閉じる,"Single-Leg Stand, Eyes Closed","Single-Leg Stand, Eyes Closed",,,,,,,,,
283,step_down_control,Controlled Step-Down,Controlled Step-Down,Controlled Step-Down,movement,balance,strength; balance,balance; strength,,,Chair or Plyo Box or Step,,chair | plyo_box | step,quadriceps; glutes; ankle_stabilisers,quadriceps,glutes; ankle_stabilisers,,quads; glutes,balance,balance_drill,quality,2,9,reps,30,true,false,0,true,false,false,,2,4,none,minimal,false,,false,true,true,primary,2,false,standard_compound,internally_reviewed,,no,,,,"The eccentric half of a step-up, which is the half that stops a fall on stairs.",Controlled Step-Down,step_down_control,mobility,,,Controlled Step-Down,Controlled Step-Down,Controlled Step-Down,Controlled Step-Down,Controlled Step-Down,Controlled Step-Down,制御ステップダウン,Controlled Step-Down,Controlled Step-Down,,,,,,,,,
284,bent_over_dumbbell_row,Bent-Over Dumbbell Row,Bent-Over Dumbbell Row,Bent-Over Dumbbell Row,movement,weights,strength; weights,strength,,,Dumbbells,dumbbells,,lats; mid_traps; biceps; rear_delts; spinal_erectors,lats; mid_traps,biceps; rear_delts; spinal_erectors,spinal_erectors; hamstrings,lats; biceps; rearDelts,horizontal_pull,resistance_dynamic,tempo_reps,4,10,reps,90,false,true,2,true,false,false,lumbar_flexion,2,3,none,minimal,false,,false,true,true,primary,3,true,standard_compound,internally_reviewed,,no,,,,"Both dumbbells, hinged and held. Needs no bench, which is the entire point of it being here.",Bent-Over Dumbbell Row,bent_over_dumbbell_row,pull,,,Bent-Over Dumbbell Row,Bent-Over Dumbbell Row,Bent-Over Dumbbell Row,Bent-Over Dumbbell Row,Bent-Over Dumbbell Row,Bent-Over Dumbbell Row,ベントオーバーダンベル列,Bent-Over Dumbbell Row,Bent-Over Dumbbell Row,,,,,,,,,
285,kettlebell_bent_over_row,Bent-Over Kettlebell Row,Bent-Over Kettlebell Row,Bent-Over Kettlebell Row,movement,weights,strength; weights,strength,,,Kettlebell,kettlebell,,lats; mid_traps; biceps; rear_delts,lats; mid_traps,biceps; rear_delts,spinal_erectors,lats; biceps; rearDelts,horizontal_pull,resistance_dynamic,tempo_reps,4,10,reps,90,false,true,4,true,false,false,lumbar_flexion,2,3,none,minimal,false,,false,true,true,primary,3,true,standard_compound,internally_reviewed,,no,,,,,Bent-Over Kettlebell Row,kettlebell_bent_over_row,pull,,,Bent-Over Kettlebell Row,Bent-Over Kettlebell Row,Bent-Over Kettlebell Row,Bent-Over Kettlebell Row,Bent-Over Kettlebell Row,Bent-Over Kettlebell Row,ベントオーバー・ケトルベル・ロウ,Bent-Over Kettlebell Row,Bent-Over Kettlebell Row,,,,,,,,,
286,band_bent_over_row,Bent-Over Band Row,Bent-Over Band Row,Bent-Over Band Row,movement,strength,strength,strength,,,Bands,bands,,lats; mid_traps; biceps; rear_delts,lats; mid_traps,biceps; rear_delts,,lats; biceps; rearDelts,horizontal_pull,resistance_dynamic,tempo_reps,4,16,reps,60,false,false,0,true,false,false,,1,2,none,minimal,false,,false,true,true,primary,2,true,standard_compound,internally_reviewed,,no,,,,"Standing on the band, so it needs no anchor point and works in a hotel room.",Bent-Over Band Row,band_bent_over_row,pull,,,Bent-Over Band Row,Bent-Over Band Row,Bent-Over Band Row,Bent-Over Band Row,Bent-Over Band Row,Bent-Over Band Row,ベントオーバーバンド列,Bent-Over Band Row,Bent-Over Band Row,,,,,,,,,
287,prone_floor_row,Prone Floor Row,Prone Floor Row,Prone Floor Row,movement,strength,strength,strength,,,Mat,mat,,mid_traps; rear_delts; lats; lower_traps,mid_traps; rear_delts,lats; lower_traps,,rearDelts; lats,horizontal_pull,resistance_dynamic,tempo_reps,3,13,reps,60,false,false,0,true,false,false,,1,2,none,minimal,false,,false,true,true,accessory,2,true,standard_compound,internally_reviewed,,no,,,,"Face down, arms dragging along the floor. Almost no load, but it is a genuine horizontal pull for someone who owns nothing.",Prone Floor Row,prone_floor_row,pull,,,Prone Floor Row,Prone Floor Row,Prone Floor Row,Prone Floor Row,Prone Floor Row,Prone Floor Row,傾向がある床の列,Prone Floor Row,Prone Floor Row,,,,,,,,,
288,table_row,Table Row,Table Row,Table Row,movement,strength,strength,strength,,,Floor Space,floor_space,,lats; mid_traps; biceps; core,lats; mid_traps,biceps; core,,lats; biceps; abs; obliques,horizontal_pull,resistance_dynamic,tempo_reps,4,9,reps,90,false,false,0,true,false,false,,2,3,none,minimal,false,,false,true,true,primary,3,true,standard_compound,internally_reviewed,,no,,,,"Under a sturdy table, gripping the edge. The honest bodyweight horizontal pull when there is no bar.",Table Row,table_row,pull,,,Table Row,Table Row,Table Row,Table Row,Table Row,Table Row,テーブルの列,Table Row,Table Row,,,,,,,,,
289,towel_door_row,Towel Door Row,Towel Door Row,Towel Door Row,movement,strength,strength,strength,,,Towel,towel,,lats; mid_traps; biceps; forearms,lats; mid_traps,biceps; forearms,,lats; biceps; forearms,horizontal_pull,resistance_dynamic,tempo_reps,4,12,reps,60,false,false,0,true,false,false,,1,3,none,minimal,false,,false,true,true,primary,2,true,standard_compound,internally_reviewed,,no,,,,"Towel round a closed door handle, leaning back. Load is set by foot position, so it scales without any kit.",Towel Door Row,towel_door_row,pull,,,Towel Door Row,Towel Door Row,Towel Door Row,Towel Door Row,Towel Door Row,Towel Door Row,タオルのドアの列,Towel Door Row,Towel Door Row,,,,,,,,,
290,band_lat_pullover,Band Lat Pullover,Band Lat Pullover,Band Lat Pullover,movement,strength,strength,strength,,,Bands,bands,,lats; triceps; core,lats,triceps; core,,lats; triceps; abs; obliques,vertical_pull,resistance_dynamic,tempo_reps,3,16,reps,60,false,false,0,true,false,false,,1,2,none,minimal,false,,false,true,true,accessory,2,true,standard_compound,internally_reviewed,,no,,,,"Band under the feet, arms sweeping overhead to the hips. Loads the lats in the vertical plane without an anchor.",Band Lat Pullover,band_lat_pullover,pull,,,Band Lat Pullover,Band Lat Pullover,Band Lat Pullover,Band Lat Pullover,Band Lat Pullover,Band Lat Pullover,バンド ラットのプルオーバー,Band Lat Pullover,Band Lat Pullover,,,,,,,,,
291,dumbbell_pullover,Dumbbell Pullover,Dumbbell Pullover,Dumbbell Pullover,movement,weights,strength; weights,strength,,,Dumbbells · Bench,dumbbells; bench,,lats; pecs; triceps,lats,pecs; triceps,,lats; triceps,vertical_pull,resistance_dynamic,tempo_reps,3,13,reps,60,false,true,2,true,false,false,shoulder_overhead,2,3,none,minimal,false,,false,true,true,accessory,2,true,standard_compound,internally_reviewed,,no,,,,The only vertical-plane lat loader available to a dumbbell-and-bench kit.,Dumbbell Pullover,dumbbell_pullover,pull,,,Dumbbell Pullover,Dumbbell Pullover,Dumbbell Pullover,Dumbbell Pullover,Dumbbell Pullover,Dumbbell Pullover,ダンベルプルオーバー,Dumbbell Pullover,Dumbbell Pullover,,,,,,,,,
292,floor_pullover,Floor Pullover,Floor Pullover,Floor Pullover,movement,weights,strength; weights,strength,,,Backpack or Dumbbells or Kettlebell,,backpack | dumbbells | kettlebell,lats; triceps; core,lats,triceps; core,,lats; triceps; abs; obliques,vertical_pull,resistance_dynamic,tempo_reps,3,13,reps,60,false,true,2,true,false,false,shoulder_overhead,1,2,none,minimal,false,,false,true,true,accessory,2,true,standard_compound,internally_reviewed,,no,,,,"Lying on the floor, so the range stops where the floor does. Less range than the bench version and the only vertical-plane lat work a dumbbell-only kit has.",Floor Pullover,floor_pullover,pull,,,Floor Pullover,Floor Pullover,Floor Pullover,Floor Pullover,Floor Pullover,Floor Pullover,フロアプルオーバー,Floor Pullover,Floor Pullover,,,,,,,,,
293,towel_door_pulldown,Towel Door Pulldown,Towel Door Pulldown,Towel Door Pulldown,movement,strength,strength,strength,,,Towel,towel,,lats; biceps; forearms,lats,biceps; forearms,,lats; biceps; forearms,vertical_pull,resistance_dynamic,tempo_reps,3,15,reps,60,false,false,0,true,false,false,,1,2,none,minimal,false,,false,true,true,accessory,2,true,standard_compound,internally_reviewed,,no,,,,"Towel over the top of a closed door, kneeling. Self-resisted, so the load is honest about being modest.",Towel Door Pulldown,towel_door_pulldown,pull,,,Towel Door Pulldown,Towel Door Pulldown,Towel Door Pulldown,Towel Door Pulldown,Towel Door Pulldown,Towel Door Pulldown,タオルのドアのプルダウン,Towel Door Pulldown,Towel Door Pulldown,,,,,,,,,
294,band_straight_arm_pulldown,Band Straight-Arm Pulldown,Band Straight-Arm Pulldown,Band Straight-Arm Pulldown,movement,strength,strength,strength,,,Bands · Anchor Point or Door Anchor,bands,anchor_point | door_anchor,lats; triceps; core,lats,triceps; core,,lats; triceps; abs; obliques,vertical_pull,resistance_dynamic,tempo_reps,3,16,reps,60,false,false,0,true,false,false,,1,2,none,minimal,false,,false,true,true,accessory,2,true,standard_compound,internally_reviewed,,no,,,,,Band Straight-Arm Pulldown,band_straight_arm_pulldown,pull,,,Band Straight-Arm Pulldown,Band Straight-Arm Pulldown,Band Straight-Arm Pulldown,Band Straight-Arm Pulldown,Band Straight-Arm Pulldown,Band Straight-Arm Pulldown,バンドストレートアームプルダウン,Band Straight-Arm Pulldown,Band Straight-Arm Pulldown,,,,,,,,,
295,wall_sit,Wall Sit,Wall Sit,Wall Sit,movement,strength,strength,strength,,,Wall,wall,,quadriceps; glutes,quadriceps,glutes,,quads; glutes,squat,resistance_isometric,hold,3,60,seconds,60,false,false,0,true,false,false,,1,1,none,minimal,false,,false,true,true,accessory,2,false,standard_compound,internally_reviewed,,yes,already_canonical,Wall Sit,,"Progresses by time and by moving the feet forward, so it keeps working long after bodyweight squats stop counting.",Wall Sit,wall_sit,legs_b,,,Wall Sit,Wall Sit,Wall Sit,Wall Sit,Wall Sit,Wall Sit,壁シット,Wall Sit,Wall Sit,,,,,,,,,
296,cossack_squat,Cossack Squat,Cossack Squat,Cossack Squat,movement,mobility,strength; mobility,strength; mobility,,,Floor Space,floor_space,,quadriceps; adductors; glutes; hips,quadriceps; adductors,glutes; hips,,quads; adductors; glutes,squat,resistance_dynamic,tempo_reps,4,8,reps,90,true,false,0,true,false,false,ankle_dorsiflexion; groin; hip_deep_flexion; knee_deep_flexion,3,4,none,minimal,false,,false,true,true,primary,3,true,standard_compound,internally_reviewed,,no,,,,"The only common squat that trains the frontal plane, which is where most people have no strength at all.",Cossack Squat,cossack_squat,mobility,,,Cossack Squat,Cossack Squat,Cossack Squat,Cossack Squat,Cossack Squat,Cossack Squat,コザックスクエア,Cossack Squat,Cossack Squat,,,,,,,,,
297,lateral_lunge,Lateral Lunge,Lateral Lunge,Lateral Lunge,movement,strength,strength,strength,,,Floor Space,floor_space,,adductors; glutes; quadriceps,adductors; glutes,quadriceps,,adductors; glutes; quads,lunge,resistance_dynamic,tempo_reps,4,10,reps,60,true,false,0,true,false,false,groin,2,3,none,minimal,false,,false,true,true,primary,2,true,standard_compound,internally_reviewed,,no,,,,,Lateral Lunge,lateral_lunge,legs_b,,,Lateral Lunge,Lateral Lunge,Lateral Lunge,Lateral Lunge,Lateral Lunge,Lateral Lunge,リアラル・ルンネ,Lateral Lunge,Lateral Lunge,,,,,,,,,
298,shrimp_squat,Shrimp Squat,Shrimp Squat,Shrimp Squat,movement,calisthenics,strength; calisthenics,calisthenics; strength,,,Floor Space,floor_space,,quadriceps; glutes; core,quadriceps,glutes; core,,quads; glutes; abs; obliques,squat,resistance_dynamic,tempo_reps,4,6,reps,120,true,false,0,true,false,false,ankle_dorsiflexion; hip_deep_flexion; knee_deep_flexion,4,5,none,minimal,false,,false,true,false,primary,4,true,standard_compound,internally_reviewed,,yes,already_canonical,Shrimp Squat,,"The single-leg squat that needs no balance beam and no ankle mobility miracle, unlike the pistol.",Shrimp Squat,shrimp_squat,legs_b,,,Shrimp Squat,Shrimp Squat,Shrimp Squat,Shrimp Squat,Shrimp Squat,Shrimp Squat,エビスクワット,Shrimp Squat,Shrimp Squat,,,,,,,,,
299,chair_step_up,Chair Step-Up,Chair Step-Up,Chair Step-Up,movement,strength,strength,strength,,,Chair,chair,,quadriceps; glutes; calves,quadriceps; glutes,calves,,quads; glutes; calves,lunge,resistance_dynamic,tempo_reps,4,12,reps,60,true,false,0,true,false,false,,1,3,none,minimal,false,,false,true,true,primary,2,true,standard_compound,internally_reviewed,,no,,,,The hotel-room lower-body loader. A desk chair is not one: it has to be a chair that cannot roll.,Chair Step-Up,chair_step_up,legs_b,,,Chair Step-Up,Chair Step-Up,Chair Step-Up,Chair Step-Up,Chair Step-Up,Chair Step-Up,椅子のステップアップ,Chair Step-Up,Chair Step-Up,,,,,,,,,
300,single_leg_glute_bridge,Single-Leg Glute Bridge,Podul fesier pe un picior,สะพานก้นขาเดียว,movement,strength,strength,strength,,,Mat,mat,,glutes; hamstrings; core,glutes,hamstrings; core,,glutes; hamstrings; abs; obliques,hip_hinge,resistance_dynamic,tempo_reps,4,12,reps,60,true,false,0,true,false,false,,2,3,none,minimal,false,,false,true,true,primary,2,true,glute_lockout,internally_reviewed,,no,,,,"Roughly doubles the load on a bridge without adding a gram, which is the whole trick of unilateral work.",Single-Leg Glute Bridge,single_leg_glute_bridge,legs_a,,,Single-Leg Glute Bridge,Single-Leg Glute Bridge,Single-Leg Glute Bridge,Single-Leg Glute Bridge,Single-Leg Glute Bridge,Single-Leg Glute Bridge,シングルラグナットブリッジ,Podul fesier pe un picior,สะพานก้นขาเดียว,,,,,,,,,
301,nordic_eccentric,"Nordic Curl, Eccentric","Nordic Curl, Eccentric","Nordic Curl, Eccentric",movement,strength,strength,strength,,,Mat · Anchor For Feet,mat; anchor_for_feet,,hamstrings; glutes; calves,hamstrings,glutes; calves,,hamstrings; glutes; calves,hip_hinge,resistance_dynamic,tempo_reps,4,5,reps,120,false,false,0,true,false,false,knee_deep_flexion,4,3,none,minimal,false,,false,true,false,primary,4,true,hamstring_eccentric,internally_reviewed,,no,,,,"The best-evidenced hamstring-injury reducer there is, and brutally hard on the first attempt. Lowered slowly, hands ready to catch.","Nordic Curl, Eccentric",nordic_eccentric,legs_a,,,"Nordic Curl, Eccentric","Nordic Curl, Eccentric","Nordic Curl, Eccentric","Nordic Curl, Eccentric","Nordic Curl, Eccentric","Nordic Curl, Eccentric",ノルディックカール、エクセントリック,"Nordic Curl, Eccentric","Nordic Curl, Eccentric",,,,,,,,,
302,hamstring_walkout,Hamstring Walkout,Hamstring Walkout,Hamstring Walkout,movement,strength,strength,strength,,,Mat,mat,,hamstrings; glutes; core,hamstrings,glutes; core,,hamstrings; glutes; abs; obliques,hip_hinge,resistance_dynamic,tempo_reps,4,8,reps,90,false,false,0,true,false,false,,2,3,none,minimal,false,,false,true,true,primary,3,true,hamstring_eccentric,internally_reviewed,,no,,,,"From a bridge, walking the heels out and back. The regression that makes the Nordic reachable.",Hamstring Walkout,hamstring_walkout,legs_a,,,Hamstring Walkout,Hamstring Walkout,Hamstring Walkout,Hamstring Walkout,Hamstring Walkout,Hamstring Walkout,ハムストリング ウォークアウト,Hamstring Walkout,Hamstring Walkout,,,,,,,,,
303,band_good_morning,Band Good Morning,Band Good Morning,Band Good Morning,movement,strength,strength,strength,,,Bands,bands,,hamstrings; glutes; spinal_erectors,hamstrings; glutes,spinal_erectors,,hamstrings; glutes,hip_hinge,resistance_dynamic,tempo_reps,4,16,reps,60,false,false,0,true,false,false,lumbar_flexion,2,2,none,minimal,false,,false,true,true,primary,2,true,hamstring_eccentric,internally_reviewed,,no,,,,Band round the neck and under the feet. Teaches the hinge with the resistance in the right place and nothing to drop.,Band Good Morning,band_good_morning,legs_a,,,Band Good Morning,Band Good Morning,Band Good Morning,Band Good Morning,Band Good Morning,Band Good Morning,バンドグッドモーニング,Band Good Morning,Band Good Morning,,,,,,,,,
304,band_overhead_press,Band Overhead Press,Band Overhead Press,Band Overhead Press,movement,strength,strength,strength,,,Bands,bands,,front_delts; triceps; core,front_delts,triceps; core,,frontDelts; triceps; abs; obliques,vertical_push,resistance_dynamic,tempo_reps,4,16,reps,60,false,false,0,true,false,false,shoulder_overhead,1,2,none,minimal,false,,false,true,true,primary,2,true,standard_compound,internally_reviewed,,no,,,,"Standing on the band. The resistance rises through the range, which happens to match where the shoulder is strongest.",Band Overhead Press,band_overhead_press,push,,,Band Overhead Press,Band Overhead Press,Band Overhead Press,Band Overhead Press,Band Overhead Press,Band Overhead Press,バンドオーバーヘッドプレス,Band Overhead Press,Band Overhead Press,,,,,,,,,
305,wall_walk,Wall Walk,Wall Walk,Wall Walk,movement,calisthenics,calisthenics; hiit,calisthenics; conditioning,,,Wall · Floor Space,wall; floor_space,,front_delts; triceps; core,front_delts,triceps; core,,frontDelts; triceps; abs; obliques,vertical_push,resistance_dynamic,tempo_reps,4,5,reps,120,false,false,0,true,false,false,shoulder_overhead; wrist,3,4,none,minimal,false,,false,true,true,primary,4,true,standard_compound,internally_reviewed,,no,,,,,Wall Walk,wall_walk,t25,,,Wall Walk,Wall Walk,Wall Walk,Wall Walk,Wall Walk,Wall Walk,ウォールウォーク,Wall Walk,Wall Walk,,,,,,,,,
306,backpack_carry,Loaded Backpack Carry,Loaded Backpack Carry,Loaded Backpack Carry,movement,weights,strength; weights,strength,,,Backpack,backpack,,core; forearms; traps; glutes,core; forearms,traps; glutes,,abs; obliques; forearms; neckTraps; glutes,carry,resistance_isometric,carry,4,45,seconds,60,false,true,2,true,false,false,,1,3,none,minimal,false,,false,true,true,primary,2,false,loaded_carry,internally_reviewed,,no,,,,Books and water bottles are a perfectly good load. The carry pattern is too useful to reserve for people who own handles.,Loaded Backpack Carry,backpack_carry,upper,,,Loaded Backpack Carry,Loaded Backpack Carry,Loaded Backpack Carry,Loaded Backpack Carry,Loaded Backpack Carry,Loaded Backpack Carry,ロードされたバックパックの運送,Loaded Backpack Carry,Loaded Backpack Carry,,,,,,,,,
307,suitcase_hold,Suitcase Hold,Suitcase Hold,Suitcase Hold,movement,weights,strength; weights,strength,,,Backpack or Dumbbells or Kettlebell,,backpack | dumbbells | kettlebell,obliques; forearms; traps,obliques; forearms,traps,,obliques; forearms; neckTraps,carry,resistance_isometric,carry,4,33,seconds,60,true,true,2,true,false,false,,1,3,none,minimal,false,,false,true,true,primary,2,false,loaded_carry,internally_reviewed,,no,,,,Standing still under an uneven load. The version for anyone without twenty metres of floor.,Suitcase Hold,suitcase_hold,upper,,,Suitcase Hold,Suitcase Hold,Suitcase Hold,Suitcase Hold,Suitcase Hold,Suitcase Hold,スーツケースのホールド,Suitcase Hold,Suitcase Hold,,,,,,,,,
308,tibialis_raise,Tibialis Raise,Tibialis Raise,Tibialis Raise,movement,strength,strength,strength,,,Wall,wall,,tibialis,tibialis,,,,isolation_lower,resistance_dynamic,tempo_reps,3,20,reps,60,false,false,0,true,false,false,,1,1,none,minimal,false,,false,true,true,accessory,1,true,grip_and_small,internally_reviewed,,no,,,,"The muscle on the front of the shin, which almost nobody trains and which is implicated in shin splints and in slowing down safely.",Tibialis Raise,tibialis_raise,legs_a,,,Tibialis Raise,Tibialis Raise,Tibialis Raise,Tibialis Raise,Tibialis Raise,Tibialis Raise,ティビアリス・レイズ,Tibialis Raise,Tibialis Raise,,,,,,,,,
309,heel_walk,Heel Walk,Heel Walk,Heel Walk,movement,strength,strength,strength,,,Floor Space,floor_space,,tibialis,tibialis,,,,isolation_lower,resistance_dynamic,distance,3,23,steps,60,false,false,0,true,false,false,,1,2,none,minimal,false,,false,true,true,accessory,1,false,grip_and_small,internally_reviewed,,no,,,,,Heel Walk,heel_walk,legs_a,,,Heel Walk,Heel Walk,Heel Walk,Heel Walk,Heel Walk,Heel Walk,ヒールウォーク,Heel Walk,Heel Walk,,,,,,,,,
310,short_foot,Short Foot Drill,Short Foot Drill,Short Foot Drill,movement,mobility,balance; mobility,mobility; balance,,,Bodyweight,,,foot_intrinsics; ankle_stabilisers,foot_intrinsics,ankle_stabilisers,,,isolation_lower,skill_drill,quality,3,20,seconds,60,false,false,0,true,false,false,,2,2,none,minimal,false,,false,true,true,accessory,1,false,grip_and_small,internally_reviewed,,no,,,,Drawing the ball of the foot toward the heel without curling the toes. Feels like nothing and changes how a single-leg stand behaves.,Short Foot Drill,short_foot,mobility,,,Short Foot Drill,Short Foot Drill,Short Foot Drill,Short Foot Drill,Short Foot Drill,Short Foot Drill,ショートフットドリル,Short Foot Drill,Short Foot Drill,,,,,,,,,
311,plate_pinch,Plate Pinch,Plate Pinch,Plate Pinch,movement,weights,strength; weights,strength,,,Plates,plates,,forearms,forearms,,,forearms,isolation_upper,resistance_isometric,hold,3,33,seconds,60,false,true,1.25,true,false,false,,1,1,none,minimal,false,,false,true,true,accessory,1,false,grip_and_small,internally_reviewed,,no,,,,"Pinch grip, which is the one that fails first on a deadlift and never gets trained by straps.",Plate Pinch,plate_pinch,upper,,,Plate Pinch,Plate Pinch,Plate Pinch,Plate Pinch,Plate Pinch,Plate Pinch,プレートピンチ,Plate Pinch,Plate Pinch,,,,,,,,,
312,towel_hang,Towel Hang,Towel Hang,Towel Hang,movement,strength,strength,strength,,,Pull Up Bar · Towel,pull_up_bar; towel,,forearms; lats,forearms,lats,,forearms; lats,isolation_upper,resistance_isometric,hold,3,28,seconds,60,false,false,0,true,false,false,,2,2,none,minimal,false,,false,true,true,accessory,2,false,grip_and_small,internally_reviewed,,no,,,,,Towel Hang,towel_hang,upper,,,Towel Hang,Towel Hang,Towel Hang,Towel Hang,Towel Hang,Towel Hang,タオル掛け,Towel Hang,Towel Hang,,,,,,,,,
313,wrist_roller,Wrist Roller,Wrist Roller,Wrist Roller,movement,weights,strength; weights,strength,,,Rope · Plates,rope; plates,,forearms,forearms,,,forearms,isolation_upper,resistance_dynamic,distance,3,3,rounds,60,false,true,1.25,true,false,false,,1,1,none,minimal,false,,false,true,true,accessory,2,false,grip_and_small,internally_reviewed,,no,,,,,Wrist Roller,wrist_roller,upper,,,Wrist Roller,Wrist Roller,Wrist Roller,Wrist Roller,Wrist Roller,Wrist Roller,腕時計のローラー,Wrist Roller,Wrist Roller,,,,,,,,,
314,neck_isometric,Neck Isometric,Neck Isometric,Neck Isometric,movement,strength,strength,strength,,,Bodyweight,,,neck,neck,,,,isolation_upper,resistance_isometric,hold,3,15,seconds,60,false,false,0,true,false,false,,1,1,none,minimal,false,,false,true,true,accessory,1,false,grip_and_small,internally_reviewed,,no,,,,Hand-resisted in four directions. Relevant to contact sports and to anyone whose neck complains under a loaded carry.,Neck Isometric,neck_isometric,upper,,,Neck Isometric,Neck Isometric,Neck Isometric,Neck Isometric,Neck Isometric,Neck Isometric,ネックイソメトリック,Neck Isometric,Neck Isometric,,,,,,,,,
315,chin_tuck,Chin Tuck,Chin Tuck,Chin Tuck,movement,mobility,mobility,mobility,,,Bodyweight,,,deep_neck_flexors,deep_neck_flexors,,,,isolation_upper,mobility_drill,quality,2,8,seconds,15,false,false,0,true,false,false,,1,1,none,minimal,false,,false,true,true,accessory,1,false,grip_and_small,internally_reviewed,,no,,,,,Chin Tuck,chin_tuck,mobility,,,Chin Tuck,Chin Tuck,Chin Tuck,Chin Tuck,Chin Tuck,Chin Tuck,チンタック,Chin Tuck,Chin Tuck,,,,,,,,,
316,side_plank_knees,Side Plank from Knees,Side Plank from Knees,Side Plank from Knees,movement,strength,strength,strength,,,Mat,mat,,obliques; glutes,obliques,glutes,,obliques; glutes,core_anti_lateral_flexion,resistance_isometric,hold,4,33,seconds,60,true,false,0,true,false,false,,1,2,none,minimal,false,,false,true,true,primary,1,false,core_braced,internally_reviewed,,no,,,,,Side Plank from Knees,side_plank_knees,upper,,,Side Plank from Knees,Side Plank from Knees,Side Plank from Knees,Side Plank from Knees,Side Plank from Knees,Side Plank from Knees,Kneesのサイドプランク,Side Plank from Knees,Side Plank from Knees,,,,,,,,,
317,dumbbell_side_bend,Dumbbell Side Bend,Dumbbell Side Bend,Dumbbell Side Bend,movement,weights,strength; weights,strength,,,Dumbbells,dumbbells,,obliques; spinal_erectors,obliques,spinal_erectors,,obliques,core_anti_lateral_flexion,resistance_dynamic,tempo_reps,3,13,reps,60,false,true,2,true,false,false,,1,2,none,minimal,false,,false,true,true,accessory,2,true,core_braced,internally_reviewed,,no,,,,"Loaded on one side only. Trains the side that resists, not the side that bends.",Dumbbell Side Bend,dumbbell_side_bend,upper,,,Dumbbell Side Bend,Dumbbell Side Bend,Dumbbell Side Bend,Dumbbell Side Bend,Dumbbell Side Bend,Dumbbell Side Bend,Dumbbell サイド ベンド,Dumbbell Side Bend,Dumbbell Side Bend,,,,,,,,,
318,kettlebell_turkish_get_up,Kettlebell Turkish Get-Up,Kettlebell Turkish Get-Up,Kettlebell Turkish Get-Up,movement,weights,kettlebell_sport; strength; weights,strength; kettlebell_sport,,,Kettlebell,kettlebell,,full_body; core; glutes; front_delts,full_body; core,glutes; front_delts,rotator_cuff,chest; upperBack; abs; glutes; quads; obliques; frontDelts,lunge,resistance_dynamic,tempo_reps,4,9,reps,90,false,true,2,true,false,false,knee_deep_flexion; shoulder_overhead; shoulder_press,4,2,none,minimal,false,,false,true,false,primary,3,true,standard_compound,internally_reviewed,acsm_resistance_2002; acsm_resistance_2026; ace_kettlebell_study,yes,enriched_from_review_queue,Kettlebell Turkish Get-Up,,"Controlled resistance repetitions; use the APEX tempo for this movement family and stop before technique changes. Evidence: acsm_resistance_2002, acsm_resistance_2026, ace_kettlebell_study.",Kettlebell Turkish Get-Up,kettlebell_turkish_get_up,legs_b,,,Kettlebell Turkish Get-Up,Kettlebell Turkish Get-Up,Kettlebell Turkish Get-Up,Kettlebell Turkish Get-Up,Kettlebell Turkish Get-Up,Kettlebell Turkish Get-Up,Kettlebell トルコ語 Get-Up,Kettlebell Turkish Get-Up,Kettlebell Turkish Get-Up,,,,,,,,,
319,half_turkish_get_up,Half Turkish Get-Up,Half Turkish Get-Up,Half Turkish Get-Up,movement,weights,strength; weights,strength,,,Kettlebell,kettlebell,,full_body; core; glutes; front_delts,full_body; core,glutes; front_delts,rotator_cuff,chest; upperBack; abs; glutes; quads; obliques; frontDelts,lunge,resistance_dynamic,tempo_reps,4,9,reps,90,false,true,2,true,false,false,knee_deep_flexion; shoulder_overhead; shoulder_press,2,2,none,minimal,false,,false,true,true,primary,3,true,standard_compound,internally_reviewed,acsm_resistance_2002; acsm_resistance_2026; ace_kettlebell_study,yes,enriched_from_review_queue,Half Turkish Get-Up,,"Controlled resistance repetitions; use the APEX tempo for this movement family and stop before technique changes. Evidence: acsm_resistance_2002, acsm_resistance_2026, ace_kettlebell_study.",Half Turkish Get-Up,half_turkish_get_up,legs_b,,,Half Turkish Get-Up,Half Turkish Get-Up,Half Turkish Get-Up,Half Turkish Get-Up,Half Turkish Get-Up,Half Turkish Get-Up,ハーフトルコ Get-Up,Half Turkish Get-Up,Half Turkish Get-Up,,,,,,,,,
320,kettlebell_windmill,Kettlebell Windmill,Kettlebell Windmill,Kettlebell Windmill,movement,weights,kettlebell_sport; strength; weights,strength; kettlebell_sport,,,Kettlebell,kettlebell,,obliques; hamstrings; glutes,obliques; hamstrings,glutes,rotator_cuff,obliques; hamstrings; glutes,hip_hinge,resistance_dynamic,tempo_reps,4,9,reps,90,false,true,2,true,false,false,lumbar_flexion,4,2,none,minimal,false,,false,true,false,primary,3,true,hamstring_eccentric,internally_reviewed,acsm_resistance_2002; acsm_resistance_2026; ace_kettlebell_study,yes,enriched_from_review_queue,Kettlebell Windmill,,"Controlled resistance repetitions; use the APEX tempo for this movement family and stop before technique changes. Evidence: acsm_resistance_2002, acsm_resistance_2026, ace_kettlebell_study.",Kettlebell Windmill,kettlebell_windmill,legs_a,,,Kettlebell Windmill,Kettlebell Windmill,Kettlebell Windmill,Kettlebell Windmill,Kettlebell Windmill,Kettlebell Windmill,ケトルベル風車,Kettlebell Windmill,Kettlebell Windmill,,,,,,,,,
321,kettlebell_around_the_world,Kettlebell Around-the-World,Kettlebell Around-the-World,Kettlebell Around-the-World,movement,weights,strength; weights,strength,,,Kettlebell,kettlebell,,core; hip_flexors; obliques,core,hip_flexors; obliques,,abs; obliques,core_flexion,resistance_dynamic,tempo_reps,4,12,reps,60,false,true,2,true,false,false,,2,2,none,minimal,false,,false,true,true,primary,2,true,core_braced,internally_reviewed,acsm_resistance_2002; acsm_resistance_2026; ace_kettlebell_study,yes,enriched_from_review_queue,Kettlebell Around-the-World,,"Controlled resistance repetitions; use the APEX tempo for this movement family and stop before technique changes. Evidence: acsm_resistance_2002, acsm_resistance_2026, ace_kettlebell_study.",Kettlebell Around-the-World,kettlebell_around_the_world,upper,,,Kettlebell Around-the-World,Kettlebell Around-the-World,Kettlebell Around-the-World,Kettlebell Around-the-World,Kettlebell Around-the-World,Kettlebell Around-the-World,Kettlebell 世界中で,Kettlebell Around-the-World,Kettlebell Around-the-World,,,,,,,,,
322,kettlebell_halo,Kettlebell Halo,Kettlebell Halo,Kettlebell Halo,movement,weights,mobility; weights,mobility,,,Kettlebell,kettlebell,,thoracic_spine; rotator_cuff; lats,thoracic_spine; rotator_cuff,lats,,lats,mobility,mobility_drill,quality,2,20,seconds,15,false,true,2,true,false,false,shoulder_overhead,1,2,none,minimal,false,,false,true,true,primary,2,false,standard_compound,internally_reviewed,aha_flexibility; ace_kettlebell_study,yes,enriched_from_review_queue,Kettlebell Halo,,"Move slowly into a comfortable, pain-free range; hold 10–30 seconds and never bounce. Evidence: aha_flexibility, ace_kettlebell_study.",Kettlebell Halo,kettlebell_halo,mobility,,,Kettlebell Halo,Kettlebell Halo,Kettlebell Halo,Kettlebell Halo,Kettlebell Halo,Kettlebell Halo,ケトルベル・ハロー,Kettlebell Halo,Kettlebell Halo,,,,,,,,,
323,kettlebell_figure_8,Kettlebell Figure-8,Kettlebell Figure-8,Kettlebell Figure-8,movement,weights,hiit; weights,conditioning,,,Kettlebell,kettlebell,,hamstrings; glutes; erectors; core,hamstrings; glutes,erectors; core,forearms,hamstrings; glutes; lowerBack; abs; obliques,hip_hinge,conditioning_complex,interval,4,30,seconds,60,false,true,2,true,false,false,lumbar_flexion,2,2,none,minimal,false,,false,true,true,primary,4,false,hamstring_eccentric,internally_reviewed,acsm_resistance_2002; acsm_resistance_2026; ace_kettlebell_study,yes,enriched_from_review_queue,Kettlebell Figure-8,,"Controlled resistance repetitions; use the APEX tempo for this movement family and stop before technique changes. Evidence: acsm_resistance_2002, acsm_resistance_2026, ace_kettlebell_study.",Kettlebell Figure-8,kettlebell_figure_8,t25,,,Kettlebell Figure-8,Kettlebell Figure-8,Kettlebell Figure-8,Kettlebell Figure-8,Kettlebell Figure-8,Kettlebell Figure-8,ケトルベル図8,Kettlebell Figure-8,Kettlebell Figure-8,,,,,,,,,
324,kettlebell_figure_8_to_hold,Kettlebell Figure-8 to Hold,Kettlebell Figure-8 to Hold,Kettlebell Figure-8 to Hold,movement,weights,hiit; weights,conditioning,,,Kettlebell,kettlebell,,hamstrings; glutes; erectors; core,hamstrings; glutes,erectors; core,forearms,hamstrings; glutes; lowerBack; abs; obliques,hip_hinge,conditioning_complex,interval,4,30,seconds,60,false,true,2,true,false,false,lumbar_flexion,2,2,none,minimal,false,,false,true,true,primary,4,false,hamstring_eccentric,internally_reviewed,acsm_resistance_2002; acsm_resistance_2026; ace_kettlebell_study,yes,enriched_from_review_queue,Kettlebell Figure-8 to Hold,,"Controlled resistance repetitions; use the APEX tempo for this movement family and stop before technique changes. Evidence: acsm_resistance_2002, acsm_resistance_2026, ace_kettlebell_study.",Kettlebell Figure-8 to Hold,kettlebell_figure_8_to_hold,t25,,,Kettlebell Figure-8 to Hold,Kettlebell Figure-8 to Hold,Kettlebell Figure-8 to Hold,Kettlebell Figure-8 to Hold,Kettlebell Figure-8 to Hold,Kettlebell Figure-8 to Hold,ケトルベル図8を握る,Kettlebell Figure-8 to Hold,Kettlebell Figure-8 to Hold,,,,,,,,,
325,dual_kettlebell_clean,Dual-Kettlebell Clean,Dual-Kettlebell Clean,Dual-Kettlebell Clean,movement,weights,crossfit; kettlebell_sport; strength; hiit; weights,strength; crossfit; kettlebell_sport,,,Kettlebell,kettlebell,,hamstrings; glutes; erectors; core,hamstrings; glutes,erectors; core,forearms,hamstrings; glutes; lowerBack; abs; obliques,hip_hinge,resistance_dynamic,quality_reps,4,5,reps,120,false,true,2,true,false,false,lumbar_flexion,3,2,none,minimal,false,,false,true,true,primary,4,false,hamstring_eccentric,internally_reviewed,acsm_resistance_2002; acsm_resistance_2026; ace_kettlebell_study; ace_kettlebell_swing; ikmf_kettlebell_rules,yes,enriched_from_review_queue,Dual-Kettlebell Clean,,"Explosive quality repetitions: no artificial lifting cadence; stop when speed, catch or fixation changes. Evidence: acsm_resistance_2002, acsm_resistance_2026, ace_kettlebell_study, ace_kettlebell_swing, ikmf_kettlebell_rules.",Dual-Kettlebell Clean,dual_kettlebell_clean,t25,,,Dual-Kettlebell Clean,Dual-Kettlebell Clean,Dual-Kettlebell Clean,Dual-Kettlebell Clean,Dual-Kettlebell Clean,Dual-Kettlebell Clean,デュアルケトルベルクリーン,Dual-Kettlebell Clean,Dual-Kettlebell Clean,,,,,,,,,
326,kettlebell_clean_and_jerk,Kettlebell Clean and Jerk,Kettlebell Clean and Jerk,Kettlebell Clean and Jerk,movement,weights,crossfit; kettlebell_sport; strength; hiit; weights,strength; crossfit; kettlebell_sport,,,Kettlebell,kettlebell,,hamstrings; glutes; erectors; core,hamstrings; glutes,erectors; core,forearms,hamstrings; glutes; lowerBack; abs; obliques,hip_hinge,resistance_dynamic,quality_reps,4,5,reps,120,false,true,2,false,false,false,lumbar_flexion; shoulder_overhead; shoulder_press,5,2,none,minimal,true,qualified_coach_present,true,false,false,primary,4,false,hamstring_eccentric,internally_reviewed,acsm_resistance_2002; acsm_resistance_2026; ace_kettlebell_study; ace_kettlebell_swing; ikmf_kettlebell_rules,yes,enriched_from_review_queue,Kettlebell Clean and Jerk,,"Explosive quality repetitions: no artificial lifting cadence; stop when speed, catch or fixation changes. Requires qualified coaching in APEX. Evidence: acsm_resistance_2002, acsm_resistance_2026, ace_kettlebell_study, ace_kettlebell_swing, ikmf_kettlebell_rules.",Kettlebell Clean and Jerk,kettlebell_clean_and_jerk,t25,,,Kettlebell Clean and Jerk,Kettlebell Clean and Jerk,Kettlebell Clean and Jerk,Kettlebell Clean and Jerk,Kettlebell Clean and Jerk,Kettlebell Clean and Jerk,ケトルベル クリーン と Jerk,Kettlebell Clean and Jerk,Kettlebell Clean and Jerk,,,,,,,,,
327,kettlebell_clean_and_push_press,Kettlebell Clean and Push Press,Kettlebell Clean and Push Press,Kettlebell Clean and Push Press,movement,weights,crossfit; strength; hiit; weights,strength; crossfit,,,Kettlebell,kettlebell,,hamstrings; glutes; erectors; core,hamstrings; glutes,erectors; core,forearms,hamstrings; glutes; lowerBack; abs; obliques,hip_hinge,resistance_dynamic,quality_reps,4,5,reps,120,false,true,2,true,false,false,lumbar_flexion,3,2,none,minimal,false,,false,true,true,primary,4,false,hamstring_eccentric,internally_reviewed,acsm_resistance_2002; acsm_resistance_2026; ace_kettlebell_study; ace_kettlebell_swing; ikmf_kettlebell_rules,yes,enriched_from_review_queue,Kettlebell Clean and Push Press,,"Explosive quality repetitions: no artificial lifting cadence; stop when speed, catch or fixation changes. Evidence: acsm_resistance_2002, acsm_resistance_2026, ace_kettlebell_study, ace_kettlebell_swing, ikmf_kettlebell_rules.",Kettlebell Clean and Push Press,kettlebell_clean_and_push_press,t25,,,Kettlebell Clean and Push Press,Kettlebell Clean and Push Press,Kettlebell Clean and Push Press,Kettlebell Clean and Push Press,Kettlebell Clean and Push Press,Kettlebell Clean and Push Press,ケトルベルクリーンプレス,Kettlebell Clean and Push Press,Kettlebell Clean and Push Press,,,,,,,,,
328,kettlebell_snatch,Kettlebell Snatch,Kettlebell Snatch,Kettlebell Snatch,movement,weights,crossfit; kettlebell_sport; strength; hiit; weights,strength; crossfit; kettlebell_sport,,,Kettlebell,kettlebell,,hamstrings; glutes; erectors; core,hamstrings; glutes,erectors; core,forearms,hamstrings; glutes; lowerBack; abs; obliques,hip_hinge,resistance_dynamic,quality_reps,4,5,reps,120,false,true,2,false,false,false,lumbar_flexion; shoulder_overhead; shoulder_press,5,2,none,minimal,false,qualified_coach_present,true,false,false,primary,4,false,hamstring_eccentric,internally_reviewed,acsm_resistance_2002; acsm_resistance_2026; ace_kettlebell_study; ace_kettlebell_swing; ikmf_kettlebell_rules,yes,enriched_from_review_queue,Kettlebell Snatch,,"Explosive quality repetitions: no artificial lifting cadence; stop when speed, catch or fixation changes. Requires qualified coaching in APEX. Evidence: acsm_resistance_2002, acsm_resistance_2026, ace_kettlebell_study, ace_kettlebell_swing, ikmf_kettlebell_rules.",Kettlebell Snatch,kettlebell_snatch,t25,,,Kettlebell Snatch,Kettlebell Snatch,Kettlebell Snatch,Kettlebell Snatch,Kettlebell Snatch,Kettlebell Snatch,ケトルベル スナッチ,Kettlebell Snatch,Kettlebell Snatch,,,,,,,,,
329,kettlebell_snatch_to_overhead_carry,Kettlebell Snatch to Overhead Carry,Kettlebell Snatch to Overhead Carry,Kettlebell Snatch to Overhead Carry,movement,weights,crossfit; strength; hiit; weights,strength; crossfit,,,Kettlebell,kettlebell,,forearms; core; traps; glutes,forearms; core,traps; glutes,obliques; upper_back,forearms; abs; obliques; neckTraps; glutes,carry,resistance_isometric,carry,4,30,metres,120,false,true,2,false,false,false,shoulder_overhead; shoulder_press,5,2,none,walking_lane,false,qualified_coach_present,true,false,false,primary,4,false,loaded_carry,internally_reviewed,acsm_resistance_2002; acsm_resistance_2026; ace_kettlebell_study; ace_kettlebell_swing; ikmf_kettlebell_rules; nsca_loaded_carries,yes,enriched_from_review_queue,Kettlebell Snatch to Overhead Carry,,"Walk upright without trunk lean; prescribe the measured distance or duration, never a stored pace. Requires qualified coaching in APEX. Evidence: acsm_resistance_2002, acsm_resistance_2026, ace_kettlebell_study, ace_kettlebell_swing, ikmf_kettlebell_rules, nsca_loaded_carries.",Kettlebell Snatch to Overhead Carry,kettlebell_snatch_to_overhead_carry,t25,,,Kettlebell Snatch to Overhead Carry,Kettlebell Snatch to Overhead Carry,Kettlebell Snatch to Overhead Carry,Kettlebell Snatch to Overhead Carry,Kettlebell Snatch to Overhead Carry,Kettlebell Snatch to Overhead Carry,Kettlebell スナッチ へ 頭上 運送,Kettlebell Snatch to Overhead Carry,Kettlebell Snatch to Overhead Carry,,,,,,,,,
330,kettlebell_swing_to_squat,Kettlebell Swing to Squat,Kettlebell Swing to Squat,Kettlebell Swing to Squat,movement,weights,crossfit; hiit; weights,conditioning; crossfit,,,Kettlebell,kettlebell,,hamstrings; glutes; erectors; core,hamstrings; glutes,erectors; core,forearms,hamstrings; glutes; lowerBack; abs; obliques,hip_hinge,conditioning_complex,interval,4,30,seconds,60,false,true,2,true,false,false,lumbar_flexion,3,2,none,minimal,false,,false,true,true,primary,4,false,hamstring_eccentric,internally_reviewed,acsm_resistance_2002; acsm_resistance_2026; ace_kettlebell_study; ace_kettlebell_swing,yes,enriched_from_review_queue,Kettlebell Swing to Squat,,"Explosive quality repetitions: no artificial lifting cadence; stop when speed, catch or fixation changes. Evidence: acsm_resistance_2002, acsm_resistance_2026, ace_kettlebell_study, ace_kettlebell_swing.",Kettlebell Swing to Squat,kettlebell_swing_to_squat,t25,,,Kettlebell Swing to Squat,Kettlebell Swing to Squat,Kettlebell Swing to Squat,Kettlebell Swing to Squat,Kettlebell Swing to Squat,Kettlebell Swing to Squat,Kettlebell スイング へ Squat,Kettlebell Swing to Squat,Kettlebell Swing to Squat,,,,,,,,,
331,kettlebell_squat_to_press,Kettlebell Squat to Press,Kettlebell Squat to Press,Kettlebell Squat to Press,movement,weights,crossfit; strength; hiit; weights,strength; crossfit,,,Kettlebell,kettlebell,,quadriceps; glutes; hamstrings; adductors,quadriceps; glutes,hamstrings; adductors,core,quads; glutes; hamstrings; adductors,squat,resistance_dynamic,tempo_reps,4,9,reps,90,false,true,2,true,false,false,knee_deep_flexion,2,2,none,minimal,false,,false,true,true,primary,3,true,standard_compound,internally_reviewed,acsm_resistance_2002; acsm_resistance_2026; ace_kettlebell_study,yes,enriched_from_review_queue,Kettlebell Squat to Press,,"Controlled resistance repetitions; use the APEX tempo for this movement family and stop before technique changes. Evidence: acsm_resistance_2002, acsm_resistance_2026, ace_kettlebell_study.",Kettlebell Squat to Press,kettlebell_squat_to_press,t25,,,Kettlebell Squat to Press,Kettlebell Squat to Press,Kettlebell Squat to Press,Kettlebell Squat to Press,Kettlebell Squat to Press,Kettlebell Squat to Press,Kettlebell Squat へ プレス,Kettlebell Squat to Press,Kettlebell Squat to Press,,,,,,,,,
332,kettlebell_front_rack_squat,Kettlebell Front Rack Squat,Kettlebell Front Rack Squat,Kettlebell Front Rack Squat,movement,weights,crossfit; strength; hiit; weights,strength; crossfit,,,Kettlebell,kettlebell,,quadriceps; glutes; hamstrings; adductors,quadriceps; glutes,hamstrings; adductors,core,quads; glutes; hamstrings; adductors,squat,resistance_dynamic,tempo_reps,4,9,reps,90,false,true,2,true,false,false,knee_deep_flexion,2,2,none,minimal,false,,false,true,true,primary,3,true,standard_compound,internally_reviewed,acsm_resistance_2002; acsm_resistance_2026; ace_kettlebell_study; ikmf_kettlebell_rules,yes,enriched_from_review_queue,Kettlebell Front Rack Squat,,"Controlled resistance repetitions; use the APEX tempo for this movement family and stop before technique changes. Evidence: acsm_resistance_2002, acsm_resistance_2026, ace_kettlebell_study, ikmf_kettlebell_rules.",Kettlebell Front Rack Squat,kettlebell_front_rack_squat,t25,,,Kettlebell Front Rack Squat,Kettlebell Front Rack Squat,Kettlebell Front Rack Squat,Kettlebell Front Rack Squat,Kettlebell Front Rack Squat,Kettlebell Front Rack Squat,ケトルベルフロントラックスクワット,Kettlebell Front Rack Squat,Kettlebell Front Rack Squat,,,,,,,,,
333,kettlebell_lateral_squat,Kettlebell Lateral Squat,Kettlebell Lateral Squat,Kettlebell Lateral Squat,movement,weights,strength; weights,strength,,,Kettlebell,kettlebell,,quadriceps; glutes; hamstrings; adductors,quadriceps; glutes,hamstrings; adductors,core,quads; glutes; hamstrings; adductors,squat,resistance_dynamic,tempo_reps,4,9,reps,90,true,true,2,true,false,false,knee_deep_flexion,2,3,none,minimal,false,,false,true,true,primary,3,true,standard_compound,internally_reviewed,acsm_resistance_2002; acsm_resistance_2026; ace_kettlebell_study,yes,enriched_from_review_queue,Kettlebell Lateral Squat,,"Controlled resistance repetitions; use the APEX tempo for this movement family and stop before technique changes. Evidence: acsm_resistance_2002, acsm_resistance_2026, ace_kettlebell_study.",Kettlebell Lateral Squat,kettlebell_lateral_squat,legs_b,,,Kettlebell Lateral Squat,Kettlebell Lateral Squat,Kettlebell Lateral Squat,Kettlebell Lateral Squat,Kettlebell Lateral Squat,Kettlebell Lateral Squat,ケトルベル横のスクワット,Kettlebell Lateral Squat,Kettlebell Lateral Squat,,,,,,,,,
334,kettlebell_curtsy_lunge,Kettlebell Curtsy Lunge,Kettlebell Curtsy Lunge,Kettlebell Curtsy Lunge,movement,weights,strength; weights,strength,,,Kettlebell,kettlebell,,quadriceps; glutes; hamstrings; glute_medius,quadriceps; glutes,hamstrings; glute_medius,core,quads; glutes; hamstrings,lunge,resistance_dynamic,tempo_reps,4,9,reps,90,true,true,2,true,false,false,knee_deep_flexion,2,3,none,minimal,false,,false,true,true,primary,3,true,standard_compound,internally_reviewed,acsm_resistance_2002; acsm_resistance_2026; ace_kettlebell_study,yes,enriched_from_review_queue,Kettlebell Curtsy Lunge,,"Controlled resistance repetitions; use the APEX tempo for this movement family and stop before technique changes. Evidence: acsm_resistance_2002, acsm_resistance_2026, ace_kettlebell_study.",Kettlebell Curtsy Lunge,kettlebell_curtsy_lunge,legs_b,,,Kettlebell Curtsy Lunge,Kettlebell Curtsy Lunge,Kettlebell Curtsy Lunge,Kettlebell Curtsy Lunge,Kettlebell Curtsy Lunge,Kettlebell Curtsy Lunge,ケトルベル・カーシー・ルンネ,Kettlebell Curtsy Lunge,Kettlebell Curtsy Lunge,,,,,,,,,
335,kettlebell_lunge_with_rotation,Kettlebell Lunge with Rotation,Kettlebell Lunge with Rotation,Kettlebell Lunge with Rotation,movement,weights,strength; weights,strength,,,Kettlebell,kettlebell,,quadriceps; glutes; hamstrings; glute_medius,quadriceps; glutes,hamstrings; glute_medius,core,quads; glutes; hamstrings,lunge,resistance_dynamic,tempo_reps,4,9,reps,90,false,true,2,true,false,false,knee_deep_flexion,2,2,none,minimal,false,,false,true,true,primary,3,true,standard_compound,internally_reviewed,acsm_resistance_2002; acsm_resistance_2026; ace_kettlebell_study,yes,enriched_from_review_queue,Kettlebell Lunge with Rotation,,"Controlled resistance repetitions; use the APEX tempo for this movement family and stop before technique changes. Evidence: acsm_resistance_2002, acsm_resistance_2026, ace_kettlebell_study.",Kettlebell Lunge with Rotation,kettlebell_lunge_with_rotation,legs_b,,,Kettlebell Lunge with Rotation,Kettlebell Lunge with Rotation,Kettlebell Lunge with Rotation,Kettlebell Lunge with Rotation,Kettlebell Lunge with Rotation,Kettlebell Lunge with Rotation,Kettlebell Lunge with 回転,Kettlebell Lunge with Rotation,Kettlebell Lunge with Rotation,,,,,,,,,
336,kettlebell_reverse_lunge_to_press,Kettlebell Reverse Lunge to Press,Kettlebell Reverse Lunge to Press,Kettlebell Reverse Lunge to Press,movement,weights,crossfit; strength; hiit; weights,strength; crossfit,,,Kettlebell,kettlebell,,quadriceps; glutes; hamstrings; glute_medius,quadriceps; glutes,hamstrings; glute_medius,core,quads; glutes; hamstrings,lunge,resistance_dynamic,tempo_reps,4,9,reps,90,true,true,2,true,false,false,knee_deep_flexion,2,3,none,minimal,false,,false,true,true,primary,3,true,standard_compound,internally_reviewed,acsm_resistance_2002; acsm_resistance_2026; ace_kettlebell_study,yes,enriched_from_review_queue,Kettlebell Reverse Lunge to Press,,"Controlled resistance repetitions; use the APEX tempo for this movement family and stop before technique changes. Evidence: acsm_resistance_2002, acsm_resistance_2026, ace_kettlebell_study.",Kettlebell Reverse Lunge to Press,kettlebell_reverse_lunge_to_press,t25,,,Kettlebell Reverse Lunge to Press,Kettlebell Reverse Lunge to Press,Kettlebell Reverse Lunge to Press,Kettlebell Reverse Lunge to Press,Kettlebell Reverse Lunge to Press,Kettlebell Reverse Lunge to Press,Kettlebell 逆 Lunge へ プレス,Kettlebell Reverse Lunge to Press,Kettlebell Reverse Lunge to Press,,,,,,,,,
337,kettlebell_step_up,Kettlebell Step-up,Kettlebell Step-up,Kettlebell Step-up,movement,weights,crossfit; strength; hiit; weights,strength; crossfit,,,Kettlebell,kettlebell,,quadriceps; glutes; hamstrings; glute_medius,quadriceps; glutes,hamstrings; glute_medius,core,quads; glutes; hamstrings,lunge,resistance_dynamic,tempo_reps,4,9,reps,90,true,true,2,true,false,false,knee_deep_flexion,2,3,none,minimal,false,,false,true,true,primary,3,true,standard_compound,internally_reviewed,acsm_resistance_2002; acsm_resistance_2026; ace_kettlebell_study,yes,enriched_from_review_queue,Kettlebell Step-up,,"Controlled resistance repetitions; use the APEX tempo for this movement family and stop before technique changes. Evidence: acsm_resistance_2002, acsm_resistance_2026, ace_kettlebell_study.",Kettlebell Step-up,kettlebell_step_up,t25,,,Kettlebell Step-up,Kettlebell Step-up,Kettlebell Step-up,Kettlebell Step-up,Kettlebell Step-up,Kettlebell Step-up,ケトルベルステップアップ,Kettlebell Step-up,Kettlebell Step-up,,,,,,,,,
338,kettlebell_walking_lunge,Kettlebell Walking Lunge,Kettlebell Walking Lunge,Kettlebell Walking Lunge,movement,weights,hiit; weights,conditioning,,,Kettlebell,kettlebell,,quadriceps; glutes; hamstrings; glute_medius,quadriceps; glutes,hamstrings; glute_medius,core,quads; glutes; hamstrings,lunge,conditioning_complex,interval,4,30,seconds,60,false,true,2,true,false,false,knee_deep_flexion,2,2,none,minimal,false,,false,true,true,primary,4,false,standard_compound,internally_reviewed,acsm_resistance_2002; acsm_resistance_2026; ace_kettlebell_study,yes,enriched_from_review_queue,Kettlebell Walking Lunge,,"Controlled resistance repetitions; use the APEX tempo for this movement family and stop before technique changes. Evidence: acsm_resistance_2002, acsm_resistance_2026, ace_kettlebell_study.",Kettlebell Walking Lunge,kettlebell_walking_lunge,t25,,,Kettlebell Walking Lunge,Kettlebell Walking Lunge,Kettlebell Walking Lunge,Kettlebell Walking Lunge,Kettlebell Walking Lunge,Kettlebell Walking Lunge,ケトルベルウォーキングルンゲ,Kettlebell Walking Lunge,Kettlebell Walking Lunge,,,,,,,,,
339,kettlebell_suitcase_deadlift,Kettlebell Suitcase Deadlift,Kettlebell Suitcase Deadlift,Kettlebell Suitcase Deadlift,movement,weights,strength; weights,strength,,,Kettlebell,kettlebell,,hamstrings; glutes; erectors; core,hamstrings; glutes,erectors; core,forearms,hamstrings; glutes; lowerBack; abs; obliques,hip_hinge,resistance_dynamic,tempo_reps,4,9,reps,90,true,true,2,true,false,false,lumbar_flexion,2,3,none,minimal,false,,false,true,true,primary,3,true,hamstring_eccentric,internally_reviewed,acsm_resistance_2002; acsm_resistance_2026; ace_kettlebell_study,yes,enriched_from_review_queue,Kettlebell Suitcase Deadlift,,"Controlled resistance repetitions; use the APEX tempo for this movement family and stop before technique changes. Evidence: acsm_resistance_2002, acsm_resistance_2026, ace_kettlebell_study.",Kettlebell Suitcase Deadlift,kettlebell_suitcase_deadlift,legs_a,,,Kettlebell Suitcase Deadlift,Kettlebell Suitcase Deadlift,Kettlebell Suitcase Deadlift,Kettlebell Suitcase Deadlift,Kettlebell Suitcase Deadlift,Kettlebell Suitcase Deadlift,Kettlebellのスーツケースのデッドリフト,Kettlebell Suitcase Deadlift,Kettlebell Suitcase Deadlift,,,,,,,,,
340,kettlebell_romanian_deadlift,Kettlebell Romanian Deadlift,Kettlebell Romanian Deadlift,Kettlebell Romanian Deadlift,movement,weights,strength; weights,strength,,,Kettlebell,kettlebell,,hamstrings; glutes; erectors; core,hamstrings; glutes,erectors; core,forearms,hamstrings; glutes; lowerBack; abs; obliques,hip_hinge,resistance_dynamic,tempo_reps,4,9,reps,90,false,true,2,true,false,false,lumbar_flexion,2,2,none,minimal,false,,false,true,true,primary,3,true,hamstring_eccentric,internally_reviewed,acsm_resistance_2002; acsm_resistance_2026; ace_kettlebell_study,yes,enriched_from_review_queue,Kettlebell Romanian Deadlift,,"Controlled resistance repetitions; use the APEX tempo for this movement family and stop before technique changes. Evidence: acsm_resistance_2002, acsm_resistance_2026, ace_kettlebell_study.",Kettlebell Romanian Deadlift,kettlebell_romanian_deadlift,legs_a,,,Kettlebell Romanian Deadlift,Kettlebell Romanian Deadlift,Kettlebell Romanian Deadlift,Kettlebell Romanian Deadlift,Kettlebell Romanian Deadlift,Kettlebell Romanian Deadlift,Kettlebell ルーマニア語デッドリフト,Kettlebell Romanian Deadlift,Kettlebell Romanian Deadlift,,,,,,,,,
341,single_leg_kettlebell_deadlift,Single-leg Kettlebell Deadlift,Single-leg Kettlebell Deadlift,Single-leg Kettlebell Deadlift,movement,weights,strength; weights,strength,,,Kettlebell,kettlebell,,hamstrings; glutes; erectors; core,hamstrings; glutes,erectors; core,forearms,hamstrings; glutes; lowerBack; abs; obliques,hip_hinge,resistance_dynamic,tempo_reps,4,9,reps,90,true,true,2,true,false,false,lumbar_flexion,2,3,none,minimal,false,,false,true,true,primary,3,true,hamstring_eccentric,internally_reviewed,acsm_resistance_2002; acsm_resistance_2026; ace_kettlebell_study,yes,enriched_from_review_queue,Single-leg Kettlebell Deadlift,,"Controlled resistance repetitions; use the APEX tempo for this movement family and stop before technique changes. Evidence: acsm_resistance_2002, acsm_resistance_2026, ace_kettlebell_study.",Single-leg Kettlebell Deadlift,single_leg_kettlebell_deadlift,legs_a,,,Single-leg Kettlebell Deadlift,Single-leg Kettlebell Deadlift,Single-leg Kettlebell Deadlift,Single-leg Kettlebell Deadlift,Single-leg Kettlebell Deadlift,Single-leg Kettlebell Deadlift,シングルラグケトルベルデッドリフト,Single-leg Kettlebell Deadlift,Single-leg Kettlebell Deadlift,,,,,,,,,
342,kettlebell_sumo_deadlift,Kettlebell Sumo Deadlift,Kettlebell Sumo Deadlift,Kettlebell Sumo Deadlift,movement,weights,strength; weights,strength,,,Kettlebell,kettlebell,,hamstrings; glutes; erectors; core,hamstrings; glutes,erectors; core,forearms,hamstrings; glutes; lowerBack; abs; obliques,hip_hinge,resistance_dynamic,tempo_reps,4,9,reps,90,false,true,2,true,false,false,lumbar_flexion,2,2,none,minimal,false,,false,true,true,primary,3,true,hamstring_eccentric,internally_reviewed,acsm_resistance_2002; acsm_resistance_2026; ace_kettlebell_study,yes,enriched_from_review_queue,Kettlebell Sumo Deadlift,,"Controlled resistance repetitions; use the APEX tempo for this movement family and stop before technique changes. Evidence: acsm_resistance_2002, acsm_resistance_2026, ace_kettlebell_study.",Kettlebell Sumo Deadlift,kettlebell_sumo_deadlift,legs_a,,,Kettlebell Sumo Deadlift,Kettlebell Sumo Deadlift,Kettlebell Sumo Deadlift,Kettlebell Sumo Deadlift,Kettlebell Sumo Deadlift,Kettlebell Sumo Deadlift,Kettlebell Sumoデッドリフト,Kettlebell Sumo Deadlift,Kettlebell Sumo Deadlift,,,,,,,,,
343,kettlebell_good_morning,Kettlebell Good Morning,Kettlebell Good Morning,Kettlebell Good Morning,movement,weights,strength; weights,strength,,,Kettlebell,kettlebell,,hamstrings; glutes; erectors; core,hamstrings; glutes,erectors; core,forearms,hamstrings; glutes; lowerBack; abs; obliques,hip_hinge,resistance_dynamic,tempo_reps,4,9,reps,90,false,true,2,true,false,false,lumbar_flexion,2,2,none,minimal,false,,false,true,true,primary,3,true,hamstring_eccentric,internally_reviewed,acsm_resistance_2002; acsm_resistance_2026; ace_kettlebell_study,yes,enriched_from_review_queue,Kettlebell Good Morning,,"Controlled resistance repetitions; use the APEX tempo for this movement family and stop before technique changes. Evidence: acsm_resistance_2002, acsm_resistance_2026, ace_kettlebell_study.",Kettlebell Good Morning,kettlebell_good_morning,legs_a,,,Kettlebell Good Morning,Kettlebell Good Morning,Kettlebell Good Morning,Kettlebell Good Morning,Kettlebell Good Morning,Kettlebell Good Morning,Kettlebell 良い朝,Kettlebell Good Morning,Kettlebell Good Morning,,,,,,,,,
344,kettlebell_row,Kettlebell Row,Kettlebell Row,Kettlebell Row,movement,weights,strength; weights,strength,,,Kettlebell,kettlebell,,lats; upper_back; biceps; rear_delts,lats; upper_back,biceps; rear_delts,forearms; core,lats; upperBack; biceps; rearDelts,horizontal_pull,resistance_dynamic,tempo_reps,4,9,reps,60,false,true,2,true,false,false,,2,2,none,minimal,false,,false,true,true,primary,2,true,standard_compound,internally_reviewed,acsm_resistance_2002; acsm_resistance_2026; ace_kettlebell_study,yes,enriched_from_review_queue,Kettlebell Row,,"Controlled resistance repetitions; use the APEX tempo for this movement family and stop before technique changes. Evidence: acsm_resistance_2002, acsm_resistance_2026, ace_kettlebell_study.",Kettlebell Row,kettlebell_row,pull,,,Kettlebell Row,Kettlebell Row,Kettlebell Row,Kettlebell Row,Kettlebell Row,Kettlebell Row,ケトルベル・ロウ,Kettlebell Row,Kettlebell Row,,,,,,,,,
345,kettlebell_renegade_row,Kettlebell Renegade Row,Kettlebell Renegade Row,Kettlebell Renegade Row,movement,weights,crossfit; strength; hiit; weights,strength; crossfit,,,Kettlebell,kettlebell,,lats; chest; biceps; triceps,lats; chest,biceps; triceps,core; obliques,lats; chest; biceps; triceps,horizontal_pull,resistance_dynamic,tempo_reps,4,9,reps,60,false,true,2,true,false,false,,2,2,none,minimal,false,,false,true,true,primary,2,true,standard_compound,internally_reviewed,acsm_resistance_2002; acsm_resistance_2026; ace_kettlebell_study,yes,enriched_from_review_queue,Kettlebell Renegade Row,,"Controlled resistance repetitions; use the APEX tempo for this movement family and stop before technique changes. Evidence: acsm_resistance_2002, acsm_resistance_2026, ace_kettlebell_study.",Kettlebell Renegade Row,kettlebell_renegade_row,t25,,,Kettlebell Renegade Row,Kettlebell Renegade Row,Kettlebell Renegade Row,Kettlebell Renegade Row,Kettlebell Renegade Row,Kettlebell Renegade Row,ケトルベル・ルネガデ・ロウ,Kettlebell Renegade Row,Kettlebell Renegade Row,,,,,,,,,
346,kettlebell_gorilla_row,Kettlebell Gorilla Row,Kettlebell Gorilla Row,Kettlebell Gorilla Row,movement,weights,strength; weights,strength,,,Kettlebell,kettlebell,,lats; upper_back; biceps; rear_delts,lats; upper_back,biceps; rear_delts,forearms; core,lats; upperBack; biceps; rearDelts,horizontal_pull,resistance_dynamic,tempo_reps,4,9,reps,60,false,true,2,true,false,false,,2,2,none,minimal,false,,false,true,true,primary,2,true,standard_compound,internally_reviewed,acsm_resistance_2002; acsm_resistance_2026; ace_kettlebell_study,yes,enriched_from_review_queue,Kettlebell Gorilla Row,,"Controlled resistance repetitions; use the APEX tempo for this movement family and stop before technique changes. Evidence: acsm_resistance_2002, acsm_resistance_2026, ace_kettlebell_study.",Kettlebell Gorilla Row,kettlebell_gorilla_row,pull,,,Kettlebell Gorilla Row,Kettlebell Gorilla Row,Kettlebell Gorilla Row,Kettlebell Gorilla Row,Kettlebell Gorilla Row,Kettlebell Gorilla Row,ケトルベル・ゴリラ・ロウ,Kettlebell Gorilla Row,Kettlebell Gorilla Row,,,,,,,,,
347,kettlebell_suitcase_row,Kettlebell Suitcase Row,Kettlebell Suitcase Row,Kettlebell Suitcase Row,movement,weights,strength; weights,strength,,,Kettlebell,kettlebell,,lats; upper_back; biceps; rear_delts,lats; upper_back,biceps; rear_delts,forearms; core,lats; upperBack; biceps; rearDelts,horizontal_pull,resistance_dynamic,tempo_reps,4,9,reps,60,true,true,2,true,false,false,,2,3,none,minimal,false,,false,true,true,primary,2,true,standard_compound,internally_reviewed,acsm_resistance_2002; acsm_resistance_2026; ace_kettlebell_study,yes,enriched_from_review_queue,Kettlebell Suitcase Row,,"Controlled resistance repetitions; use the APEX tempo for this movement family and stop before technique changes. Evidence: acsm_resistance_2002, acsm_resistance_2026, ace_kettlebell_study.",Kettlebell Suitcase Row,kettlebell_suitcase_row,pull,,,Kettlebell Suitcase Row,Kettlebell Suitcase Row,Kettlebell Suitcase Row,Kettlebell Suitcase Row,Kettlebell Suitcase Row,Kettlebell Suitcase Row,Kettlebellのスーツケースの列,Kettlebell Suitcase Row,Kettlebell Suitcase Row,,,,,,,,,
348,kettlebell_chest_supported_row,Kettlebell Chest-Supported Row,Kettlebell Chest-Supported Row,Kettlebell Chest-Supported Row,movement,weights,strength; weights,strength,,,Kettlebell,kettlebell,,lats; upper_back; biceps; rear_delts,lats; upper_back,biceps; rear_delts,forearms; core,lats; upperBack; biceps; rearDelts,horizontal_pull,resistance_dynamic,tempo_reps,4,9,reps,60,false,true,2,true,false,false,,2,2,none,minimal,false,,false,true,true,primary,2,true,standard_compound,internally_reviewed,acsm_resistance_2002; acsm_resistance_2026; ace_kettlebell_study,yes,enriched_from_review_queue,Kettlebell Chest-Supported Row,,"Controlled resistance repetitions; use the APEX tempo for this movement family and stop before technique changes. Evidence: acsm_resistance_2002, acsm_resistance_2026, ace_kettlebell_study.",Kettlebell Chest-Supported Row,kettlebell_chest_supported_row,pull,,,Kettlebell Chest-Supported Row,Kettlebell Chest-Supported Row,Kettlebell Chest-Supported Row,Kettlebell Chest-Supported Row,Kettlebell Chest-Supported Row,Kettlebell Chest-Supported Row,ケトルベルチェストサポート列,Kettlebell Chest-Supported Row,Kettlebell Chest-Supported Row,,,,,,,,,
349,kettlebell_floor_press,Kettlebell Floor Press,Kettlebell Floor Press,Kettlebell Floor Press,movement,weights,strength; weights,strength,,,Kettlebell,kettlebell,,chest; triceps; front_delts,chest; triceps,front_delts,core,chest; triceps; frontDelts,horizontal_push,resistance_dynamic,tempo_reps,4,9,reps,60,false,true,2,true,false,false,shoulder_press; wrist,2,2,none,minimal,false,,false,true,true,primary,2,true,standard_compound,internally_reviewed,acsm_resistance_2002; acsm_resistance_2026; ace_kettlebell_study,yes,enriched_from_review_queue,Kettlebell Floor Press,,"Controlled resistance repetitions; use the APEX tempo for this movement family and stop before technique changes. Evidence: acsm_resistance_2002, acsm_resistance_2026, ace_kettlebell_study.",Kettlebell Floor Press,kettlebell_floor_press,push,,,Kettlebell Floor Press,Kettlebell Floor Press,Kettlebell Floor Press,Kettlebell Floor Press,Kettlebell Floor Press,Kettlebell Floor Press,ケトルベルフロアプレス,Kettlebell Floor Press,Kettlebell Floor Press,,,,,,,,,
350,kettlebell_alternating_floor_press,Kettlebell Alternating Floor Press,Kettlebell Alternating Floor Press,Kettlebell Alternating Floor Press,movement,weights,strength; weights,strength,,,Kettlebell,kettlebell,,chest; triceps; front_delts,chest; triceps,front_delts,core,chest; triceps; frontDelts,horizontal_push,resistance_dynamic,tempo_reps,4,9,reps,60,true,true,2,true,false,false,shoulder_press; wrist,2,3,none,minimal,false,,false,true,true,primary,2,true,standard_compound,internally_reviewed,acsm_resistance_2002; acsm_resistance_2026; ace_kettlebell_study,yes,enriched_from_review_queue,Kettlebell Alternating Floor Press,,"Controlled resistance repetitions; use the APEX tempo for this movement family and stop before technique changes. Evidence: acsm_resistance_2002, acsm_resistance_2026, ace_kettlebell_study.",Kettlebell Alternating Floor Press,kettlebell_alternating_floor_press,push,,,Kettlebell Alternating Floor Press,Kettlebell Alternating Floor Press,Kettlebell Alternating Floor Press,Kettlebell Alternating Floor Press,Kettlebell Alternating Floor Press,Kettlebell Alternating Floor Press,Kettlebellの交流フロアプレス,Kettlebell Alternating Floor Press,Kettlebell Alternating Floor Press,,,,,,,,,
351,kettlebell_bench_press,Kettlebell Bench Press,Kettlebell Bench Press,Kettlebell Bench Press,movement,weights,strength; weights,strength,,,Kettlebell,kettlebell,,chest; triceps; front_delts,chest; triceps,front_delts,core,chest; triceps; frontDelts,horizontal_push,resistance_dynamic,tempo_reps,4,9,reps,60,false,true,2,true,false,false,shoulder_press; wrist,2,2,none,minimal,false,,false,true,true,primary,2,true,standard_compound,internally_reviewed,acsm_resistance_2002; acsm_resistance_2026; ace_kettlebell_study,yes,enriched_from_review_queue,Kettlebell Bench Press,,"Controlled resistance repetitions; use the APEX tempo for this movement family and stop before technique changes. Evidence: acsm_resistance_2002, acsm_resistance_2026, ace_kettlebell_study.",Kettlebell Bench Press,kettlebell_bench_press,push,,,Kettlebell Bench Press,Kettlebell Bench Press,Kettlebell Bench Press,Kettlebell Bench Press,Kettlebell Bench Press,Kettlebell Bench Press,ケトルベルベンチプレス,Kettlebell Bench Press,Kettlebell Bench Press,,,,,,,,,
352,kettlebell_incline_bench_press,Kettlebell Incline Bench Press,Kettlebell Incline Bench Press,Kettlebell Incline Bench Press,movement,weights,strength; weights,strength,,,Kettlebell,kettlebell,,chest; triceps; front_delts,chest; triceps,front_delts,core,chest; triceps; frontDelts,horizontal_push,resistance_dynamic,tempo_reps,4,9,reps,60,false,true,2,true,false,false,shoulder_press; wrist,2,2,none,minimal,false,,false,true,true,primary,2,true,standard_compound,internally_reviewed,acsm_resistance_2002; acsm_resistance_2026; ace_kettlebell_study,yes,enriched_from_review_queue,Kettlebell Incline Bench Press,,"Controlled resistance repetitions; use the APEX tempo for this movement family and stop before technique changes. Evidence: acsm_resistance_2002, acsm_resistance_2026, ace_kettlebell_study.",Kettlebell Incline Bench Press,kettlebell_incline_bench_press,push,,,Kettlebell Incline Bench Press,Kettlebell Incline Bench Press,Kettlebell Incline Bench Press,Kettlebell Incline Bench Press,Kettlebell Incline Bench Press,Kettlebell Incline Bench Press,Kettlebell Incline ベンチプレス,Kettlebell Incline Bench Press,Kettlebell Incline Bench Press,,,,,,,,,
353,kettlebell_see_saw_press,Kettlebell See-Saw Press,Kettlebell See-Saw Press,Kettlebell See-Saw Press,movement,weights,crossfit; strength; hiit; weights,strength; crossfit,,,Kettlebell,kettlebell,,front_delts; triceps; side_delts; upper_chest,front_delts; triceps,side_delts; upper_chest,core,frontDelts; triceps; sideDelts; chest,vertical_push,resistance_dynamic,tempo_reps,4,9,reps,60,false,true,2,true,false,false,shoulder_overhead; shoulder_press,2,2,none,minimal,false,,false,true,true,primary,2,true,standard_compound,internally_reviewed,acsm_resistance_2002; acsm_resistance_2026; ace_kettlebell_study,yes,enriched_from_review_queue,Kettlebell See-Saw Press,,"Controlled resistance repetitions; use the APEX tempo for this movement family and stop before technique changes. Evidence: acsm_resistance_2002, acsm_resistance_2026, ace_kettlebell_study.",Kettlebell See-Saw Press,kettlebell_see_saw_press,t25,,,Kettlebell See-Saw Press,Kettlebell See-Saw Press,Kettlebell See-Saw Press,Kettlebell See-Saw Press,Kettlebell See-Saw Press,Kettlebell See-Saw Press,Kettlebell See-Saw Press(ケトルベル),Kettlebell See-Saw Press,Kettlebell See-Saw Press,,,,,,,,,
354,kettlebell_bottoms_up_press,Kettlebell Bottoms-Up Press,Kettlebell Bottoms-Up Press,Kettlebell Bottoms-Up Press,movement,weights,strength; weights,strength,,,Kettlebell,kettlebell,,front_delts; triceps; side_delts; upper_chest,front_delts; triceps,side_delts; upper_chest,core; forearms; rotator_cuff,frontDelts; triceps; sideDelts; chest,vertical_push,resistance_dynamic,tempo_reps,4,9,reps,60,false,true,2,false,false,false,shoulder_overhead; shoulder_press,4,4,none,minimal,false,qualified_coach_present,false,true,false,primary,2,true,standard_compound,internally_reviewed,acsm_resistance_2002; acsm_resistance_2026; ace_kettlebell_study,yes,enriched_from_review_queue,Kettlebell Bottoms-Up Press,,"Controlled resistance repetitions; use the APEX tempo for this movement family and stop before technique changes. Evidence: acsm_resistance_2002, acsm_resistance_2026, ace_kettlebell_study.",Kettlebell Bottoms-Up Press,kettlebell_bottoms_up_press,push,,,Kettlebell Bottoms-Up Press,Kettlebell Bottoms-Up Press,Kettlebell Bottoms-Up Press,Kettlebell Bottoms-Up Press,Kettlebell Bottoms-Up Press,Kettlebell Bottoms-Up Press,ケトルベルボトムアッププレス,Kettlebell Bottoms-Up Press,Kettlebell Bottoms-Up Press,,,,,,,,,
355,kettlebell_bottoms_up_clean,Kettlebell Bottoms-Up Clean,Kettlebell Bottoms-Up Clean,Kettlebell Bottoms-Up Clean,movement,weights,strength; weights,strength,,,Kettlebell,kettlebell,,hamstrings; glutes; erectors; core,hamstrings; glutes,erectors; core,forearms; rotator_cuff,hamstrings; glutes; lowerBack; abs; obliques,hip_hinge,resistance_dynamic,quality_reps,4,5,reps,120,false,true,2,false,false,false,lumbar_flexion,4,4,none,minimal,false,qualified_coach_present,false,true,false,primary,4,false,hamstring_eccentric,internally_reviewed,acsm_resistance_2002; acsm_resistance_2026; ace_kettlebell_study; ace_kettlebell_swing; ikmf_kettlebell_rules,yes,enriched_from_review_queue,Kettlebell Bottoms-Up Clean,,"Explosive quality repetitions: no artificial lifting cadence; stop when speed, catch or fixation changes. Evidence: acsm_resistance_2002, acsm_resistance_2026, ace_kettlebell_study, ace_kettlebell_swing, ikmf_kettlebell_rules.",Kettlebell Bottoms-Up Clean,kettlebell_bottoms_up_clean,legs_a,,,Kettlebell Bottoms-Up Clean,Kettlebell Bottoms-Up Clean,Kettlebell Bottoms-Up Clean,Kettlebell Bottoms-Up Clean,Kettlebell Bottoms-Up Clean,Kettlebell Bottoms-Up Clean,ケトルベルボトムアップクリーン,Kettlebell Bottoms-Up Clean,Kettlebell Bottoms-Up Clean,,,,,,,,,
356,kettlebell_bottoms_up_carry,Kettlebell Bottoms-Up Carry,Kettlebell Bottoms-Up Carry,Kettlebell Bottoms-Up Carry,movement,weights,strength; weights,strength,,,Kettlebell,kettlebell,,forearms; core; traps; glutes,forearms; core,traps; glutes,obliques; upper_back; forearms; rotator_cuff,forearms; abs; obliques; neckTraps; glutes,carry,resistance_isometric,carry,4,30,metres,90,false,true,2,false,false,false,,4,4,none,walking_lane,false,qualified_coach_present,false,true,false,primary,3,false,loaded_carry,internally_reviewed,acsm_resistance_2002; acsm_resistance_2026; ace_kettlebell_study; nsca_loaded_carries,yes,enriched_from_review_queue,Kettlebell Bottoms-Up Carry,,"Walk upright without trunk lean; prescribe the measured distance or duration, never a stored pace. Evidence: acsm_resistance_2002, acsm_resistance_2026, ace_kettlebell_study, nsca_loaded_carries.",Kettlebell Bottoms-Up Carry,kettlebell_bottoms_up_carry,upper,,,Kettlebell Bottoms-Up Carry,Kettlebell Bottoms-Up Carry,Kettlebell Bottoms-Up Carry,Kettlebell Bottoms-Up Carry,Kettlebell Bottoms-Up Carry,Kettlebell Bottoms-Up Carry,ケトルベルボトムスアップキャリー,Kettlebell Bottoms-Up Carry,Kettlebell Bottoms-Up Carry,,,,,,,,,
357,kettlebell_overhead_carry,Kettlebell Overhead Carry,Kettlebell Overhead Carry,Kettlebell Overhead Carry,movement,weights,strength; weights,strength,,,Kettlebell,kettlebell,,forearms; core; traps; glutes,forearms; core,traps; glutes,obliques; upper_back,forearms; abs; obliques; neckTraps; glutes,carry,resistance_isometric,carry,4,30,metres,90,false,true,2,true,false,false,shoulder_overhead; shoulder_press,2,2,none,walking_lane,false,,false,true,true,primary,3,false,loaded_carry,internally_reviewed,acsm_resistance_2002; acsm_resistance_2026; ace_kettlebell_study; nsca_loaded_carries,yes,enriched_from_review_queue,Kettlebell Overhead Carry,,"Walk upright without trunk lean; prescribe the measured distance or duration, never a stored pace. Evidence: acsm_resistance_2002, acsm_resistance_2026, ace_kettlebell_study, nsca_loaded_carries.",Kettlebell Overhead Carry,kettlebell_overhead_carry,upper,,,Kettlebell Overhead Carry,Kettlebell Overhead Carry,Kettlebell Overhead Carry,Kettlebell Overhead Carry,Kettlebell Overhead Carry,Kettlebell Overhead Carry,ケトルベルオーバーヘッドキャリー,Kettlebell Overhead Carry,Kettlebell Overhead Carry,,,,,,,,,
358,double_overhead_kettlebell_carry,Double Overhead Kettlebell Carry,Double Overhead Kettlebell Carry,Double Overhead Kettlebell Carry,movement,weights,strength; weights,strength,,,Kettlebell,kettlebell,,forearms; core; traps; glutes,forearms; core,traps; glutes,obliques; upper_back,forearms; abs; obliques; neckTraps; glutes,carry,resistance_isometric,carry,4,30,metres,90,false,true,2,true,false,false,shoulder_overhead; shoulder_press,2,2,none,walking_lane,false,,false,true,true,primary,3,false,loaded_carry,internally_reviewed,acsm_resistance_2002; acsm_resistance_2026; ace_kettlebell_study; nsca_loaded_carries,yes,enriched_from_review_queue,Double Overhead Kettlebell Carry,,"Walk upright without trunk lean; prescribe the measured distance or duration, never a stored pace. Evidence: acsm_resistance_2002, acsm_resistance_2026, ace_kettlebell_study, nsca_loaded_carries.",Double Overhead Kettlebell Carry,double_overhead_kettlebell_carry,upper,,,Double Overhead Kettlebell Carry,Double Overhead Kettlebell Carry,Double Overhead Kettlebell Carry,Double Overhead Kettlebell Carry,Double Overhead Kettlebell Carry,Double Overhead Kettlebell Carry,ダブルオーバーヘッドケトルベルキャリー,Double Overhead Kettlebell Carry,Double Overhead Kettlebell Carry,,,,,,,,,
359,kettlebell_rack_carry,Kettlebell Rack Carry,Kettlebell Rack Carry,Kettlebell Rack Carry,movement,weights,strength; weights,strength,,,Kettlebell,kettlebell,,forearms; core; traps; glutes,forearms; core,traps; glutes,obliques; upper_back,forearms; abs; obliques; neckTraps; glutes,carry,resistance_isometric,carry,4,30,metres,90,false,true,2,true,false,false,,2,2,none,walking_lane,false,,false,true,true,primary,3,false,loaded_carry,internally_reviewed,acsm_resistance_2002; acsm_resistance_2026; ace_kettlebell_study; ikmf_kettlebell_rules; nsca_loaded_carries,yes,enriched_from_review_queue,Kettlebell Rack Carry,,"Walk upright without trunk lean; prescribe the measured distance or duration, never a stored pace. Evidence: acsm_resistance_2002, acsm_resistance_2026, ace_kettlebell_study, ikmf_kettlebell_rules, nsca_loaded_carries.",Kettlebell Rack Carry,kettlebell_rack_carry,upper,,,Kettlebell Rack Carry,Kettlebell Rack Carry,Kettlebell Rack Carry,Kettlebell Rack Carry,Kettlebell Rack Carry,Kettlebell Rack Carry,ケトルベルラックキャリー,Kettlebell Rack Carry,Kettlebell Rack Carry,,,,,,,,,
360,kettlebell_farmers_walk,Kettlebell Farmer's Walk,Kettlebell Farmer's Walk,Kettlebell Farmer's Walk,movement,weights,hyrox; strength; hiit; weights,strength; hyrox; conditioning,6,Kettlebell Farmer's Carry,Kettlebell,kettlebell,,forearms; core; traps; glutes,forearms; core,traps; glutes,obliques; upper_back,forearms; abs; obliques; neckTraps; glutes,carry,resistance_isometric,carry,4,30,metres,90,false,true,2,true,false,false,,2,2,none,walking_lane,false,,false,true,true,primary,3,false,loaded_carry,internally_reviewed,acsm_resistance_2002; acsm_resistance_2026; ace_kettlebell_study; nsca_loaded_carries,yes,enriched_from_review_queue,Kettlebell Farmer's Walk,,"Walk upright without trunk lean; prescribe the measured distance or duration, never a stored pace. Evidence: acsm_resistance_2002, acsm_resistance_2026, ace_kettlebell_study, nsca_loaded_carries.",Kettlebell Farmer's Walk,kettlebell_farmers_walk,t25,,,Kettlebell Farmer's Walk,Kettlebell Farmer's Walk,Kettlebell Farmer's Walk,Kettlebell Farmer's Walk,Kettlebell Farmer's Walk,Kettlebell Farmer's Walk,ケトルベルファーマーズウォーク,Kettlebell Farmer's Walk,Kettlebell Farmer's Walk,,,,,,,,,
361,kettlebell_cross_body_carry,Kettlebell Cross-Body Carry,Kettlebell Cross-Body Carry,Kettlebell Cross-Body Carry,movement,weights,strength; weights,strength,,,Kettlebell,kettlebell,,forearms; core; traps; glutes,forearms; core,traps; glutes,obliques; upper_back,forearms; abs; obliques; neckTraps; glutes,carry,resistance_isometric,carry,4,30,metres,90,true,true,2,true,false,false,,2,3,none,walking_lane,false,,false,true,true,primary,3,false,loaded_carry,internally_reviewed,acsm_resistance_2002; acsm_resistance_2026; ace_kettlebell_study; nsca_loaded_carries,yes,enriched_from_review_queue,Kettlebell Cross-Body Carry,,"Walk upright without trunk lean; prescribe the measured distance or duration, never a stored pace. Evidence: acsm_resistance_2002, acsm_resistance_2026, ace_kettlebell_study, nsca_loaded_carries.",Kettlebell Cross-Body Carry,kettlebell_cross_body_carry,upper,,,Kettlebell Cross-Body Carry,Kettlebell Cross-Body Carry,Kettlebell Cross-Body Carry,Kettlebell Cross-Body Carry,Kettlebell Cross-Body Carry,Kettlebell Cross-Body Carry,Kettlebell クロスボディ キャリー,Kettlebell Cross-Body Carry,Kettlebell Cross-Body Carry,,,,,,,,,
362,kettlebell_crush_grip_push_up,Kettlebell Crush-Grip Push-up,Kettlebell Crush-Grip Push-up,Kettlebell Crush-Grip Push-up,movement,weights,strength; weights,strength,,,Kettlebell,kettlebell,,chest; triceps; front_delts,chest; triceps,front_delts,core,chest; triceps; frontDelts,horizontal_push,resistance_dynamic,tempo_reps,4,9,reps,60,false,true,2,true,false,false,shoulder_press; wrist,2,2,none,minimal,false,,false,true,true,primary,2,true,standard_compound,internally_reviewed,acsm_resistance_2002; acsm_resistance_2026; ace_kettlebell_study,yes,enriched_from_review_queue,Kettlebell Crush-Grip Push-up,,"Controlled resistance repetitions; use the APEX tempo for this movement family and stop before technique changes. Evidence: acsm_resistance_2002, acsm_resistance_2026, ace_kettlebell_study.",Kettlebell Crush-Grip Push-up,kettlebell_crush_grip_push_up,push,,,Kettlebell Crush-Grip Push-up,Kettlebell Crush-Grip Push-up,Kettlebell Crush-Grip Push-up,Kettlebell Crush-Grip Push-up,Kettlebell Crush-Grip Push-up,Kettlebell Crush-Grip Push-up,ケトルベルクラッシュグリッププッシュアップ,Kettlebell Crush-Grip Push-up,Kettlebell Crush-Grip Push-up,,,,,,,,,
363,kettlebell_push_up_to_row,Kettlebell Push-up to Row,Kettlebell Push-up to Row,Kettlebell Push-up to Row,movement,weights,crossfit; strength; hiit; weights,strength; crossfit,,,Kettlebell,kettlebell,,lats; chest; biceps; triceps,lats; chest,biceps; triceps,core; obliques,lats; chest; biceps; triceps,conditioning,resistance_dynamic,tempo_reps,4,9,reps,60,false,true,2,true,false,false,shoulder_press; wrist,2,2,none,minimal,false,,false,true,true,primary,2,true,standard_compound,internally_reviewed,acsm_resistance_2002; acsm_resistance_2026; ace_kettlebell_study,yes,enriched_from_review_queue,Kettlebell Push-up to Row,,"Controlled resistance repetitions; use the APEX tempo for this movement family and stop before technique changes. Evidence: acsm_resistance_2002, acsm_resistance_2026, ace_kettlebell_study.",Kettlebell Push-up to Row,kettlebell_push_up_to_row,t25,,,Kettlebell Push-up to Row,Kettlebell Push-up to Row,Kettlebell Push-up to Row,Kettlebell Push-up to Row,Kettlebell Push-up to Row,Kettlebell Push-up to Row,Kettlebell 列へのプッシュアップ,Kettlebell Push-up to Row,Kettlebell Push-up to Row,,,,,,,,,
364,kettlebell_pullover,Kettlebell Pullover,Kettlebell Pullover,Kettlebell Pullover,movement,weights,strength; weights,strength,,,Kettlebell,kettlebell,,lats; chest; triceps,lats,chest; triceps,core,lats; chest; triceps,vertical_pull,resistance_dynamic,tempo_reps,3,9,reps,60,false,true,2,true,false,false,elbow; shoulder_overhead,2,2,none,minimal,false,,false,true,true,accessory,2,true,standard_compound,internally_reviewed,acsm_resistance_2002; acsm_resistance_2026; ace_kettlebell_study,yes,enriched_from_review_queue,Kettlebell Pullover,,"Controlled resistance repetitions; use the APEX tempo for this movement family and stop before technique changes. Evidence: acsm_resistance_2002, acsm_resistance_2026, ace_kettlebell_study.",Kettlebell Pullover,kettlebell_pullover,pull,,,Kettlebell Pullover,Kettlebell Pullover,Kettlebell Pullover,Kettlebell Pullover,Kettlebell Pullover,Kettlebell Pullover,ケトルベルプルオーバー,Kettlebell Pullover,Kettlebell Pullover,,,,,,,,,
365,kettlebell_russian_twist,Kettlebell Russian Twist,Kettlebell Russian Twist,Kettlebell Russian Twist,movement,weights,strength; weights,strength,,,Kettlebell,kettlebell,,obliques; core; glutes,obliques; core,glutes,,obliques; abs; glutes,core_anti_rotation,resistance_dynamic,tempo_reps,3,12,reps,60,false,true,2,true,false,false,,2,2,none,minimal,false,,false,true,true,accessory,2,true,core_braced,internally_reviewed,acsm_resistance_2002; acsm_resistance_2026; ace_kettlebell_study,yes,enriched_from_review_queue,Kettlebell Russian Twist,,"Controlled resistance repetitions; use the APEX tempo for this movement family and stop before technique changes. Evidence: acsm_resistance_2002, acsm_resistance_2026, ace_kettlebell_study.",Kettlebell Russian Twist,kettlebell_russian_twist,upper,,,Kettlebell Russian Twist,Kettlebell Russian Twist,Kettlebell Russian Twist,Kettlebell Russian Twist,Kettlebell Russian Twist,Kettlebell Russian Twist,Kettlebell ロシア ツイスト,Kettlebell Russian Twist,Kettlebell Russian Twist,,,,,,,,,
366,kettlebell_side_bend,Kettlebell Side Bend,Kettlebell Side Bend,Kettlebell Side Bend,movement,weights,strength; weights,strength,,,Kettlebell,kettlebell,,obliques; core; glute_medius,obliques; core,glute_medius,,obliques; abs; glutes,core_anti_lateral_flexion,resistance_dynamic,tempo_reps,3,12,reps,60,true,true,2,true,false,false,,2,3,none,minimal,false,,false,true,true,accessory,2,true,core_braced,internally_reviewed,acsm_resistance_2002; acsm_resistance_2026; ace_kettlebell_study,yes,enriched_from_review_queue,Kettlebell Side Bend,,"Controlled resistance repetitions; use the APEX tempo for this movement family and stop before technique changes. Evidence: acsm_resistance_2002, acsm_resistance_2026, ace_kettlebell_study.",Kettlebell Side Bend,kettlebell_side_bend,upper,,,Kettlebell Side Bend,Kettlebell Side Bend,Kettlebell Side Bend,Kettlebell Side Bend,Kettlebell Side Bend,Kettlebell Side Bend,Kettlebellサイドベンド,Kettlebell Side Bend,Kettlebell Side Bend,,,,,,,,,
367,kettlebell_dead_bug,Kettlebell Dead Bug,Kettlebell Dead Bug,Kettlebell Dead Bug,movement,weights,strength; weights,strength,,,Kettlebell,kettlebell,,core; obliques; hip_flexors,core,obliques; hip_flexors,,abs; obliques,core_anti_extension,resistance_dynamic,tempo_reps,3,12,reps,60,false,true,2,true,false,false,,2,2,none,minimal,false,,false,true,true,accessory,2,true,core_braced,internally_reviewed,acsm_resistance_2002; acsm_resistance_2026; ace_kettlebell_study,yes,enriched_from_review_queue,Kettlebell Dead Bug,,"Controlled resistance repetitions; use the APEX tempo for this movement family and stop before technique changes. Evidence: acsm_resistance_2002, acsm_resistance_2026, ace_kettlebell_study.",Kettlebell Dead Bug,kettlebell_dead_bug,upper,,,Kettlebell Dead Bug,Kettlebell Dead Bug,Kettlebell Dead Bug,Kettlebell Dead Bug,Kettlebell Dead Bug,Kettlebell Dead Bug,ケトルベルデッドバグ,Kettlebell Dead Bug,Kettlebell Dead Bug,,,,,,,,,
368,kettlebell_hollow_body_hold,Kettlebell Hollow Body Hold,Kettlebell Hollow Body Hold,Kettlebell Hollow Body Hold,movement,weights,strength; weights,strength,,,Kettlebell,kettlebell,,core; obliques; hip_flexors,core,obliques; hip_flexors,,abs; obliques,core_anti_extension,resistance_isometric,hold,4,23,seconds,60,false,true,2,true,false,false,,2,2,none,minimal,false,,false,true,true,primary,2,false,core_braced,internally_reviewed,acsm_resistance_2002; acsm_resistance_2026; ace_kettlebell_study,yes,enriched_from_review_queue,Kettlebell Hollow Body Hold,,"Hold with continuous breathing and end the set when position changes. Evidence: acsm_resistance_2002, acsm_resistance_2026, ace_kettlebell_study.",Kettlebell Hollow Body Hold,kettlebell_hollow_body_hold,upper,,,Kettlebell Hollow Body Hold,Kettlebell Hollow Body Hold,Kettlebell Hollow Body Hold,Kettlebell Hollow Body Hold,Kettlebell Hollow Body Hold,Kettlebell Hollow Body Hold,Kettlebellの空のボディ ホールド,Kettlebell Hollow Body Hold,Kettlebell Hollow Body Hold,,,,,,,,,
369,kettlebell_sit_up,Kettlebell Sit-up,Kettlebell Sit-up,Kettlebell Sit-up,movement,weights,strength; weights,strength,,,Kettlebell,kettlebell,,core; hip_flexors; obliques,core,hip_flexors; obliques,,abs; obliques,core_flexion,resistance_dynamic,tempo_reps,3,12,reps,60,false,true,2,true,false,false,,2,2,none,minimal,false,,false,true,true,accessory,2,true,core_braced,internally_reviewed,acsm_resistance_2002; acsm_resistance_2026; ace_kettlebell_study,yes,enriched_from_review_queue,Kettlebell Sit-up,,"Controlled resistance repetitions; use the APEX tempo for this movement family and stop before technique changes. Evidence: acsm_resistance_2002, acsm_resistance_2026, ace_kettlebell_study.",Kettlebell Sit-up,kettlebell_sit_up,upper,,,Kettlebell Sit-up,Kettlebell Sit-up,Kettlebell Sit-up,Kettlebell Sit-up,Kettlebell Sit-up,Kettlebell Sit-up,ケトルベルシットアップ,Kettlebell Sit-up,Kettlebell Sit-up,,,,,,,,,
370,kettlebell_v_up,Kettlebell V-Up,Kettlebell V-Up,Kettlebell V-Up,movement,weights,strength; weights,strength,,,Kettlebell,kettlebell,,core; hip_flexors; obliques,core,hip_flexors; obliques,,abs; obliques,core_flexion,resistance_dynamic,tempo_reps,3,12,reps,60,false,true,2,true,false,false,,2,2,none,minimal,false,,false,true,true,accessory,2,true,core_braced,internally_reviewed,acsm_resistance_2002; acsm_resistance_2026; ace_kettlebell_study,yes,enriched_from_review_queue,Kettlebell V-Up,,"Controlled resistance repetitions; use the APEX tempo for this movement family and stop before technique changes. Evidence: acsm_resistance_2002, acsm_resistance_2026, ace_kettlebell_study.",Kettlebell V-Up,kettlebell_v_up,upper,,,Kettlebell V-Up,Kettlebell V-Up,Kettlebell V-Up,Kettlebell V-Up,Kettlebell V-Up,Kettlebell V-Up,ケトルベルV-Up,Kettlebell V-Up,Kettlebell V-Up,,,,,,,,,
371,kettlebell_woodchopper,Kettlebell Woodchopper,Kettlebell Woodchopper,Kettlebell Woodchopper,movement,weights,strength; weights,strength,,,Kettlebell,kettlebell,,obliques; core; glutes,obliques; core,glutes,,obliques; abs; glutes,core_anti_rotation,resistance_dynamic,tempo_reps,4,12,reps,60,false,true,2,true,false,false,,2,2,none,minimal,false,,false,true,true,primary,2,true,core_braced,internally_reviewed,acsm_resistance_2002; acsm_resistance_2026; ace_kettlebell_study,yes,enriched_from_review_queue,Kettlebell Woodchopper,,"Controlled resistance repetitions; use the APEX tempo for this movement family and stop before technique changes. Evidence: acsm_resistance_2002, acsm_resistance_2026, ace_kettlebell_study.",Kettlebell Woodchopper,kettlebell_woodchopper,upper,,,Kettlebell Woodchopper,Kettlebell Woodchopper,Kettlebell Woodchopper,Kettlebell Woodchopper,Kettlebell Woodchopper,Kettlebell Woodchopper,ケトルベルウッドチョッパー,Kettlebell Woodchopper,Kettlebell Woodchopper,,,,,,,,,
372,kettlebell_slasher_to_halo,Kettlebell Slasher-to-Halo,Kettlebell Slasher-to-Halo,Kettlebell Slasher-to-Halo,movement,weights,strength; weights,strength,,,Kettlebell,kettlebell,,core; hip_flexors; obliques,core,hip_flexors; obliques,,abs; obliques,core_flexion,resistance_dynamic,tempo_reps,4,12,reps,60,false,true,2,true,false,false,,2,2,none,minimal,false,,false,true,true,primary,2,true,core_braced,internally_reviewed,acsm_resistance_2002; acsm_resistance_2026; ace_kettlebell_study,yes,enriched_from_review_queue,Kettlebell Slasher-to-Halo,,"Controlled resistance repetitions; use the APEX tempo for this movement family and stop before technique changes. Evidence: acsm_resistance_2002, acsm_resistance_2026, ace_kettlebell_study.",Kettlebell Slasher-to-Halo,kettlebell_slasher_to_halo,upper,,,Kettlebell Slasher-to-Halo,Kettlebell Slasher-to-Halo,Kettlebell Slasher-to-Halo,Kettlebell Slasher-to-Halo,Kettlebell Slasher-to-Halo,Kettlebell Slasher-to-Halo,ケトルベル 斬撃 - ハロー,Kettlebell Slasher-to-Halo,Kettlebell Slasher-to-Halo,,,,,,,,,
373,kettlebell_armbar,Kettlebell Armbar,Kettlebell Armbar,Kettlebell Armbar,movement,weights,mobility; weights,mobility,,,Kettlebell,kettlebell,,thoracic_spine; rotator_cuff; lats,thoracic_spine; rotator_cuff,lats,,lats,mobility,mobility_drill,quality,2,20,seconds,15,false,true,2,true,false,false,shoulder_overhead,3,2,none,minimal,false,,false,true,true,primary,2,false,standard_compound,internally_reviewed,aha_flexibility; ace_kettlebell_study,yes,enriched_from_review_queue,Kettlebell Armbar,,"Move slowly into a comfortable, pain-free range; hold 10–30 seconds and never bounce. Evidence: aha_flexibility, ace_kettlebell_study.",Kettlebell Armbar,kettlebell_armbar,mobility,,,Kettlebell Armbar,Kettlebell Armbar,Kettlebell Armbar,Kettlebell Armbar,Kettlebell Armbar,Kettlebell Armbar,ケトルベルアームバー,Kettlebell Armbar,Kettlebell Armbar,,,,,,,,,
374,kettlebell_surrender,Kettlebell Surrender,Kettlebell Surrender,Kettlebell Surrender,movement,weights,strength; weights,strength,,,Kettlebell,kettlebell,,full_body; core,full_body,core,,chest; upperBack; abs; glutes; quads; obliques,conditioning,resistance_dynamic,tempo_reps,4,9,reps,60,false,true,2,true,false,false,,2,2,none,minimal,false,,false,true,true,primary,2,true,standard_compound,internally_reviewed,acsm_resistance_2002; acsm_resistance_2026; ace_kettlebell_study,yes,enriched_from_review_queue,Kettlebell Surrender,,"Controlled resistance repetitions; use the APEX tempo for this movement family and stop before technique changes. Evidence: acsm_resistance_2002, acsm_resistance_2026, ace_kettlebell_study.",Kettlebell Surrender,kettlebell_surrender,upper,,,Kettlebell Surrender,Kettlebell Surrender,Kettlebell Surrender,Kettlebell Surrender,Kettlebell Surrender,Kettlebell Surrender,ケトルベル サーレンダー,Kettlebell Surrender,Kettlebell Surrender,,,,,,,,,
375,kettlebell_deck_squat,Kettlebell Deck Squat,Kettlebell Deck Squat,Kettlebell Deck Squat,movement,weights,strength; weights,strength,,,Kettlebell,kettlebell,,quadriceps; glutes; hamstrings; adductors,quadriceps; glutes,hamstrings; adductors,core,quads; glutes; hamstrings; adductors,squat,resistance_dynamic,quality_reps,4,5,reps,120,false,true,2,true,false,false,knee_deep_flexion,4,2,none,minimal,false,,false,true,false,primary,4,false,standard_compound,internally_reviewed,acsm_resistance_2002; acsm_resistance_2026; ace_kettlebell_study; ace_kettlebell_swing,yes,enriched_from_review_queue,Kettlebell Deck Squat,,"Explosive quality repetitions: no artificial lifting cadence; stop when speed, catch or fixation changes. Evidence: acsm_resistance_2002, acsm_resistance_2026, ace_kettlebell_study, ace_kettlebell_swing.",Kettlebell Deck Squat,kettlebell_deck_squat,legs_b,,,Kettlebell Deck Squat,Kettlebell Deck Squat,Kettlebell Deck Squat,Kettlebell Deck Squat,Kettlebell Deck Squat,Kettlebell Deck Squat,ケトルベルデッキスクワット,Kettlebell Deck Squat,Kettlebell Deck Squat,,,,,,,,,
376,kettlebell_man_maker,Kettlebell Man Maker,Kettlebell Man Maker,Kettlebell Man Maker,movement,weights,crossfit; strength; hiit; weights,strength; crossfit,,,Kettlebell,kettlebell,,full_body; core,full_body,core,,chest; upperBack; abs; glutes; quads; obliques,conditioning,resistance_dynamic,tempo_reps,4,9,reps,150,false,true,2,true,false,false,,4,2,none,minimal,false,,false,true,false,primary,5,true,standard_compound,internally_reviewed,acsm_resistance_2002; acsm_resistance_2026; ace_kettlebell_study,yes,enriched_from_review_queue,Kettlebell Man Maker,,"Controlled resistance repetitions; use the APEX tempo for this movement family and stop before technique changes. Evidence: acsm_resistance_2002, acsm_resistance_2026, ace_kettlebell_study.",Kettlebell Man Maker,kettlebell_man_maker,t25,,,Kettlebell Man Maker,Kettlebell Man Maker,Kettlebell Man Maker,Kettlebell Man Maker,Kettlebell Man Maker,Kettlebell Man Maker,ケトルベルマンメーカー,Kettlebell Man Maker,Kettlebell Man Maker,,,,,,,,,
377,split_squat_jump,Split Squat Jump,Split Squat Jump,Split Squat Jump,movement,hiit,hiit,conditioning,,,Bodyweight,,,quadriceps; glutes; hamstrings; glute_medius,quadriceps; glutes,hamstrings; glute_medius,core,quads; glutes; hamstrings,lunge,plyometric,contacts,4,4,reps,60,true,false,0,true,false,false,ankle_impact; knee_deep_flexion; knee_impact,3,3,high,minimal,false,,false,true,true,primary,4,false,standard_compound,internally_reviewed,nsca_plyometric,yes,enriched_from_review_queue,Split Squat Jump,,Count crisp contacts only; use full recovery and stop when landing position or rebound quality changes. Evidence: nsca_plyometric.,Split Squat Jump,split_squat_jump,t25,,,Split Squat Jump,Split Squat Jump,Split Squat Jump,Split Squat Jump,Split Squat Jump,Split Squat Jump,スプリットスクワットジャンプ,Split Squat Jump,Split Squat Jump,,,,,,,,,
378,jumping_lunge,Jumping Lunge,Jumping Lunge,Jumping Lunge,movement,hiit,hiit,conditioning,,,Bodyweight,,,quadriceps; glutes; hamstrings; glute_medius,quadriceps; glutes,hamstrings; glute_medius,core,quads; glutes; hamstrings,lunge,plyometric,contacts,4,4,reps,60,false,false,0,true,false,false,ankle_impact; knee_deep_flexion; knee_impact,3,2,high,minimal,false,,false,true,true,primary,4,false,standard_compound,internally_reviewed,nsca_plyometric,yes,enriched_from_review_queue,Jumping Lunge,,Count crisp contacts only; use full recovery and stop when landing position or rebound quality changes. Evidence: nsca_plyometric.,Jumping Lunge,jumping_lunge,t25,,,Jumping Lunge,Jumping Lunge,Jumping Lunge,Jumping Lunge,Jumping Lunge,Jumping Lunge,ジャンプルンネ,Jumping Lunge,Jumping Lunge,,,,,,,,,
379,box_step_up_bodyweight,Box Step-up (Bodyweight),Box Step-up (Bodyweight),Box Step-up (Bodyweight),movement,strength,strength,strength,,,Bodyweight,,,quadriceps; glutes; hamstrings; glute_medius,quadriceps; glutes,hamstrings; glute_medius,core,quads; glutes; hamstrings,lunge,resistance_dynamic,tempo_reps,4,9,reps,90,true,false,0,true,false,false,knee_deep_flexion,2,3,none,minimal,false,,false,true,true,primary,3,true,standard_compound,internally_reviewed,acsm_resistance_2002; acsm_resistance_2026,yes,enriched_from_review_queue,Box Step-up (Bodyweight),,"Controlled resistance repetitions; use the APEX tempo for this movement family and stop before technique changes. Evidence: acsm_resistance_2002, acsm_resistance_2026.",Box Step-up (Bodyweight),box_step_up_bodyweight,legs_b,,,Box Step-up (Bodyweight),Box Step-up (Bodyweight),Box Step-up (Bodyweight),Box Step-up (Bodyweight),Box Step-up (Bodyweight),Box Step-up (Bodyweight),ボックスステップアップ(体重),Box Step-up (Bodyweight),Box Step-up (Bodyweight),,,,,,,,,
380,curtsy_lunge_bodyweight,Curtsy Lunge (Bodyweight),Curtsy Lunge (Bodyweight),Curtsy Lunge (Bodyweight),movement,strength,strength,strength,,,Bodyweight,,,quadriceps; glutes; hamstrings; glute_medius,quadriceps; glutes,hamstrings; glute_medius,core,quads; glutes; hamstrings,lunge,resistance_dynamic,tempo_reps,4,9,reps,90,true,false,0,true,false,false,knee_deep_flexion,2,3,none,minimal,false,,false,true,true,primary,3,true,standard_compound,internally_reviewed,acsm_resistance_2002; acsm_resistance_2026,yes,enriched_from_review_queue,Curtsy Lunge (Bodyweight),,"Controlled resistance repetitions; use the APEX tempo for this movement family and stop before technique changes. Evidence: acsm_resistance_2002, acsm_resistance_2026.",Curtsy Lunge (Bodyweight),curtsy_lunge_bodyweight,legs_b,,,Curtsy Lunge (Bodyweight),Curtsy Lunge (Bodyweight),Curtsy Lunge (Bodyweight),Curtsy Lunge (Bodyweight),Curtsy Lunge (Bodyweight),Curtsy Lunge (Bodyweight),Curtsy Lunge (ボディウェイト),Curtsy Lunge (Bodyweight),Curtsy Lunge (Bodyweight),,,,,,,,,
381,single_leg_box_squat,Single-leg Box Squat,Single-leg Box Squat,Single-leg Box Squat,movement,calisthenics,strength; calisthenics,strength; calisthenics,,,Bodyweight,,,quadriceps; glutes; hamstrings; adductors,quadriceps; glutes,hamstrings; adductors,core,quads; glutes; hamstrings; adductors,squat,resistance_dynamic,tempo_reps,4,9,reps,90,true,false,0,true,false,false,knee_deep_flexion,2,3,none,minimal,false,,false,true,true,primary,3,true,standard_compound,internally_reviewed,acsm_resistance_2002; acsm_resistance_2026; crossfit_gymnastics_guide,yes,enriched_from_review_queue,Single-leg Box Squat,,"Controlled resistance repetitions; use the APEX tempo for this movement family and stop before technique changes. Evidence: acsm_resistance_2002, acsm_resistance_2026, crossfit_gymnastics_guide.",Single-leg Box Squat,single_leg_box_squat,legs_b,,,Single-leg Box Squat,Single-leg Box Squat,Single-leg Box Squat,Single-leg Box Squat,Single-leg Box Squat,Single-leg Box Squat,シングルラグボックススクワット,Single-leg Box Squat,Single-leg Box Squat,,,,,,,,,
382,assisted_pistol_squat,Assisted Pistol Squat,Assisted Pistol Squat,Assisted Pistol Squat,movement,calisthenics,strength; calisthenics,strength; calisthenics,,,Bodyweight,,,quadriceps; glutes; hamstrings; adductors,quadriceps; glutes,hamstrings; adductors,core,quads; glutes; hamstrings; adductors,squat,resistance_dynamic,tempo_reps,4,9,reps,90,false,false,0,true,false,false,knee_deep_flexion,2,2,none,minimal,false,,false,true,true,primary,3,true,standard_compound,internally_reviewed,acsm_resistance_2002; acsm_resistance_2026; crossfit_gymnastics_guide,yes,enriched_from_review_queue,Assisted Pistol Squat,,"Controlled resistance repetitions; use the APEX tempo for this movement family and stop before technique changes. Evidence: acsm_resistance_2002, acsm_resistance_2026, crossfit_gymnastics_guide.",Assisted Pistol Squat,assisted_pistol_squat,legs_b,,,Assisted Pistol Squat,Assisted Pistol Squat,Assisted Pistol Squat,Assisted Pistol Squat,Assisted Pistol Squat,Assisted Pistol Squat,アシストピストルスクワット,Assisted Pistol Squat,Assisted Pistol Squat,,,,,,,,,
383,jumping_pistol_squat,Jumping Pistol Squat,Jumping Pistol Squat,Jumping Pistol Squat,movement,calisthenics,calisthenics; hiit,conditioning; calisthenics,,,Bodyweight,,,quadriceps; glutes; hamstrings; adductors,quadriceps; glutes,hamstrings; adductors,core,quads; glutes; hamstrings; adductors,squat,plyometric,contacts,4,4,reps,60,false,false,0,true,false,false,ankle_impact; knee_deep_flexion; knee_impact,4,2,high,minimal,false,,false,true,false,primary,4,false,standard_compound,internally_reviewed,nsca_plyometric; crossfit_gymnastics_guide,yes,enriched_from_review_queue,Jumping Pistol Squat,,"Count crisp contacts only; use full recovery and stop when landing position or rebound quality changes. Evidence: nsca_plyometric, crossfit_gymnastics_guide.",Jumping Pistol Squat,jumping_pistol_squat,t25,,,Jumping Pistol Squat,Jumping Pistol Squat,Jumping Pistol Squat,Jumping Pistol Squat,Jumping Pistol Squat,Jumping Pistol Squat,ジャンプピストルスクワット,Jumping Pistol Squat,Jumping Pistol Squat,,,,,,,,,
384,sissy_squat_unloaded,Sissy Squat (Unloaded),Sissy Squat (Unloaded),Sissy Squat (Unloaded),movement,strength,strength,strength,,,Bodyweight,,,quadriceps; glutes; hamstrings; adductors,quadriceps; glutes,hamstrings; adductors,core,quads; glutes; hamstrings; adductors,squat,resistance_dynamic,tempo_reps,4,9,reps,90,false,false,0,true,false,false,knee_deep_flexion,2,2,none,minimal,false,,false,true,true,primary,3,true,standard_compound,internally_reviewed,acsm_resistance_2002; acsm_resistance_2026,yes,enriched_from_review_queue,Sissy Squat (Unloaded),,"Controlled resistance repetitions; use the APEX tempo for this movement family and stop before technique changes. Evidence: acsm_resistance_2002, acsm_resistance_2026.",Sissy Squat (Unloaded),sissy_squat_unloaded,legs_b,,,Sissy Squat (Unloaded),Sissy Squat (Unloaded),Sissy Squat (Unloaded),Sissy Squat (Unloaded),Sissy Squat (Unloaded),Sissy Squat (Unloaded),シシースクワット(アンロード),Sissy Squat (Unloaded),Sissy Squat (Unloaded),,,,,,,,,
385,glute_ham_walkout,Glute-Ham Walkout,Glute-Ham Walkout,Glute-Ham Walkout,movement,strength,strength,strength,,,Bodyweight,,,hamstrings; glutes; erectors; core,hamstrings; glutes,erectors; core,forearms,hamstrings; glutes; lowerBack; abs; obliques,hip_hinge,resistance_dynamic,tempo_reps,4,9,reps,90,false,false,0,true,false,false,lumbar_flexion,2,2,none,minimal,false,,false,true,true,primary,3,true,hamstring_eccentric,internally_reviewed,acsm_resistance_2002; acsm_resistance_2026,yes,enriched_from_review_queue,Glute-Ham Walkout,,"Controlled resistance repetitions; use the APEX tempo for this movement family and stop before technique changes. Evidence: acsm_resistance_2002, acsm_resistance_2026.",Glute-Ham Walkout,glute_ham_walkout,legs_a,,,Glute-Ham Walkout,Glute-Ham Walkout,Glute-Ham Walkout,Glute-Ham Walkout,Glute-Ham Walkout,Glute-Ham Walkout,グルットハムウォークアウト,Glute-Ham Walkout,Glute-Ham Walkout,,,,,,,,,
386,hip_thrust_bodyweight,Hip Thrust (Bodyweight),Hip Thrust (Bodyweight),Hip Thrust (Bodyweight),movement,strength,strength,strength,,,Bodyweight,,,hamstrings; glutes; erectors; core,hamstrings; glutes,erectors; core,forearms,hamstrings; glutes; lowerBack; abs; obliques,hip_hinge,resistance_dynamic,tempo_reps,4,9,reps,90,false,false,0,true,false,false,lumbar_flexion,2,2,none,minimal,false,,false,true,true,primary,3,true,glute_lockout,internally_reviewed,acsm_resistance_2002; acsm_resistance_2026,yes,enriched_from_review_queue,Hip Thrust (Bodyweight),,"Controlled resistance repetitions; use the APEX tempo for this movement family and stop before technique changes. Evidence: acsm_resistance_2002, acsm_resistance_2026.",Hip Thrust (Bodyweight),hip_thrust_bodyweight,legs_a,,,Hip Thrust (Bodyweight),Hip Thrust (Bodyweight),Hip Thrust (Bodyweight),Hip Thrust (Bodyweight),Hip Thrust (Bodyweight),Hip Thrust (Bodyweight),ヒップスラスト(体重),Hip Thrust (Bodyweight),Hip Thrust (Bodyweight),,,,,,,,,
387,single_leg_hip_thrust_bodyweight,Single-leg Hip Thrust (Bodyweight),Single-leg Hip Thrust (Bodyweight),Single-leg Hip Thrust (Bodyweight),movement,strength,strength,strength,,,Bodyweight,,,hamstrings; glutes; erectors; core,hamstrings; glutes,erectors; core,forearms,hamstrings; glutes; lowerBack; abs; obliques,hip_hinge,resistance_dynamic,tempo_reps,4,9,reps,90,true,false,0,true,false,false,lumbar_flexion,2,3,none,minimal,false,,false,true,true,primary,3,true,glute_lockout,internally_reviewed,acsm_resistance_2002; acsm_resistance_2026,yes,enriched_from_review_queue,Single-leg Hip Thrust (Bodyweight),,"Controlled resistance repetitions; use the APEX tempo for this movement family and stop before technique changes. Evidence: acsm_resistance_2002, acsm_resistance_2026.",Single-leg Hip Thrust (Bodyweight),single_leg_hip_thrust_bodyweight,legs_a,,,Single-leg Hip Thrust (Bodyweight),Single-leg Hip Thrust (Bodyweight),Single-leg Hip Thrust (Bodyweight),Single-leg Hip Thrust (Bodyweight),Single-leg Hip Thrust (Bodyweight),Single-leg Hip Thrust (Bodyweight),シングルレッグヒップスラスト(体重),Single-leg Hip Thrust (Bodyweight),Single-leg Hip Thrust (Bodyweight),,,,,,,,,
388,reverse_lunge_to_knee_drive,Reverse Lunge to Knee Drive,Reverse Lunge to Knee Drive,Reverse Lunge to Knee Drive,movement,hiit,hiit,conditioning,,,Bodyweight,,,quadriceps; glutes; hamstrings; glute_medius,quadriceps; glutes,hamstrings; glute_medius,core,quads; glutes; hamstrings,lunge,conditioning_complex,interval,4,30,seconds,60,true,false,0,true,false,false,knee_deep_flexion,2,3,none,minimal,false,,false,true,true,primary,4,false,standard_compound,internally_reviewed,acsm_resistance_2002; acsm_resistance_2026,yes,enriched_from_review_queue,Reverse Lunge to Knee Drive,,"Controlled resistance repetitions; use the APEX tempo for this movement family and stop before technique changes. Evidence: acsm_resistance_2002, acsm_resistance_2026.",Reverse Lunge to Knee Drive,reverse_lunge_to_knee_drive,t25,,,Reverse Lunge to Knee Drive,Reverse Lunge to Knee Drive,Reverse Lunge to Knee Drive,Reverse Lunge to Knee Drive,Reverse Lunge to Knee Drive,Reverse Lunge to Knee Drive,Kneeドライブへの逆Lunge,Reverse Lunge to Knee Drive,Reverse Lunge to Knee Drive,,,,,,,,,
389,step_back_lunge_with_twist,Step-back Lunge with Twist,Step-back Lunge with Twist,Step-back Lunge with Twist,movement,hiit,hiit,conditioning,,,Bodyweight,,,quadriceps; glutes; hamstrings; glute_medius,quadriceps; glutes,hamstrings; glute_medius,core,quads; glutes; hamstrings,lunge,conditioning_complex,interval,4,30,seconds,60,false,false,0,true,false,false,knee_deep_flexion,2,2,none,minimal,false,,false,true,true,primary,4,false,standard_compound,internally_reviewed,acsm_resistance_2002; acsm_resistance_2026,yes,enriched_from_review_queue,Step-back Lunge with Twist,,"Controlled resistance repetitions; use the APEX tempo for this movement family and stop before technique changes. Evidence: acsm_resistance_2002, acsm_resistance_2026.",Step-back Lunge with Twist,step_back_lunge_with_twist,t25,,,Step-back Lunge with Twist,Step-back Lunge with Twist,Step-back Lunge with Twist,Step-back Lunge with Twist,Step-back Lunge with Twist,Step-back Lunge with Twist,ツイスト付きステップバックランゲ,Step-back Lunge with Twist,Step-back Lunge with Twist,,,,,,,,,
390,lateral_step_up,Lateral Step-up,Lateral Step-up,Lateral Step-up,movement,strength,strength,strength,,,Bodyweight,,,quadriceps; glutes; hamstrings; glute_medius,quadriceps; glutes,hamstrings; glute_medius,core,quads; glutes; hamstrings,lunge,resistance_dynamic,tempo_reps,4,9,reps,90,true,false,0,true,false,false,knee_deep_flexion,2,3,none,minimal,false,,false,true,true,primary,3,true,standard_compound,internally_reviewed,acsm_resistance_2002; acsm_resistance_2026,yes,enriched_from_review_queue,Lateral Step-up,,"Controlled resistance repetitions; use the APEX tempo for this movement family and stop before technique changes. Evidence: acsm_resistance_2002, acsm_resistance_2026.",Lateral Step-up,lateral_step_up,legs_b,,,Lateral Step-up,Lateral Step-up,Lateral Step-up,Lateral Step-up,Lateral Step-up,Lateral Step-up,横ステップアップ,Lateral Step-up,Lateral Step-up,,,,,,,,,
391,calf_raise_on_step,Calf Raise on Step,Calf Raise on Step,Calf Raise on Step,movement,strength,strength,strength,,,Bodyweight,,,calves; soleus,calves,soleus,,calves,isolation_lower,resistance_dynamic,tempo_reps,3,12,reps,60,false,false,0,true,false,false,,2,2,none,minimal,false,,false,true,true,accessory,2,true,single_joint,internally_reviewed,acsm_resistance_2002; acsm_resistance_2026,yes,enriched_from_review_queue,Calf Raise on Step,,"Controlled resistance repetitions; use the APEX tempo for this movement family and stop before technique changes. Evidence: acsm_resistance_2002, acsm_resistance_2026.",Calf Raise on Step,calf_raise_on_step,legs_a,,,Calf Raise on Step,Calf Raise on Step,Calf Raise on Step,Calf Raise on Step,Calf Raise on Step,Calf Raise on Step,ステップでCalfレイズ,Calf Raise on Step,Calf Raise on Step,,,,,,,,,
392,donkey_calf_raise,Donkey Calf Raise,Donkey Calf Raise,Donkey Calf Raise,movement,strength,strength,strength,,,Bodyweight,,,calves; soleus,calves,soleus,,calves,isolation_lower,resistance_dynamic,tempo_reps,3,12,reps,60,false,false,0,true,false,false,,2,2,none,minimal,false,,false,true,true,accessory,2,true,single_joint,internally_reviewed,acsm_resistance_2002; acsm_resistance_2026,yes,enriched_from_review_queue,Donkey Calf Raise,,"Controlled resistance repetitions; use the APEX tempo for this movement family and stop before technique changes. Evidence: acsm_resistance_2002, acsm_resistance_2026.",Donkey Calf Raise,donkey_calf_raise,legs_a,,,Donkey Calf Raise,Donkey Calf Raise,Donkey Calf Raise,Donkey Calf Raise,Donkey Calf Raise,Donkey Calf Raise,ドンキー・カーフ・レイズ,Donkey Calf Raise,Donkey Calf Raise,,,,,,,,,
393,wall_calf_raise,Wall Calf Raise,Wall Calf Raise,Wall Calf Raise,movement,strength,strength,strength,,,Bodyweight,,,calves; soleus,calves,soleus,,calves,isolation_lower,resistance_dynamic,tempo_reps,3,12,reps,60,false,false,0,true,false,false,,2,2,none,minimal,false,,false,true,true,accessory,2,true,single_joint,internally_reviewed,acsm_resistance_2002; acsm_resistance_2026,yes,enriched_from_review_queue,Wall Calf Raise,,"Controlled resistance repetitions; use the APEX tempo for this movement family and stop before technique changes. Evidence: acsm_resistance_2002, acsm_resistance_2026.",Wall Calf Raise,wall_calf_raise,legs_a,,,Wall Calf Raise,Wall Calf Raise,Wall Calf Raise,Wall Calf Raise,Wall Calf Raise,Wall Calf Raise,壁カルフレイズ,Wall Calf Raise,Wall Calf Raise,,,,,,,,,
394,decline_push_up_high_feet,Decline Push-up (High Feet),Decline Push-up (High Feet),Decline Push-up (High Feet),movement,calisthenics,strength; calisthenics,strength; calisthenics,,,Bodyweight,,,chest; triceps; front_delts,chest; triceps,front_delts,core,chest; triceps; frontDelts,horizontal_push,resistance_dynamic,tempo_reps,4,9,reps,60,false,false,0,true,false,false,shoulder_press; wrist,2,2,none,minimal,false,,false,true,true,primary,2,true,standard_compound,internally_reviewed,acsm_resistance_2002; acsm_resistance_2026; crossfit_gymnastics_guide,yes,enriched_from_review_queue,Decline Push-up (High Feet),,"Controlled resistance repetitions; use the APEX tempo for this movement family and stop before technique changes. Evidence: acsm_resistance_2002, acsm_resistance_2026, crossfit_gymnastics_guide.",Decline Push-up (High Feet),decline_push_up_high_feet,push,,,Decline Push-up (High Feet),Decline Push-up (High Feet),Decline Push-up (High Feet),Decline Push-up (High Feet),Decline Push-up (High Feet),Decline Push-up (High Feet),Decline プッシュアップ (ハイフィート),Decline Push-up (High Feet),Decline Push-up (High Feet),,,,,,,,,
395,clap_push_up,Clap Push-up,Clap Push-up,Clap Push-up,movement,calisthenics,calisthenics; hiit,conditioning; calisthenics,,,Bodyweight,,,chest; triceps; front_delts,chest; triceps,front_delts,core,chest; triceps; frontDelts,horizontal_push,plyometric,contacts,4,4,reps,60,false,false,0,true,false,false,ankle_impact; knee_impact; shoulder_press; wrist,3,2,high,minimal,false,,false,true,true,primary,4,false,standard_compound,internally_reviewed,nsca_plyometric; crossfit_gymnastics_guide,yes,enriched_from_review_queue,Clap Push-up,,"Count crisp contacts only; use full recovery and stop when landing position or rebound quality changes. Evidence: nsca_plyometric, crossfit_gymnastics_guide.",Clap Push-up,clap_push_up,t25,,,Clap Push-up,Clap Push-up,Clap Push-up,Clap Push-up,Clap Push-up,Clap Push-up,Clap プッシュアップ,Clap Push-up,Clap Push-up,,,,,,,,,
396,wide_grip_push_up,Wide-Grip Push-up,Wide-Grip Push-up,Wide-Grip Push-up,movement,calisthenics,strength; calisthenics,strength; calisthenics,,,Bodyweight,,,chest; triceps; front_delts,chest; triceps,front_delts,core,chest; triceps; frontDelts,horizontal_push,resistance_dynamic,tempo_reps,4,9,reps,60,false,false,0,true,false,false,shoulder_press; wrist,2,2,none,minimal,false,,false,true,true,primary,2,true,standard_compound,internally_reviewed,acsm_resistance_2002; acsm_resistance_2026; crossfit_gymnastics_guide,yes,enriched_from_review_queue,Wide-Grip Push-up,,"Controlled resistance repetitions; use the APEX tempo for this movement family and stop before technique changes. Evidence: acsm_resistance_2002, acsm_resistance_2026, crossfit_gymnastics_guide.",Wide-Grip Push-up,wide_grip_push_up,push,,,Wide-Grip Push-up,Wide-Grip Push-up,Wide-Grip Push-up,Wide-Grip Push-up,Wide-Grip Push-up,Wide-Grip Push-up,ワイドグリッププッシュアップ,Wide-Grip Push-up,Wide-Grip Push-up,,,,,,,,,
397,close_grip_push_up,Close-Grip Push-up,Close-Grip Push-up,Close-Grip Push-up,movement,calisthenics,strength; calisthenics,strength; calisthenics,,,Bodyweight,,,chest; triceps; front_delts,chest; triceps,front_delts,core,chest; triceps; frontDelts,horizontal_push,resistance_dynamic,tempo_reps,4,9,reps,60,false,false,0,true,false,false,shoulder_press; wrist,2,2,none,minimal,false,,false,true,true,primary,2,true,standard_compound,internally_reviewed,acsm_resistance_2002; acsm_resistance_2026; crossfit_gymnastics_guide,yes,enriched_from_review_queue,Close-Grip Push-up,,"Controlled resistance repetitions; use the APEX tempo for this movement family and stop before technique changes. Evidence: acsm_resistance_2002, acsm_resistance_2026, crossfit_gymnastics_guide.",Close-Grip Push-up,close_grip_push_up,push,,,Close-Grip Push-up,Close-Grip Push-up,Close-Grip Push-up,Close-Grip Push-up,Close-Grip Push-up,Close-Grip Push-up,クローズドグリッププッシュアップ,Close-Grip Push-up,Close-Grip Push-up,,,,,,,,,
398,clock_push_up,Clock Push-up,Clock Push-up,Clock Push-up,movement,calisthenics,calisthenics; hiit,conditioning; calisthenics,,,Bodyweight,,,chest; triceps; front_delts,chest; triceps,front_delts,core,chest; triceps; frontDelts,horizontal_push,conditioning_complex,interval,4,30,seconds,60,false,false,0,true,false,false,shoulder_press; wrist,2,2,none,minimal,false,,false,true,true,primary,4,false,standard_compound,internally_reviewed,acsm_resistance_2002; acsm_resistance_2026; crossfit_gymnastics_guide,yes,enriched_from_review_queue,Clock Push-up,,"Controlled resistance repetitions; use the APEX tempo for this movement family and stop before technique changes. Evidence: acsm_resistance_2002, acsm_resistance_2026, crossfit_gymnastics_guide.",Clock Push-up,clock_push_up,t25,,,Clock Push-up,Clock Push-up,Clock Push-up,Clock Push-up,Clock Push-up,Clock Push-up,クロックプッシュアップ,Clock Push-up,Clock Push-up,,,,,,,,,
399,planche_lean,Planche Lean,Planche Lean,Planche Lean,movement,calisthenics,street; calisthenics,calisthenics; street_workout,,,Bodyweight,,,chest; triceps; front_delts,chest; triceps,front_delts,core,chest; triceps; frontDelts,horizontal_push,skill_drill,quality,4,10,seconds,60,false,false,0,true,false,false,shoulder_press; wrist,4,2,none,minimal,false,,false,true,false,primary,2,false,standard_compound,internally_reviewed,crossfit_gymnastics_guide; world_gymnastics_mag_2025,yes,enriched_from_review_queue,Planche Lean,,"Quality practice only; prerequisites and the coached-only gate take precedence over volume. Evidence: crossfit_gymnastics_guide, world_gymnastics_mag_2025.",Planche Lean,planche_lean,push,,,Planche Lean,Planche Lean,Planche Lean,Planche Lean,Planche Lean,Planche Lean,プランチェ・リーン,Planche Lean,Planche Lean,,,,,,,,,
400,planche_push_up,Planche Push-up,Planche Push-up,Planche Push-up,movement,calisthenics,street; calisthenics,calisthenics; street_workout,,,Bodyweight,,,chest; triceps; front_delts,chest; triceps,front_delts,core,chest; triceps; frontDelts,horizontal_push,skill_drill,quality,4,4,reps,60,false,false,0,false,true,false,shoulder_press; wrist,5,2,none,minimal,false,qualified_coach_present,true,false,false,primary,2,false,standard_compound,internally_reviewed,crossfit_gymnastics_guide; world_gymnastics_mag_2025,yes,enriched_from_review_queue,Planche Push-up,,"Quality practice only; prerequisites and the coached-only gate take precedence over volume. Requires qualified coaching in APEX. Evidence: crossfit_gymnastics_guide, world_gymnastics_mag_2025.",Planche Push-up,planche_push_up,push,,,Planche Push-up,Planche Push-up,Planche Push-up,Planche Push-up,Planche Push-up,Planche Push-up,Planche プッシュアップ,Planche Push-up,Planche Push-up,,,,,,,,,
401,hindu_push_up,Hindu Push-up,Hindu Push-up,Hindu Push-up,movement,strength,strength,strength,,,Bodyweight,,,chest; triceps; front_delts,chest; triceps,front_delts,core,chest; triceps; frontDelts,horizontal_push,resistance_dynamic,tempo_reps,4,9,reps,60,false,false,0,true,false,false,shoulder_press; wrist,2,2,none,minimal,false,,false,true,true,primary,2,true,standard_compound,internally_reviewed,acsm_resistance_2002; acsm_resistance_2026,yes,enriched_from_review_queue,Hindu Push-up,,"Controlled resistance repetitions; use the APEX tempo for this movement family and stop before technique changes. Evidence: acsm_resistance_2002, acsm_resistance_2026.",Hindu Push-up,hindu_push_up,push,,,Hindu Push-up,Hindu Push-up,Hindu Push-up,Hindu Push-up,Hindu Push-up,Hindu Push-up,Hindu プッシュアップ,Hindu Push-up,Hindu Push-up,,,,,,,,,
402,divebomber_push_up,Divebomber Push-up,Divebomber Push-up,Divebomber Push-up,movement,strength,strength,strength,,,Bodyweight,,,chest; triceps; front_delts,chest; triceps,front_delts,core,chest; triceps; frontDelts,horizontal_push,resistance_dynamic,tempo_reps,4,9,reps,60,false,false,0,true,false,false,shoulder_press; wrist,2,2,none,minimal,false,,false,true,true,primary,2,true,standard_compound,internally_reviewed,acsm_resistance_2002; acsm_resistance_2026,yes,enriched_from_review_queue,Divebomber Push-up,,"Controlled resistance repetitions; use the APEX tempo for this movement family and stop before technique changes. Evidence: acsm_resistance_2002, acsm_resistance_2026.",Divebomber Push-up,divebomber_push_up,push,,,Divebomber Push-up,Divebomber Push-up,Divebomber Push-up,Divebomber Push-up,Divebomber Push-up,Divebomber Push-up,Divebomber プッシュアップ,Divebomber Push-up,Divebomber Push-up,,,,,,,,,
403,spiderman_push_up,Spiderman Push-up,Spiderman Push-up,Spiderman Push-up,movement,calisthenics,strength; calisthenics,strength; calisthenics,,,Bodyweight,,,chest; triceps; front_delts,chest; triceps,front_delts,core,chest; triceps; frontDelts,horizontal_push,resistance_dynamic,tempo_reps,4,9,reps,60,false,false,0,true,false,false,shoulder_press; wrist,2,2,none,minimal,false,,false,true,true,primary,2,true,standard_compound,internally_reviewed,acsm_resistance_2002; acsm_resistance_2026; crossfit_gymnastics_guide,yes,enriched_from_review_queue,Spiderman Push-up,,"Controlled resistance repetitions; use the APEX tempo for this movement family and stop before technique changes. Evidence: acsm_resistance_2002, acsm_resistance_2026, crossfit_gymnastics_guide.",Spiderman Push-up,spiderman_push_up,push,,,Spiderman Push-up,Spiderman Push-up,Spiderman Push-up,Spiderman Push-up,Spiderman Push-up,Spiderman Push-up,スパイダーマンプッシュアップ,Spiderman Push-up,Spiderman Push-up,,,,,,,,,
404,ring_push_up,Ring Push-up,Ring Push-up,Ring Push-up,movement,calisthenics,strength; calisthenics,strength; calisthenics; gymnastics,,,Rings,rings,,chest; triceps; front_delts,chest; triceps,front_delts,core,chest; triceps; frontDelts,horizontal_push,resistance_dynamic,tempo_reps,4,9,reps,60,false,false,0,true,false,false,shoulder_press; wrist,2,4,none,minimal,false,,false,true,true,primary,2,true,standard_compound,internally_reviewed,acsm_resistance_2002; acsm_resistance_2026; crossfit_gymnastics_guide; world_gymnastics_mag_2025,yes,enriched_from_review_queue,Ring Push-up,,"Controlled resistance repetitions; use the APEX tempo for this movement family and stop before technique changes. Evidence: acsm_resistance_2002, acsm_resistance_2026, crossfit_gymnastics_guide, world_gymnastics_mag_2025.",Ring Push-up,ring_push_up,push,,,Ring Push-up,Ring Push-up,Ring Push-up,Ring Push-up,Ring Push-up,Ring Push-up,リングプッシュアップ,Ring Push-up,Ring Push-up,,,,,,,,,
405,ring_archer_push_up,Ring Archer Push-up,Ring Archer Push-up,Ring Archer Push-up,movement,calisthenics,strength; calisthenics,strength; calisthenics; gymnastics,,,Rings,rings,,chest; triceps; front_delts,chest; triceps,front_delts,core,chest; triceps; frontDelts,horizontal_push,resistance_dynamic,tempo_reps,4,9,reps,60,false,false,0,true,false,false,shoulder_press; wrist,4,4,none,minimal,false,,false,true,false,primary,2,true,standard_compound,internally_reviewed,acsm_resistance_2002; acsm_resistance_2026; crossfit_gymnastics_guide; world_gymnastics_mag_2025,yes,enriched_from_review_queue,Ring Archer Push-up,,"Controlled resistance repetitions; use the APEX tempo for this movement family and stop before technique changes. Evidence: acsm_resistance_2002, acsm_resistance_2026, crossfit_gymnastics_guide, world_gymnastics_mag_2025.",Ring Archer Push-up,ring_archer_push_up,push,,,Ring Archer Push-up,Ring Archer Push-up,Ring Archer Push-up,Ring Archer Push-up,Ring Archer Push-up,Ring Archer Push-up,リングアーチャープッシュアップ,Ring Archer Push-up,Ring Archer Push-up,,,,,,,,,
406,ring_fly,Ring Fly,Ring Fly,Ring Fly,movement,calisthenics,strength; calisthenics,strength; calisthenics; gymnastics,,,Rings,rings,,chest; triceps; front_delts,chest; triceps,front_delts,core,chest; triceps; frontDelts,horizontal_push,resistance_dynamic,tempo_reps,3,9,reps,60,false,false,0,false,true,false,shoulder_press; wrist,5,4,none,minimal,false,qualified_coach_present,true,false,false,accessory,2,true,standard_compound,internally_reviewed,acsm_resistance_2002; acsm_resistance_2026; crossfit_gymnastics_guide; world_gymnastics_mag_2025,yes,enriched_from_review_queue,Ring Fly,,"Controlled resistance repetitions; use the APEX tempo for this movement family and stop before technique changes. Requires qualified coaching in APEX. Evidence: acsm_resistance_2002, acsm_resistance_2026, crossfit_gymnastics_guide, world_gymnastics_mag_2025.",Ring Fly,ring_fly,push,,,Ring Fly,Ring Fly,Ring Fly,Ring Fly,Ring Fly,Ring Fly,リングフライ,Ring Fly,Ring Fly,,,,,,,,,
407,bench_dip_feet_on_floor,Bench Dip (Feet on Floor),Bench Dip (Feet on Floor),Bench Dip (Feet on Floor),movement,strength,strength,strength,,,Bodyweight,,,front_delts; triceps; side_delts; upper_chest,front_delts; triceps,side_delts; upper_chest,core,frontDelts; triceps; sideDelts; chest,vertical_push,resistance_dynamic,tempo_reps,4,9,reps,60,false,false,0,true,false,false,shoulder_overhead; shoulder_press; wrist,2,2,none,minimal,false,,false,true,true,primary,2,true,standard_compound,internally_reviewed,acsm_resistance_2002; acsm_resistance_2026,yes,enriched_from_review_queue,Bench Dip (Feet on Floor),,"Controlled resistance repetitions; use the APEX tempo for this movement family and stop before technique changes. Evidence: acsm_resistance_2002, acsm_resistance_2026.",Bench Dip (Feet on Floor),bench_dip_feet_on_floor,push,,,Bench Dip (Feet on Floor),Bench Dip (Feet on Floor),Bench Dip (Feet on Floor),Bench Dip (Feet on Floor),Bench Dip (Feet on Floor),Bench Dip (Feet on Floor),ベンチディップ(床面),Bench Dip (Feet on Floor),Bench Dip (Feet on Floor),,,,,,,,,
408,bench_dip_feet_elevated,Bench Dip (Feet Elevated),Bench Dip (Feet Elevated),Bench Dip (Feet Elevated),movement,strength,strength,strength,,,Bodyweight,,,front_delts; triceps; side_delts; upper_chest,front_delts; triceps,side_delts; upper_chest,core,frontDelts; triceps; sideDelts; chest,vertical_push,resistance_dynamic,tempo_reps,4,9,reps,60,false,false,0,true,false,false,shoulder_overhead; shoulder_press; wrist,2,2,none,minimal,false,,false,true,true,primary,2,true,standard_compound,internally_reviewed,acsm_resistance_2002; acsm_resistance_2026,yes,enriched_from_review_queue,Bench Dip (Feet Elevated),,"Controlled resistance repetitions; use the APEX tempo for this movement family and stop before technique changes. Evidence: acsm_resistance_2002, acsm_resistance_2026.",Bench Dip (Feet Elevated),bench_dip_feet_elevated,push,,,Bench Dip (Feet Elevated),Bench Dip (Feet Elevated),Bench Dip (Feet Elevated),Bench Dip (Feet Elevated),Bench Dip (Feet Elevated),Bench Dip (Feet Elevated),ベンチディップ(Feet Elevated),Bench Dip (Feet Elevated),Bench Dip (Feet Elevated),,,,,,,,,
409,ring_dip_forward_lean,Ring Dip - Forward Lean,Ring Dip - Forward Lean,Ring Dip - Forward Lean,movement,calisthenics,strength; calisthenics,strength; calisthenics; gymnastics,,,Rings,rings,,front_delts; triceps; side_delts; upper_chest,front_delts; triceps,side_delts; upper_chest,core,frontDelts; triceps; sideDelts; chest,vertical_push,resistance_dynamic,tempo_reps,4,9,reps,60,false,false,0,true,false,false,shoulder_overhead; shoulder_press; wrist,4,4,none,minimal,false,,false,true,false,primary,2,true,standard_compound,internally_reviewed,acsm_resistance_2002; acsm_resistance_2026; crossfit_gymnastics_guide; world_gymnastics_mag_2025,yes,enriched_from_review_queue,Ring Dip - Forward Lean,,"Controlled resistance repetitions; use the APEX tempo for this movement family and stop before technique changes. Evidence: acsm_resistance_2002, acsm_resistance_2026, crossfit_gymnastics_guide, world_gymnastics_mag_2025.",Ring Dip - Forward Lean,ring_dip_forward_lean,push,,,Ring Dip - Forward Lean,Ring Dip - Forward Lean,Ring Dip - Forward Lean,Ring Dip - Forward Lean,Ring Dip - Forward Lean,Ring Dip - Forward Lean,リングディップ - フォワードリアン,Ring Dip - Forward Lean,Ring Dip - Forward Lean,,,,,,,,,
410,assisted_ring_dip,Assisted Ring Dip,Assisted Ring Dip,Assisted Ring Dip,movement,calisthenics,strength; calisthenics,strength; calisthenics; gymnastics,,,Rings,rings,,front_delts; triceps; side_delts; upper_chest,front_delts; triceps,side_delts; upper_chest,core,frontDelts; triceps; sideDelts; chest,vertical_push,resistance_dynamic,tempo_reps,4,9,reps,60,false,false,0,true,false,false,shoulder_overhead; shoulder_press; wrist,2,4,none,minimal,false,,false,true,true,primary,2,true,standard_compound,internally_reviewed,acsm_resistance_2002; acsm_resistance_2026; crossfit_gymnastics_guide; world_gymnastics_mag_2025,yes,enriched_from_review_queue,Assisted Ring Dip,,"Controlled resistance repetitions; use the APEX tempo for this movement family and stop before technique changes. Evidence: acsm_resistance_2002, acsm_resistance_2026, crossfit_gymnastics_guide, world_gymnastics_mag_2025.",Assisted Ring Dip,assisted_ring_dip,push,,,Assisted Ring Dip,Assisted Ring Dip,Assisted Ring Dip,Assisted Ring Dip,Assisted Ring Dip,Assisted Ring Dip,アシストリングディップ,Assisted Ring Dip,Assisted Ring Dip,,,,,,,,,
411,isometric_dip_hold,Isometric Dip Hold,Isometric Dip Hold,Isometric Dip Hold,movement,calisthenics,strength; calisthenics,strength; calisthenics; gymnastics,,,Dip Bars,dip_bars,,front_delts; triceps; side_delts; upper_chest,front_delts; triceps,side_delts; upper_chest,core,frontDelts; triceps; sideDelts; chest,vertical_push,resistance_isometric,hold,4,23,seconds,60,false,false,0,true,false,false,shoulder_overhead; shoulder_press; wrist,2,2,none,minimal,false,,false,true,true,primary,2,false,standard_compound,internally_reviewed,acsm_resistance_2002; acsm_resistance_2026; crossfit_gymnastics_guide; world_gymnastics_mag_2025,yes,enriched_from_review_queue,Isometric Dip Hold,,"Hold with continuous breathing and end the set when position changes. Evidence: acsm_resistance_2002, acsm_resistance_2026, crossfit_gymnastics_guide, world_gymnastics_mag_2025.",Isometric Dip Hold,isometric_dip_hold,push,,,Isometric Dip Hold,Isometric Dip Hold,Isometric Dip Hold,Isometric Dip Hold,Isometric Dip Hold,Isometric Dip Hold,Isometric Dip ホールド,Isometric Dip Hold,Isometric Dip Hold,,,,,,,,,
412,mixed_grip_pull_up,Mixed-Grip Pull-up,Mixed-Grip Pull-up,Mixed-Grip Pull-up,movement,calisthenics,street; strength; calisthenics,strength; calisthenics; street_workout,,,Pull Up Bar,pull_up_bar,,lats; biceps; upper_back; forearms,lats; biceps,upper_back; forearms,core,lats; biceps; upperBack; forearms,vertical_pull,resistance_dynamic,tempo_reps,4,9,reps,60,false,false,0,true,false,false,elbow; shoulder_overhead,2,2,none,minimal,false,,false,true,true,primary,2,true,standard_compound,internally_reviewed,acsm_resistance_2002; acsm_resistance_2026; crossfit_gymnastics_guide,yes,enriched_from_review_queue,Mixed-Grip Pull-up,,"Controlled resistance repetitions; use the APEX tempo for this movement family and stop before technique changes. Evidence: acsm_resistance_2002, acsm_resistance_2026, crossfit_gymnastics_guide.",Mixed-Grip Pull-up,mixed_grip_pull_up,pull,,,Mixed-Grip Pull-up,Mixed-Grip Pull-up,Mixed-Grip Pull-up,Mixed-Grip Pull-up,Mixed-Grip Pull-up,Mixed-Grip Pull-up,ミックスグリッププルアップ,Mixed-Grip Pull-up,Mixed-Grip Pull-up,,,,,,,,,
413,archer_pull_up,Archer Pull-up,Archer Pull-up,Archer Pull-up,movement,calisthenics,street; strength; calisthenics,strength; calisthenics; street_workout,,,Pull Up Bar,pull_up_bar,,lats; biceps; upper_back; forearms,lats; biceps,upper_back; forearms,core,lats; biceps; upperBack; forearms,vertical_pull,resistance_dynamic,tempo_reps,4,9,reps,60,false,false,0,true,false,false,elbow; shoulder_overhead,4,2,none,minimal,false,,false,true,false,primary,2,true,standard_compound,internally_reviewed,acsm_resistance_2002; acsm_resistance_2026; crossfit_gymnastics_guide,yes,enriched_from_review_queue,Archer Pull-up,,"Controlled resistance repetitions; use the APEX tempo for this movement family and stop before technique changes. Evidence: acsm_resistance_2002, acsm_resistance_2026, crossfit_gymnastics_guide.",Archer Pull-up,archer_pull_up,pull,,,Archer Pull-up,Archer Pull-up,Archer Pull-up,Archer Pull-up,Archer Pull-up,Archer Pull-up,アーチャープルアップ,Archer Pull-up,Archer Pull-up,,,,,,,,,
414,typewriter_pull_up,Typewriter Pull-up,Typewriter Pull-up,Typewriter Pull-up,movement,calisthenics,street; strength; calisthenics,strength; calisthenics; street_workout,,,Pull Up Bar,pull_up_bar,,lats; biceps; upper_back; forearms,lats; biceps,upper_back; forearms,core,lats; biceps; upperBack; forearms,vertical_pull,resistance_dynamic,tempo_reps,4,9,reps,60,false,false,0,true,false,false,elbow; shoulder_overhead,4,2,none,minimal,false,,false,true,false,primary,2,true,standard_compound,internally_reviewed,acsm_resistance_2002; acsm_resistance_2026; crossfit_gymnastics_guide,yes,enriched_from_review_queue,Typewriter Pull-up,,"Controlled resistance repetitions; use the APEX tempo for this movement family and stop before technique changes. Evidence: acsm_resistance_2002, acsm_resistance_2026, crossfit_gymnastics_guide.",Typewriter Pull-up,typewriter_pull_up,pull,,,Typewriter Pull-up,Typewriter Pull-up,Typewriter Pull-up,Typewriter Pull-up,Typewriter Pull-up,Typewriter Pull-up,タイプライター プルアップ,Typewriter Pull-up,Typewriter Pull-up,,,,,,,,,
415,commando_pull_up,Commando Pull-up,Commando Pull-up,Commando Pull-up,movement,calisthenics,street; strength; calisthenics,strength; calisthenics; street_workout,,,Pull Up Bar,pull_up_bar,,lats; biceps; upper_back; forearms,lats; biceps,upper_back; forearms,core,lats; biceps; upperBack; forearms,vertical_pull,resistance_dynamic,tempo_reps,4,9,reps,60,false,false,0,true,false,false,elbow; shoulder_overhead,2,2,none,minimal,false,,false,true,true,primary,2,true,standard_compound,internally_reviewed,acsm_resistance_2002; acsm_resistance_2026; crossfit_gymnastics_guide,yes,enriched_from_review_queue,Commando Pull-up,,"Controlled resistance repetitions; use the APEX tempo for this movement family and stop before technique changes. Evidence: acsm_resistance_2002, acsm_resistance_2026, crossfit_gymnastics_guide.",Commando Pull-up,commando_pull_up,pull,,,Commando Pull-up,Commando Pull-up,Commando Pull-up,Commando Pull-up,Commando Pull-up,Commando Pull-up,Commando プルアップ,Commando Pull-up,Commando Pull-up,,,,,,,,,
416,behind_the_neck_pull_up,Behind-the-Neck Pull-up,Behind-the-Neck Pull-up,Behind-the-Neck Pull-up,movement,strength,strength,strength,,,Pull Up Bar,pull_up_bar,,lats; biceps; upper_back; forearms,lats; biceps,upper_back; forearms,core,lats; biceps; upperBack; forearms,vertical_pull,resistance_dynamic,tempo_reps,4,9,reps,60,false,false,0,false,false,false,elbow; shoulder_overhead; shoulder_press,5,2,none,minimal,false,qualified_coach_present,true,false,false,primary,2,true,standard_compound,internally_reviewed,acsm_resistance_2002; acsm_resistance_2026,yes,enriched_from_review_queue,Behind-the-Neck Pull-up,,"Controlled resistance repetitions; use the APEX tempo for this movement family and stop before technique changes. Requires qualified coaching in APEX. Evidence: acsm_resistance_2002, acsm_resistance_2026.",Behind-the-Neck Pull-up,behind_the_neck_pull_up,pull,,,Behind-the-Neck Pull-up,Behind-the-Neck Pull-up,Behind-the-Neck Pull-up,Behind-the-Neck Pull-up,Behind-the-Neck Pull-up,Behind-the-Neck Pull-up,バックザネックプルアップ,Behind-the-Neck Pull-up,Behind-the-Neck Pull-up,,,,,,,,,
417,one_arm_pull_up_assisted,One-Arm Pull-up (Assisted),One-Arm Pull-up (Assisted),One-Arm Pull-up (Assisted),movement,calisthenics,street; calisthenics,calisthenics; street_workout,,,Pull Up Bar,pull_up_bar,,lats; biceps; upper_back; forearms,lats; biceps,upper_back; forearms,core,lats; biceps; upperBack; forearms,vertical_pull,skill_drill,quality,4,4,reps,60,true,false,0,true,false,false,elbow; shoulder_overhead,4,3,none,minimal,false,,false,true,false,primary,2,false,standard_compound,internally_reviewed,crossfit_gymnastics_guide,yes,enriched_from_review_queue,One-Arm Pull-up (Assisted),,Quality practice only; prerequisites and the coached-only gate take precedence over volume. Evidence: crossfit_gymnastics_guide.,One-Arm Pull-up (Assisted),one_arm_pull_up_assisted,pull,,,One-Arm Pull-up (Assisted),One-Arm Pull-up (Assisted),One-Arm Pull-up (Assisted),One-Arm Pull-up (Assisted),One-Arm Pull-up (Assisted),One-Arm Pull-up (Assisted),ワンアームプルアップ(アシスト),One-Arm Pull-up (Assisted),One-Arm Pull-up (Assisted),,,,,,,,,
418,false_grip_pull_up,False-Grip Pull-up,False-Grip Pull-up,False-Grip Pull-up,movement,calisthenics,strength; calisthenics,strength; calisthenics; gymnastics,,,Rings,rings,,lats; biceps; upper_back; forearms,lats; biceps,upper_back; forearms,core,lats; biceps; upperBack; forearms,vertical_pull,resistance_dynamic,tempo_reps,4,9,reps,60,false,false,0,true,false,false,elbow; shoulder_overhead,4,4,none,minimal,false,,false,true,false,primary,2,true,standard_compound,internally_reviewed,acsm_resistance_2002; acsm_resistance_2026; crossfit_gymnastics_guide; world_gymnastics_mag_2025,yes,enriched_from_review_queue,False-Grip Pull-up,,"Controlled resistance repetitions; use the APEX tempo for this movement family and stop before technique changes. Evidence: acsm_resistance_2002, acsm_resistance_2026, crossfit_gymnastics_guide, world_gymnastics_mag_2025.",False-Grip Pull-up,false_grip_pull_up,pull,,,False-Grip Pull-up,False-Grip Pull-up,False-Grip Pull-up,False-Grip Pull-up,False-Grip Pull-up,False-Grip Pull-up,偽グリッププルアップ,False-Grip Pull-up,False-Grip Pull-up,,,,,,,,,
419,chest_to_bar_pull_up_strict,Chest-to-Bar Pull-up (Strict),Chest-to-Bar Pull-up (Strict),Chest-to-Bar Pull-up (Strict),movement,calisthenics,crossfit; strength; calisthenics; hiit,strength; crossfit; calisthenics,,,Pull Up Bar,pull_up_bar,,lats; biceps; upper_back; forearms,lats; biceps,upper_back; forearms,core,lats; biceps; upperBack; forearms,vertical_pull,resistance_dynamic,tempo_reps,4,9,reps,60,false,false,0,true,false,false,elbow; shoulder_overhead,2,2,none,minimal,false,,false,true,true,primary,2,true,standard_compound,internally_reviewed,acsm_resistance_2002; acsm_resistance_2026; crossfit_gymnastics_guide,yes,enriched_from_review_queue,Chest-to-Bar Pull-up (Strict),,"Controlled resistance repetitions; use the APEX tempo for this movement family and stop before technique changes. Evidence: acsm_resistance_2002, acsm_resistance_2026, crossfit_gymnastics_guide.",Chest-to-Bar Pull-up (Strict),chest_to_bar_pull_up_strict,t25,,,Chest-to-Bar Pull-up (Strict),Chest-to-Bar Pull-up (Strict),Chest-to-Bar Pull-up (Strict),Chest-to-Bar Pull-up (Strict),Chest-to-Bar Pull-up (Strict),Chest-to-Bar Pull-up (Strict),チェスト・ツー・バー・プルアップ(Strict),Chest-to-Bar Pull-up (Strict),Chest-to-Bar Pull-up (Strict),,,,,,,,,
420,inverted_row_underhand,Inverted Row - Underhand,Inverted Row - Underhand,Inverted Row - Underhand,movement,calisthenics,strength; calisthenics,strength; calisthenics,,,Pull Up Bar or Rings,,pull_up_bar | rings,lats; upper_back; biceps; rear_delts,lats; upper_back,biceps; rear_delts,forearms; core,lats; upperBack; biceps; rearDelts,horizontal_pull,resistance_dynamic,tempo_reps,4,9,reps,60,false,false,0,true,false,false,,2,2,none,minimal,false,,false,true,true,primary,2,true,standard_compound,internally_reviewed,acsm_resistance_2002; acsm_resistance_2026; crossfit_gymnastics_guide,yes,enriched_from_review_queue,Inverted Row - Underhand,,"Controlled resistance repetitions; use the APEX tempo for this movement family and stop before technique changes. Evidence: acsm_resistance_2002, acsm_resistance_2026, crossfit_gymnastics_guide.",Inverted Row - Underhand,inverted_row_underhand,pull,,,Inverted Row - Underhand,Inverted Row - Underhand,Inverted Row - Underhand,Inverted Row - Underhand,Inverted Row - Underhand,Inverted Row - Underhand,倒立列 - アンダーハンド,Inverted Row - Underhand,Inverted Row - Underhand,,,,,,,,,
421,inverted_row_wide_grip,Inverted Row - Wide Grip,Inverted Row - Wide Grip,Inverted Row - Wide Grip,movement,calisthenics,strength; calisthenics,strength; calisthenics,,,Pull Up Bar or Rings,,pull_up_bar | rings,lats; upper_back; biceps; rear_delts,lats; upper_back,biceps; rear_delts,forearms; core,lats; upperBack; biceps; rearDelts,horizontal_pull,resistance_dynamic,tempo_reps,4,9,reps,60,false,false,0,true,false,false,,2,2,none,minimal,false,,false,true,true,primary,2,true,standard_compound,internally_reviewed,acsm_resistance_2002; acsm_resistance_2026; crossfit_gymnastics_guide,yes,enriched_from_review_queue,Inverted Row - Wide Grip,,"Controlled resistance repetitions; use the APEX tempo for this movement family and stop before technique changes. Evidence: acsm_resistance_2002, acsm_resistance_2026, crossfit_gymnastics_guide.",Inverted Row - Wide Grip,inverted_row_wide_grip,pull,,,Inverted Row - Wide Grip,Inverted Row - Wide Grip,Inverted Row - Wide Grip,Inverted Row - Wide Grip,Inverted Row - Wide Grip,Inverted Row - Wide Grip,反転列 - ワイドグリップ,Inverted Row - Wide Grip,Inverted Row - Wide Grip,,,,,,,,,
422,ring_row_supinated,Ring Row (Supinated),Ring Row (Supinated),Ring Row (Supinated),movement,calisthenics,strength; calisthenics,strength; calisthenics; gymnastics,,,Rings,rings,,lats; upper_back; biceps; rear_delts,lats; upper_back,biceps; rear_delts,forearms; core,lats; upperBack; biceps; rearDelts,horizontal_pull,resistance_dynamic,tempo_reps,4,9,reps,60,false,false,0,true,false,false,,2,4,none,minimal,false,,false,true,true,primary,2,true,standard_compound,internally_reviewed,acsm_resistance_2002; acsm_resistance_2026; crossfit_gymnastics_guide; world_gymnastics_mag_2025,yes,enriched_from_review_queue,Ring Row (Supinated),,"Controlled resistance repetitions; use the APEX tempo for this movement family and stop before technique changes. Evidence: acsm_resistance_2002, acsm_resistance_2026, crossfit_gymnastics_guide, world_gymnastics_mag_2025.",Ring Row (Supinated),ring_row_supinated,pull,,,Ring Row (Supinated),Ring Row (Supinated),Ring Row (Supinated),Ring Row (Supinated),Ring Row (Supinated),Ring Row (Supinated),リング・ロウ(Supinated),Ring Row (Supinated),Ring Row (Supinated),,,,,,,,,
423,rope_climb_feet_clamp,Rope Climb (Feet Clamp),Rope Climb (Feet Clamp),Rope Climb (Feet Clamp),movement,hiit,crossfit; strength; hiit,strength; crossfit,,,Rope,rope,,lats; biceps; upper_back; forearms,lats; biceps,upper_back; forearms,core,lats; biceps; upperBack; forearms,vertical_pull,resistance_dynamic,tempo_reps,4,9,reps,60,false,false,0,false,true,false,elbow; shoulder_overhead,5,2,moderate,tall_clearance,false,qualified_coach_present,true,false,false,primary,2,true,standard_compound,internally_reviewed,acsm_resistance_2002; acsm_resistance_2026; crossfit_rope_climb,yes,enriched_from_review_queue,Rope Climb (Feet Clamp),,"Controlled resistance repetitions; use the APEX tempo for this movement family and stop before technique changes. Verify the rope anchor and landing zone and descend under control. Requires qualified coaching in APEX. Evidence: acsm_resistance_2002, acsm_resistance_2026, crossfit_rope_climb.",Rope Climb (Feet Clamp),rope_climb_feet_clamp,t25,,,Rope Climb (Feet Clamp),Rope Climb (Feet Clamp),Rope Climb (Feet Clamp),Rope Climb (Feet Clamp),Rope Climb (Feet Clamp),Rope Climb (Feet Clamp),ロープクライム(フィートクランプ),Rope Climb (Feet Clamp),Rope Climb (Feet Clamp),,,,,,,,,
424,rope_climb_legless,Rope Climb (Legless),Rope Climb (Legless),Rope Climb (Legless),movement,hiit,crossfit; strength; hiit,strength; crossfit,,,Rope,rope,,lats; biceps; upper_back; forearms,lats; biceps,upper_back; forearms,core,lats; biceps; upperBack; forearms,vertical_pull,resistance_dynamic,tempo_reps,4,9,reps,60,false,false,0,false,true,false,elbow; shoulder_overhead,5,2,moderate,tall_clearance,false,qualified_coach_present,true,false,false,primary,2,true,standard_compound,internally_reviewed,acsm_resistance_2002; acsm_resistance_2026; crossfit_rope_climb,yes,enriched_from_review_queue,Rope Climb (Legless),,"Controlled resistance repetitions; use the APEX tempo for this movement family and stop before technique changes. Verify the rope anchor and landing zone and descend under control. Requires qualified coaching in APEX. Evidence: acsm_resistance_2002, acsm_resistance_2026, crossfit_rope_climb.",Rope Climb (Legless),rope_climb_legless,t25,,,Rope Climb (Legless),Rope Climb (Legless),Rope Climb (Legless),Rope Climb (Legless),Rope Climb (Legless),Rope Climb (Legless),ロープクライム(Legless),Rope Climb (Legless),Rope Climb (Legless),,,,,,,,,
425,towel_pull_up,Towel Pull-up,Towel Pull-up,Towel Pull-up,movement,calisthenics,strength; calisthenics,strength; calisthenics,,,Towel · Pull Up Bar,towel; pull_up_bar,,lats; biceps; upper_back; forearms,lats; biceps,upper_back; forearms,core,lats; biceps; upperBack; forearms,vertical_pull,resistance_dynamic,tempo_reps,4,9,reps,60,false,false,0,true,false,false,elbow; shoulder_overhead,2,2,none,minimal,false,,false,true,true,primary,2,true,standard_compound,internally_reviewed,acsm_resistance_2002; acsm_resistance_2026; crossfit_gymnastics_guide,yes,enriched_from_review_queue,Towel Pull-up,,"Controlled resistance repetitions; use the APEX tempo for this movement family and stop before technique changes. Evidence: acsm_resistance_2002, acsm_resistance_2026, crossfit_gymnastics_guide.",Towel Pull-up,towel_pull_up,pull,,,Towel Pull-up,Towel Pull-up,Towel Pull-up,Towel Pull-up,Towel Pull-up,Towel Pull-up,タオルプルアップ,Towel Pull-up,Towel Pull-up,,,,,,,,,
426,skin_the_cat,Skin-the-Cat,Skin-the-Cat,Skin-the-Cat,movement,calisthenics,calisthenics,calisthenics; gymnastics,,,Rings,rings,,full_body; core; upper_back,full_body; core,upper_back,forearms,chest; upperBack; abs; glutes; quads; obliques,skill,skill_drill,quality,4,4,reps,60,false,false,0,false,true,false,,5,4,none,minimal,false,qualified_coach_present,true,false,false,primary,2,false,standard_compound,internally_reviewed,crossfit_gymnastics_guide; world_gymnastics_mag_2025,yes,enriched_from_review_queue,Skin-the-Cat,,"Quality practice only; prerequisites and the coached-only gate take precedence over volume. Requires qualified coaching in APEX. Evidence: crossfit_gymnastics_guide, world_gymnastics_mag_2025.",Skin-the-Cat,skin_the_cat,upper,,,Skin-the-Cat,Skin-the-Cat,Skin-the-Cat,Skin-the-Cat,Skin-the-Cat,Skin-the-Cat,皮膚猫,Skin-the-Cat,Skin-the-Cat,,,,,,,,,
427,german_hang,German Hang,German Hang,German Hang,movement,calisthenics,calisthenics,calisthenics; gymnastics,,,Rings,rings,,hips; adductors; glutes,hips,adductors; glutes,,adductors; glutes,mobility,skill_drill,quality,4,10,seconds,60,false,false,0,false,true,false,shoulder_overhead,5,4,none,minimal,false,qualified_coach_present,true,false,false,primary,2,false,standard_compound,internally_reviewed,crossfit_gymnastics_guide; world_gymnastics_mag_2025,yes,enriched_from_review_queue,German Hang,,"Quality practice only; prerequisites and the coached-only gate take precedence over volume. Requires qualified coaching in APEX. Evidence: crossfit_gymnastics_guide, world_gymnastics_mag_2025.",German Hang,german_hang,upper,,,German Hang,German Hang,German Hang,German Hang,German Hang,German Hang,ドイツのハング,German Hang,German Hang,,,,,,,,,
428,front_lever_tuck_hold,Front Lever Tuck Hold,Front Lever Tuck Hold,Front Lever Tuck Hold,movement,calisthenics,street; calisthenics,calisthenics; street_workout,,,Pull Up Bar or Rings,,pull_up_bar | rings,full_body; core; upper_back,full_body; core,upper_back,forearms,chest; upperBack; abs; glutes; quads; obliques,skill,skill_drill,quality,4,10,seconds,60,false,false,0,true,false,false,,4,2,none,minimal,false,,false,true,false,primary,2,false,standard_compound,internally_reviewed,crossfit_gymnastics_guide; world_gymnastics_mag_2025,yes,enriched_from_review_queue,Front Lever Tuck Hold,,"Quality practice only; prerequisites and the coached-only gate take precedence over volume. Evidence: crossfit_gymnastics_guide, world_gymnastics_mag_2025.",Front Lever Tuck Hold,front_lever_tuck_hold,upper,,,Front Lever Tuck Hold,Front Lever Tuck Hold,Front Lever Tuck Hold,Front Lever Tuck Hold,Front Lever Tuck Hold,Front Lever Tuck Hold,フロントレバータックホール,Front Lever Tuck Hold,Front Lever Tuck Hold,,,,,,,,,
429,front_lever_advanced_tuck,Front Lever Advanced Tuck,Front Lever Advanced Tuck,Front Lever Advanced Tuck,movement,calisthenics,street; calisthenics,calisthenics; street_workout,,,Pull Up Bar or Rings,,pull_up_bar | rings,full_body; core; upper_back,full_body; core,upper_back,forearms,chest; upperBack; abs; glutes; quads; obliques,skill,skill_drill,quality,4,10,seconds,60,false,false,0,false,true,false,,5,2,none,minimal,false,qualified_coach_present,true,false,false,primary,2,false,standard_compound,internally_reviewed,crossfit_gymnastics_guide; world_gymnastics_mag_2025,yes,enriched_from_review_queue,Front Lever Advanced Tuck,,"Quality practice only; prerequisites and the coached-only gate take precedence over volume. Requires qualified coaching in APEX. Evidence: crossfit_gymnastics_guide, world_gymnastics_mag_2025.",Front Lever Advanced Tuck,front_lever_advanced_tuck,upper,,,Front Lever Advanced Tuck,Front Lever Advanced Tuck,Front Lever Advanced Tuck,Front Lever Advanced Tuck,Front Lever Advanced Tuck,Front Lever Advanced Tuck,フロントレバーアドバンストタック,Front Lever Advanced Tuck,Front Lever Advanced Tuck,,,,,,,,,
430,back_lever_tuck_hold,Back Lever Tuck Hold,Back Lever Tuck Hold,Back Lever Tuck Hold,movement,calisthenics,calisthenics,calisthenics; gymnastics,,,Rings,rings,,full_body; core; upper_back,full_body; core,upper_back,forearms,chest; upperBack; abs; glutes; quads; obliques,skill,skill_drill,quality,4,10,seconds,60,false,false,0,false,true,false,,5,4,none,minimal,false,qualified_coach_present,true,false,false,primary,2,false,standard_compound,internally_reviewed,crossfit_gymnastics_guide; world_gymnastics_mag_2025,yes,enriched_from_review_queue,Back Lever Tuck Hold,,"Quality practice only; prerequisites and the coached-only gate take precedence over volume. Requires qualified coaching in APEX. Evidence: crossfit_gymnastics_guide, world_gymnastics_mag_2025.",Back Lever Tuck Hold,back_lever_tuck_hold,upper,,,Back Lever Tuck Hold,Back Lever Tuck Hold,Back Lever Tuck Hold,Back Lever Tuck Hold,Back Lever Tuck Hold,Back Lever Tuck Hold,バックレバータックホール,Back Lever Tuck Hold,Back Lever Tuck Hold,,,,,,,,,
431,back_lever_full_hold,Back Lever Full Hold,Back Lever Full Hold,Back Lever Full Hold,movement,calisthenics,calisthenics,calisthenics; gymnastics,,,Rings,rings,,full_body; core; upper_back,full_body; core,upper_back,forearms,chest; upperBack; abs; glutes; quads; obliques,skill,skill_drill,quality,4,10,seconds,60,false,false,0,false,true,false,,5,4,none,minimal,false,qualified_coach_present,true,false,false,primary,2,false,standard_compound,internally_reviewed,crossfit_gymnastics_guide; world_gymnastics_mag_2025,yes,enriched_from_review_queue,Back Lever Full Hold,,"Quality practice only; prerequisites and the coached-only gate take precedence over volume. Requires qualified coaching in APEX. Evidence: crossfit_gymnastics_guide, world_gymnastics_mag_2025.",Back Lever Full Hold,back_lever_full_hold,upper,,,Back Lever Full Hold,Back Lever Full Hold,Back Lever Full Hold,Back Lever Full Hold,Back Lever Full Hold,Back Lever Full Hold,バックレバーフルホールド,Back Lever Full Hold,Back Lever Full Hold,,,,,,,,,
432,hollow_rock,Hollow Rock,Hollow Rock,Hollow Rock,movement,calisthenics,crossfit; strength; calisthenics; hiit,strength; gymnastics; calisthenics; crossfit,,,Mat,mat,,core; obliques; hip_flexors,core,obliques; hip_flexors,,abs; obliques,core_anti_extension,resistance_dynamic,tempo_reps,4,12,reps,60,false,false,0,true,false,false,,2,2,none,minimal,false,,false,true,true,primary,2,true,core_braced,internally_reviewed,acsm_resistance_2002; acsm_resistance_2026; crossfit_gymnastics_guide; world_gymnastics_mag_2025,yes,enriched_from_review_queue,Hollow Rock,,"Controlled resistance repetitions; use the APEX tempo for this movement family and stop before technique changes. Evidence: acsm_resistance_2002, acsm_resistance_2026, crossfit_gymnastics_guide, world_gymnastics_mag_2025.",Hollow Rock,hollow_rock,t25,,,Hollow Rock,Hollow Rock,Hollow Rock,Hollow Rock,Hollow Rock,Hollow Rock,ホローロック,Hollow Rock,Hollow Rock,,,,,,,,,
433,v_sit_hold,V-Sit Hold,V-Sit Hold,V-Sit Hold,movement,calisthenics,calisthenics,calisthenics; gymnastics,,,Mat,mat,,core; hip_flexors; obliques,core,hip_flexors; obliques,,abs; obliques,core_flexion,skill_drill,quality,4,10,seconds,60,false,false,0,true,false,false,,4,2,none,minimal,false,,false,true,false,primary,2,false,core_braced,internally_reviewed,crossfit_gymnastics_guide; world_gymnastics_mag_2025,yes,enriched_from_review_queue,V-Sit Hold,,"Quality practice only; prerequisites and the coached-only gate take precedence over volume. Evidence: crossfit_gymnastics_guide, world_gymnastics_mag_2025.",V-Sit Hold,v_sit_hold,upper,,,V-Sit Hold,V-Sit Hold,V-Sit Hold,V-Sit Hold,V-Sit Hold,V-Sit Hold,V-Sitホールド,V-Sit Hold,V-Sit Hold,,,,,,,,,
434,straddle_l_sit,Straddle L-Sit,Straddle L-Sit,Straddle L-Sit,movement,calisthenics,calisthenics,calisthenics; gymnastics,,,Parallettes,parallettes,,core; hip_flexors; obliques,core,hip_flexors; obliques,,abs; obliques,core_flexion,skill_drill,quality,4,10,seconds,60,false,false,0,true,false,false,,4,2,none,minimal,false,,false,true,false,primary,2,false,core_braced,internally_reviewed,crossfit_gymnastics_guide; world_gymnastics_mag_2025,yes,enriched_from_review_queue,Straddle L-Sit,,"Quality practice only; prerequisites and the coached-only gate take precedence over volume. Evidence: crossfit_gymnastics_guide, world_gymnastics_mag_2025.",Straddle L-Sit,straddle_l_sit,upper,,,Straddle L-Sit,Straddle L-Sit,Straddle L-Sit,Straddle L-Sit,Straddle L-Sit,Straddle L-Sit,ストラドル L-Sit,Straddle L-Sit,Straddle L-Sit,,,,,,,,,
435,open_tuck_l_sit,Open Tuck L-Sit,Open Tuck L-Sit,Open Tuck L-Sit,movement,calisthenics,calisthenics,calisthenics; gymnastics,,,Parallettes,parallettes,,core; hip_flexors; obliques,core,hip_flexors; obliques,,abs; obliques,core_flexion,skill_drill,quality,4,10,seconds,60,false,false,0,true,false,false,,4,2,none,minimal,false,,false,true,false,primary,2,false,core_braced,internally_reviewed,crossfit_gymnastics_guide; world_gymnastics_mag_2025,yes,enriched_from_review_queue,Open Tuck L-Sit,,"Quality practice only; prerequisites and the coached-only gate take precedence over volume. Evidence: crossfit_gymnastics_guide, world_gymnastics_mag_2025.",Open Tuck L-Sit,open_tuck_l_sit,upper,,,Open Tuck L-Sit,Open Tuck L-Sit,Open Tuck L-Sit,Open Tuck L-Sit,Open Tuck L-Sit,Open Tuck L-Sit,オープンタックL-Sit,Open Tuck L-Sit,Open Tuck L-Sit,,,,,,,,,
436,manna_progression_hold,Manna Progression Hold,Manna Progression Hold,Manna Progression Hold,movement,calisthenics,calisthenics,gymnastics; calisthenics,,,Parallettes,parallettes,,core; hip_flexors; obliques,core,hip_flexors; obliques,,abs; obliques,core_flexion,skill_drill,quality,4,10,seconds,60,false,false,0,false,true,false,,5,2,none,minimal,false,qualified_coach_present,true,false,false,primary,2,false,core_braced,internally_reviewed,crossfit_gymnastics_guide; world_gymnastics_mag_2025,yes,enriched_from_review_queue,Manna Progression Hold,,"Quality practice only; prerequisites and the coached-only gate take precedence over volume. Requires qualified coaching in APEX. Evidence: crossfit_gymnastics_guide, world_gymnastics_mag_2025.",Manna Progression Hold,manna_progression_hold,upper,,,Manna Progression Hold,Manna Progression Hold,Manna Progression Hold,Manna Progression Hold,Manna Progression Hold,Manna Progression Hold,マンナプログレッションホールド,Manna Progression Hold,Manna Progression Hold,,,,,,,,,
437,dragon_flag_eccentrics,Dragon Flag Eccentrics,Dragon Flag Eccentrics,Dragon Flag Eccentrics,movement,calisthenics,strength; calisthenics,strength; calisthenics,,,Bench,bench,,core; hip_flexors; obliques,core,hip_flexors; obliques,,abs; obliques,core_flexion,resistance_dynamic,tempo_reps,4,12,reps,60,false,false,0,true,false,false,,2,2,none,minimal,false,,false,true,true,primary,2,true,core_braced,internally_reviewed,acsm_resistance_2002; acsm_resistance_2026; crossfit_gymnastics_guide,yes,enriched_from_review_queue,Dragon Flag Eccentrics,,"Controlled resistance repetitions; use the APEX tempo for this movement family and stop before technique changes. Evidence: acsm_resistance_2002, acsm_resistance_2026, crossfit_gymnastics_guide.",Dragon Flag Eccentrics,dragon_flag_eccentrics,upper,,,Dragon Flag Eccentrics,Dragon Flag Eccentrics,Dragon Flag Eccentrics,Dragon Flag Eccentrics,Dragon Flag Eccentrics,Dragon Flag Eccentrics,ドラゴンフラッグ偏心,Dragon Flag Eccentrics,Dragon Flag Eccentrics,,,,,,,,,
438,dragon_flag_full,Dragon Flag Full,Dragon Flag Full,Dragon Flag Full,movement,calisthenics,strength; calisthenics,strength; calisthenics,,,Bench,bench,,core; hip_flexors; obliques,core,hip_flexors; obliques,,abs; obliques,core_flexion,resistance_dynamic,tempo_reps,4,12,reps,60,false,false,0,true,false,false,,4,2,none,minimal,false,,false,true,false,primary,2,true,core_braced,internally_reviewed,acsm_resistance_2002; acsm_resistance_2026; crossfit_gymnastics_guide,yes,enriched_from_review_queue,Dragon Flag Full,,"Controlled resistance repetitions; use the APEX tempo for this movement family and stop before technique changes. Evidence: acsm_resistance_2002, acsm_resistance_2026, crossfit_gymnastics_guide.",Dragon Flag Full,dragon_flag_full,upper,,,Dragon Flag Full,Dragon Flag Full,Dragon Flag Full,Dragon Flag Full,Dragon Flag Full,Dragon Flag Full,ドラゴンフラッグフル,Dragon Flag Full,Dragon Flag Full,,,,,,,,,
439,hip_raise_on_bench,Hip Raise on Bench,Hip Raise on Bench,Hip Raise on Bench,movement,strength,strength,strength,,,Bench,bench,,core; hip_flexors; obliques,core,hip_flexors; obliques,,abs; obliques,core_flexion,resistance_dynamic,tempo_reps,4,12,reps,60,false,false,0,true,false,false,,2,2,none,minimal,false,,false,true,true,primary,2,true,core_braced,internally_reviewed,acsm_resistance_2002; acsm_resistance_2026,yes,enriched_from_review_queue,Hip Raise on Bench,,"Controlled resistance repetitions; use the APEX tempo for this movement family and stop before technique changes. Evidence: acsm_resistance_2002, acsm_resistance_2026.",Hip Raise on Bench,hip_raise_on_bench,upper,,,Hip Raise on Bench,Hip Raise on Bench,Hip Raise on Bench,Hip Raise on Bench,Hip Raise on Bench,Hip Raise on Bench,ベンチでヒップレイズ,Hip Raise on Bench,Hip Raise on Bench,,,,,,,,,
440,jackknife_sit_up,Jackknife Sit-up,Jackknife Sit-up,Jackknife Sit-up,movement,strength,strength,strength,,,Mat,mat,,core; hip_flexors; obliques,core,hip_flexors; obliques,,abs; obliques,core_flexion,resistance_dynamic,tempo_reps,3,12,reps,60,false,false,0,true,false,false,,2,2,none,minimal,false,,false,true,true,accessory,2,true,core_braced,internally_reviewed,acsm_resistance_2002; acsm_resistance_2026,yes,enriched_from_review_queue,Jackknife Sit-up,,"Controlled resistance repetitions; use the APEX tempo for this movement family and stop before technique changes. Evidence: acsm_resistance_2002, acsm_resistance_2026.",Jackknife Sit-up,jackknife_sit_up,upper,,,Jackknife Sit-up,Jackknife Sit-up,Jackknife Sit-up,Jackknife Sit-up,Jackknife Sit-up,Jackknife Sit-up,Jackknife シットアップ,Jackknife Sit-up,Jackknife Sit-up,,,,,,,,,
441,bicycle_crunch,Bicycle Crunch,Bicycle Crunch,Bicycle Crunch,movement,strength,strength,strength,,,Mat,mat,,core; hip_flexors; obliques,core,hip_flexors; obliques,,abs; obliques,core_flexion,resistance_dynamic,tempo_reps,4,12,reps,60,false,false,0,true,false,false,,2,2,none,minimal,false,,false,true,true,primary,2,true,core_braced,internally_reviewed,acsm_resistance_2002; acsm_resistance_2026,yes,enriched_from_review_queue,Bicycle Crunch,,"Controlled resistance repetitions; use the APEX tempo for this movement family and stop before technique changes. Evidence: acsm_resistance_2002, acsm_resistance_2026.",Bicycle Crunch,bicycle_crunch,upper,,,Bicycle Crunch,Bicycle Crunch,Bicycle Crunch,Bicycle Crunch,Bicycle Crunch,Bicycle Crunch,自転車 クランチ,Bicycle Crunch,Bicycle Crunch,,,,,,,,,
442,cross_body_mountain_climber,Cross-Body Mountain Climber,Cross-Body Mountain Climber,Cross-Body Mountain Climber,movement,hiit,hiit,conditioning,,,Mat,mat,,obliques; core; glutes,obliques; core,glutes,,obliques; abs; glutes,core_anti_rotation,conditioning_complex,interval,4,30,seconds,60,true,false,0,true,false,false,,2,3,none,minimal,false,,false,true,true,primary,4,false,core_braced,internally_reviewed,acsm_resistance_2002; acsm_resistance_2026,yes,enriched_from_review_queue,Cross-Body Mountain Climber,,"Controlled resistance repetitions; use the APEX tempo for this movement family and stop before technique changes. Evidence: acsm_resistance_2002, acsm_resistance_2026.",Cross-Body Mountain Climber,cross_body_mountain_climber,t25,,,Cross-Body Mountain Climber,Cross-Body Mountain Climber,Cross-Body Mountain Climber,Cross-Body Mountain Climber,Cross-Body Mountain Climber,Cross-Body Mountain Climber,クロスボディマウンテンクライマー,Cross-Body Mountain Climber,Cross-Body Mountain Climber,,,,,,,,,
443,plank_with_shoulder_tap,Plank with Shoulder Tap,Plank with Shoulder Tap,Plank with Shoulder Tap,movement,strength,strength,strength,,,Mat,mat,,obliques; core; glutes,obliques; core,glutes,,obliques; abs; glutes,core_anti_rotation,resistance_dynamic,tempo_reps,4,12,reps,60,false,false,0,true,false,false,,2,2,none,minimal,false,,false,true,true,primary,2,true,core_braced,internally_reviewed,acsm_resistance_2002; acsm_resistance_2026,yes,enriched_from_review_queue,Plank with Shoulder Tap,,"Controlled resistance repetitions; use the APEX tempo for this movement family and stop before technique changes. Evidence: acsm_resistance_2002, acsm_resistance_2026.",Plank with Shoulder Tap,plank_with_shoulder_tap,upper,,,Plank with Shoulder Tap,Plank with Shoulder Tap,Plank with Shoulder Tap,Plank with Shoulder Tap,Plank with Shoulder Tap,Plank with Shoulder Tap,ショルダータップ付きプランク,Plank with Shoulder Tap,Plank with Shoulder Tap,,,,,,,,,
444,single_arm_single_leg_plank,Single-Arm Single-Leg Plank,Single-Arm Single-Leg Plank,Single-Arm Single-Leg Plank,movement,strength,strength,strength,,,Mat,mat,,core; obliques; hip_flexors,core,obliques; hip_flexors,,abs; obliques,core_anti_extension,resistance_dynamic,tempo_reps,4,12,reps,60,true,false,0,true,false,false,,2,3,none,minimal,false,,false,true,true,primary,2,true,core_braced,internally_reviewed,acsm_resistance_2002; acsm_resistance_2026,yes,enriched_from_review_queue,Single-Arm Single-Leg Plank,,"Controlled resistance repetitions; use the APEX tempo for this movement family and stop before technique changes. Evidence: acsm_resistance_2002, acsm_resistance_2026.",Single-Arm Single-Leg Plank,single_arm_single_leg_plank,upper,,,Single-Arm Single-Leg Plank,Single-Arm Single-Leg Plank,Single-Arm Single-Leg Plank,Single-Arm Single-Leg Plank,Single-Arm Single-Leg Plank,Single-Arm Single-Leg Plank,シングルアームシングルラグプランク,Single-Arm Single-Leg Plank,Single-Arm Single-Leg Plank,,,,,,,,,
445,side_plank_with_leg_lift,Side Plank with Leg Lift,Side Plank with Leg Lift,Side Plank with Leg Lift,movement,strength,strength,strength,,,Mat,mat,,obliques; core; glute_medius,obliques; core,glute_medius,,obliques; abs; glutes,core_anti_lateral_flexion,resistance_dynamic,tempo_reps,4,12,reps,60,false,false,0,true,false,false,,2,2,none,minimal,false,,false,true,true,primary,2,true,core_braced,internally_reviewed,acsm_resistance_2002; acsm_resistance_2026,yes,enriched_from_review_queue,Side Plank with Leg Lift,,"Controlled resistance repetitions; use the APEX tempo for this movement family and stop before technique changes. Evidence: acsm_resistance_2002, acsm_resistance_2026.",Side Plank with Leg Lift,side_plank_with_leg_lift,upper,,,Side Plank with Leg Lift,Side Plank with Leg Lift,Side Plank with Leg Lift,Side Plank with Leg Lift,Side Plank with Leg Lift,Side Plank with Leg Lift,足の上昇が付いている側面の板,Side Plank with Leg Lift,Side Plank with Leg Lift,,,,,,,,,
446,copenhagen_side_plank_long_lever,Copenhagen Side Plank - Long Lever,Copenhagen Side Plank - Long Lever,Copenhagen Side Plank - Long Lever,movement,strength,strength,strength,,,Bench,bench,,obliques; core; glute_medius,obliques; core,glute_medius,,obliques; abs; glutes,core_anti_lateral_flexion,resistance_dynamic,tempo_reps,4,12,reps,60,false,false,0,true,false,false,,2,2,none,minimal,false,,false,true,true,primary,2,true,core_braced,internally_reviewed,acsm_resistance_2002; acsm_resistance_2026; world_gymnastics_mag_2025,yes,enriched_from_review_queue,Copenhagen Side Plank - Long Lever,,"Controlled resistance repetitions; use the APEX tempo for this movement family and stop before technique changes. Evidence: acsm_resistance_2002, acsm_resistance_2026, world_gymnastics_mag_2025.",Copenhagen Side Plank - Long Lever,copenhagen_side_plank_long_lever,upper,,,Copenhagen Side Plank - Long Lever,Copenhagen Side Plank - Long Lever,Copenhagen Side Plank - Long Lever,Copenhagen Side Plank - Long Lever,Copenhagen Side Plank - Long Lever,Copenhagen Side Plank - Long Lever,コペンハーゲンサイドプランク - ロングレバー,Copenhagen Side Plank - Long Lever,Copenhagen Side Plank - Long Lever,,,,,,,,,
447,crab_walk,Crab Walk,Crab Walk,Crab Walk,movement,hiit,hiit,conditioning,,,Bodyweight,,,full_body; core,full_body,core,,chest; upperBack; abs; glutes; quads; obliques,conditioning,conditioning_complex,interval,4,30,seconds,60,false,false,0,true,false,false,,2,2,none,minimal,false,,false,true,true,primary,4,false,standard_compound,internally_reviewed,acsm_resistance_2002; acsm_resistance_2026,yes,enriched_from_review_queue,Crab Walk,,"Controlled resistance repetitions; use the APEX tempo for this movement family and stop before technique changes. Evidence: acsm_resistance_2002, acsm_resistance_2026.",Crab Walk,crab_walk,t25,,,Crab Walk,Crab Walk,Crab Walk,Crab Walk,Crab Walk,Crab Walk,カニウォーク,Crab Walk,Crab Walk,,,,,,,,,
448,inchworm_walkout,Inchworm Walkout,Inchworm Walkout,Inchworm Walkout,movement,hiit,hiit,conditioning,,,Bodyweight,,,full_body; core,full_body,core,,chest; upperBack; abs; glutes; quads; obliques,conditioning,conditioning_complex,interval,4,30,seconds,60,false,false,0,true,false,false,,2,2,none,minimal,false,,false,true,true,primary,4,false,standard_compound,internally_reviewed,acsm_resistance_2002; acsm_resistance_2026,yes,enriched_from_review_queue,Inchworm Walkout,,"Controlled resistance repetitions; use the APEX tempo for this movement family and stop before technique changes. Evidence: acsm_resistance_2002, acsm_resistance_2026.",Inchworm Walkout,inchworm_walkout,t25,,,Inchworm Walkout,Inchworm Walkout,Inchworm Walkout,Inchworm Walkout,Inchworm Walkout,Inchworm Walkout,インチワームウォークアウト,Inchworm Walkout,Inchworm Walkout,,,,,,,,,
449,walkout_to_push_up,Walkout to Push-up,Walkout to Push-up,Walkout to Push-up,movement,hiit,hiit,conditioning,,,Bodyweight,,,full_body; core,full_body,core,,chest; upperBack; abs; glutes; quads; obliques,conditioning,conditioning_complex,interval,4,30,seconds,60,false,false,0,true,false,false,shoulder_press; wrist,2,2,none,minimal,false,,false,true,true,primary,4,false,standard_compound,internally_reviewed,acsm_resistance_2002; acsm_resistance_2026,yes,enriched_from_review_queue,Walkout to Push-up,,"Controlled resistance repetitions; use the APEX tempo for this movement family and stop before technique changes. Evidence: acsm_resistance_2002, acsm_resistance_2026.",Walkout to Push-up,walkout_to_push_up,t25,,,Walkout to Push-up,Walkout to Push-up,Walkout to Push-up,Walkout to Push-up,Walkout to Push-up,Walkout to Push-up,プッシュアップウォークアウト,Walkout to Push-up,Walkout to Push-up,,,,,,,,,
450,hollow_body_arch_rock,Hollow Body Arch Rock,Hollow Body Arch Rock,Hollow Body Arch Rock,movement,calisthenics,crossfit; calisthenics; hiit,conditioning; gymnastics; calisthenics; crossfit,,,Mat,mat,,core; obliques; hip_flexors,core,obliques; hip_flexors,,abs; obliques,core_anti_extension,conditioning_complex,interval,4,30,seconds,60,false,false,0,true,false,false,,2,2,none,minimal,false,,false,true,true,primary,4,false,core_braced,internally_reviewed,acsm_resistance_2002; acsm_resistance_2026; crossfit_gymnastics_guide; world_gymnastics_mag_2025,yes,enriched_from_review_queue,Hollow Body Arch Rock,,"Controlled resistance repetitions; use the APEX tempo for this movement family and stop before technique changes. Evidence: acsm_resistance_2002, acsm_resistance_2026, crossfit_gymnastics_guide, world_gymnastics_mag_2025.",Hollow Body Arch Rock,hollow_body_arch_rock,t25,,,Hollow Body Arch Rock,Hollow Body Arch Rock,Hollow Body Arch Rock,Hollow Body Arch Rock,Hollow Body Arch Rock,Hollow Body Arch Rock,ホローボディアーチロック,Hollow Body Arch Rock,Hollow Body Arch Rock,,,,,,,,,
451,barbell_rack_pull,Barbell Rack Pull,Barbell Rack Pull,Barbell Rack Pull,movement,weights,powerlifting; strength; weights,strength; powerlifting,,,Barbell · Plates,barbell; plates,,hamstrings; glutes; erectors; core,hamstrings; glutes,erectors; core,forearms,hamstrings; glutes; lowerBack; abs; obliques,hip_hinge,resistance_dynamic,tempo_reps,4,9,reps,90,false,true,2.5,true,false,false,lumbar_flexion,2,2,none,minimal,false,,false,true,true,primary,3,true,hamstring_eccentric,internally_reviewed,acsm_resistance_2002; acsm_resistance_2026,yes,enriched_from_review_queue,Barbell Rack Pull,,"Controlled resistance repetitions; use the APEX tempo for this movement family and stop before technique changes. Evidence: acsm_resistance_2002, acsm_resistance_2026.",Barbell Rack Pull,barbell_rack_pull,legs_a,,,Barbell Rack Pull,Barbell Rack Pull,Barbell Rack Pull,Barbell Rack Pull,Barbell Rack Pull,Barbell Rack Pull,バーベルラックプル,Barbell Rack Pull,Barbell Rack Pull,,,,,,,,,
452,deficit_romanian_deadlift,Deficit Romanian Deadlift,Deficit Romanian Deadlift,Deficit Romanian Deadlift,movement,weights,strength; weights,strength,,,Barbell · Plates,barbell; plates,,hamstrings; glutes; erectors; core,hamstrings; glutes,erectors; core,forearms,hamstrings; glutes; lowerBack; abs; obliques,hip_hinge,resistance_dynamic,tempo_reps,4,9,reps,90,false,true,2.5,true,false,false,lumbar_flexion,2,2,none,minimal,false,,false,true,true,primary,3,true,hamstring_eccentric,internally_reviewed,acsm_resistance_2002; acsm_resistance_2026,yes,enriched_from_review_queue,Deficit Romanian Deadlift,,"Controlled resistance repetitions; use the APEX tempo for this movement family and stop before technique changes. Evidence: acsm_resistance_2002, acsm_resistance_2026.",Deficit Romanian Deadlift,deficit_romanian_deadlift,legs_a,,,Deficit Romanian Deadlift,Deficit Romanian Deadlift,Deficit Romanian Deadlift,Deficit Romanian Deadlift,Deficit Romanian Deadlift,Deficit Romanian Deadlift,Deficit ルーマニア語デッドリフト,Deficit Romanian Deadlift,Deficit Romanian Deadlift,,,,,,,,,
453,snatch_grip_romanian_deadlift,Snatch-Grip Romanian Deadlift,Snatch-Grip Romanian Deadlift,Snatch-Grip Romanian Deadlift,movement,weights,olympic_weightlifting; strength; weights,strength; olympic_weightlifting,,,Barbell · Plates,barbell; plates,,hamstrings; glutes; erectors; core,hamstrings; glutes,erectors; core,forearms,hamstrings; glutes; lowerBack; abs; obliques,hip_hinge,resistance_dynamic,tempo_reps,4,9,reps,90,false,true,2.5,true,false,false,lumbar_flexion; shoulder_overhead; shoulder_press,2,2,none,minimal,false,,false,true,true,primary,3,true,hamstring_eccentric,internally_reviewed,acsm_resistance_2002; acsm_resistance_2026; nsca_weightlifting_2023; iwf_tcrr_2025; nsca_higher_risk_resistance,yes,enriched_from_review_queue,Snatch-Grip Romanian Deadlift,,"Controlled resistance repetitions; use the APEX tempo for this movement family and stop before technique changes. Evidence: acsm_resistance_2002, acsm_resistance_2026, nsca_weightlifting_2023, iwf_tcrr_2025, nsca_higher_risk_resistance.",Snatch-Grip Romanian Deadlift,snatch_grip_romanian_deadlift,legs_a,,,Snatch-Grip Romanian Deadlift,Snatch-Grip Romanian Deadlift,Snatch-Grip Romanian Deadlift,Snatch-Grip Romanian Deadlift,Snatch-Grip Romanian Deadlift,Snatch-Grip Romanian Deadlift,Snatch-Gripルーマニアデッドリフト,Snatch-Grip Romanian Deadlift,Snatch-Grip Romanian Deadlift,,,,,,,,,
454,barbell_hip_thrust_single_leg,Barbell Hip Thrust - Single-Leg,Barbell Hip Thrust - Single-Leg,Barbell Hip Thrust - Single-Leg,movement,weights,strength; weights,strength,,,Barbell · Plates,barbell; plates,,hamstrings; glutes; erectors; core,hamstrings; glutes,erectors; core,forearms,hamstrings; glutes; lowerBack; abs; obliques,hip_hinge,resistance_dynamic,tempo_reps,4,9,reps,90,true,true,2.5,true,false,false,lumbar_flexion,2,3,none,minimal,false,,false,true,true,primary,3,true,glute_lockout,internally_reviewed,acsm_resistance_2002; acsm_resistance_2026,yes,enriched_from_review_queue,Barbell Hip Thrust - Single-Leg,,"Controlled resistance repetitions; use the APEX tempo for this movement family and stop before technique changes. Evidence: acsm_resistance_2002, acsm_resistance_2026.",Barbell Hip Thrust - Single-Leg,barbell_hip_thrust_single_leg,legs_a,,,Barbell Hip Thrust - Single-Leg,Barbell Hip Thrust - Single-Leg,Barbell Hip Thrust - Single-Leg,Barbell Hip Thrust - Single-Leg,Barbell Hip Thrust - Single-Leg,Barbell Hip Thrust - Single-Leg,バーベルヒップスラスト - シングルラグ,Barbell Hip Thrust - Single-Leg,Barbell Hip Thrust - Single-Leg,,,,,,,,,
455,barbell_glute_bridge,Barbell Glute Bridge,Barbell Glute Bridge,Barbell Glute Bridge,movement,weights,strength; weights,strength,,,Barbell · Plates,barbell; plates,,hamstrings; glutes; erectors; core,hamstrings; glutes,erectors; core,forearms,hamstrings; glutes; lowerBack; abs; obliques,hip_hinge,resistance_dynamic,tempo_reps,4,9,reps,90,false,true,2.5,true,false,false,lumbar_flexion,2,2,none,minimal,false,,false,true,true,primary,3,true,glute_lockout,internally_reviewed,acsm_resistance_2002; acsm_resistance_2026,yes,enriched_from_review_queue,Barbell Glute Bridge,,"Controlled resistance repetitions; use the APEX tempo for this movement family and stop before technique changes. Evidence: acsm_resistance_2002, acsm_resistance_2026.",Barbell Glute Bridge,barbell_glute_bridge,legs_a,,,Barbell Glute Bridge,Barbell Glute Bridge,Barbell Glute Bridge,Barbell Glute Bridge,Barbell Glute Bridge,Barbell Glute Bridge,バーベル・グルット・ブリッジ,Barbell Glute Bridge,Barbell Glute Bridge,,,,,,,,,
456,barbell_step_up,Barbell Step-up,Barbell Step-up,Barbell Step-up,movement,weights,strength; weights,strength,,,Barbell · Plates,barbell; plates,,quadriceps; glutes; hamstrings; glute_medius,quadriceps; glutes,hamstrings; glute_medius,core,quads; glutes; hamstrings,lunge,resistance_dynamic,tempo_reps,4,9,reps,90,true,true,2.5,true,false,false,knee_deep_flexion,2,3,none,minimal,false,,false,true,true,primary,3,true,standard_compound,internally_reviewed,acsm_resistance_2002; acsm_resistance_2026,yes,enriched_from_review_queue,Barbell Step-up,,"Controlled resistance repetitions; use the APEX tempo for this movement family and stop before technique changes. Evidence: acsm_resistance_2002, acsm_resistance_2026.",Barbell Step-up,barbell_step_up,legs_b,,,Barbell Step-up,Barbell Step-up,Barbell Step-up,Barbell Step-up,Barbell Step-up,Barbell Step-up,バーベルステップアップ,Barbell Step-up,Barbell Step-up,,,,,,,,,
457,barbell_walking_lunge_front_rack,Barbell Walking Lunge (Front Rack),Barbell Walking Lunge (Front Rack),Barbell Walking Lunge (Front Rack),movement,weights,crossfit; strength; hiit; weights,strength; crossfit,,,Barbell · Plates,barbell; plates,,quadriceps; glutes; hamstrings; glute_medius,quadriceps; glutes,hamstrings; glute_medius,core,quads; glutes; hamstrings,lunge,resistance_dynamic,tempo_reps,4,9,reps,90,false,true,2.5,true,false,false,knee_deep_flexion,2,2,none,minimal,false,,false,true,true,primary,3,true,standard_compound,internally_reviewed,acsm_resistance_2002; acsm_resistance_2026,yes,enriched_from_review_queue,Barbell Walking Lunge (Front Rack),,"Controlled resistance repetitions; use the APEX tempo for this movement family and stop before technique changes. Evidence: acsm_resistance_2002, acsm_resistance_2026.",Barbell Walking Lunge (Front Rack),barbell_walking_lunge_front_rack,t25,,,Barbell Walking Lunge (Front Rack),Barbell Walking Lunge (Front Rack),Barbell Walking Lunge (Front Rack),Barbell Walking Lunge (Front Rack),Barbell Walking Lunge (Front Rack),Barbell Walking Lunge (Front Rack),バーベルウォーキングルンネ(フロントラック),Barbell Walking Lunge (Front Rack),Barbell Walking Lunge (Front Rack),,,,,,,,,
458,barbell_split_jerk,Barbell Split Jerk,Barbell Split Jerk,Barbell Split Jerk,movement,weights,olympic_weightlifting; crossfit; strength; hiit; weights,strength; olympic_weightlifting; crossfit,,,Barbell · Plates,barbell; plates,,front_delts; triceps; side_delts; upper_chest,front_delts; triceps,side_delts; upper_chest,core,frontDelts; triceps; sideDelts; chest,vertical_push,resistance_dynamic,quality_reps,4,5,reps,120,false,true,2.5,false,false,false,shoulder_overhead; shoulder_press,5,2,none,minimal,true,qualified_coach_present,true,false,false,primary,4,false,standard_compound,internally_reviewed,acsm_resistance_2002; acsm_resistance_2026; nsca_weightlifting_2023; iwf_tcrr_2025; nsca_higher_risk_resistance,yes,enriched_from_review_queue,Barbell Split Jerk,,"Explosive quality repetitions: no artificial lifting cadence; stop when speed, catch or fixation changes. Requires qualified coaching in APEX. Evidence: acsm_resistance_2002, acsm_resistance_2026, nsca_weightlifting_2023, iwf_tcrr_2025, nsca_higher_risk_resistance.",Barbell Split Jerk,barbell_split_jerk,t25,,,Barbell Split Jerk,Barbell Split Jerk,Barbell Split Jerk,Barbell Split Jerk,Barbell Split Jerk,Barbell Split Jerk,バーベル・スプリット・ジェク,Barbell Split Jerk,Barbell Split Jerk,,,,,,,,,
459,barbell_push_jerk,Barbell Push Jerk,Barbell Push Jerk,Barbell Push Jerk,movement,weights,olympic_weightlifting; crossfit; strength; hiit; weights,strength; olympic_weightlifting; crossfit,,,Barbell · Plates,barbell; plates,,front_delts; triceps; side_delts; upper_chest,front_delts; triceps,side_delts; upper_chest,core,frontDelts; triceps; sideDelts; chest,vertical_push,resistance_dynamic,quality_reps,4,5,reps,120,false,true,2.5,false,false,false,shoulder_overhead; shoulder_press,5,2,none,minimal,true,qualified_coach_present,true,false,false,primary,4,false,standard_compound,internally_reviewed,acsm_resistance_2002; acsm_resistance_2026; nsca_weightlifting_2023; iwf_tcrr_2025; nsca_higher_risk_resistance,yes,enriched_from_review_queue,Barbell Push Jerk,,"Explosive quality repetitions: no artificial lifting cadence; stop when speed, catch or fixation changes. Requires qualified coaching in APEX. Evidence: acsm_resistance_2002, acsm_resistance_2026, nsca_weightlifting_2023, iwf_tcrr_2025, nsca_higher_risk_resistance.",Barbell Push Jerk,barbell_push_jerk,t25,,,Barbell Push Jerk,Barbell Push Jerk,Barbell Push Jerk,Barbell Push Jerk,Barbell Push Jerk,Barbell Push Jerk,Barbell 押し Jerk,Barbell Push Jerk,Barbell Push Jerk,,,,,,,,,
460,barbell_power_jerk,Barbell Power Jerk,Barbell Power Jerk,Barbell Power Jerk,movement,weights,olympic_weightlifting; crossfit; strength; hiit; weights,strength; olympic_weightlifting; crossfit,,,Barbell · Plates,barbell; plates,,front_delts; triceps; side_delts; upper_chest,front_delts; triceps,side_delts; upper_chest,core,frontDelts; triceps; sideDelts; chest,vertical_push,resistance_dynamic,quality_reps,4,5,reps,120,false,true,2.5,false,false,false,shoulder_overhead; shoulder_press,5,2,none,minimal,true,qualified_coach_present,true,false,false,primary,4,false,standard_compound,internally_reviewed,acsm_resistance_2002; acsm_resistance_2026; nsca_weightlifting_2023; iwf_tcrr_2025; nsca_higher_risk_resistance,yes,enriched_from_review_queue,Barbell Power Jerk,,"Explosive quality repetitions: no artificial lifting cadence; stop when speed, catch or fixation changes. Requires qualified coaching in APEX. Evidence: acsm_resistance_2002, acsm_resistance_2026, nsca_weightlifting_2023, iwf_tcrr_2025, nsca_higher_risk_resistance.",Barbell Power Jerk,barbell_power_jerk,t25,,,Barbell Power Jerk,Barbell Power Jerk,Barbell Power Jerk,Barbell Power Jerk,Barbell Power Jerk,Barbell Power Jerk,バルベル パワー ジーク,Barbell Power Jerk,Barbell Power Jerk,,,,,,,,,
461,barbell_floor_row,Barbell Floor Row,Barbell Floor Row,Barbell Floor Row,movement,weights,strength; weights,strength,,,Barbell · Plates,barbell; plates,,lats; upper_back; biceps; rear_delts,lats; upper_back,biceps; rear_delts,forearms; core,lats; upperBack; biceps; rearDelts,horizontal_pull,resistance_dynamic,tempo_reps,4,9,reps,60,false,true,2.5,true,false,false,,2,2,none,minimal,false,,false,true,true,primary,2,true,standard_compound,internally_reviewed,acsm_resistance_2002; acsm_resistance_2026,yes,enriched_from_review_queue,Barbell Floor Row,,"Controlled resistance repetitions; use the APEX tempo for this movement family and stop before technique changes. Evidence: acsm_resistance_2002, acsm_resistance_2026.",Barbell Floor Row,barbell_floor_row,pull,,,Barbell Floor Row,Barbell Floor Row,Barbell Floor Row,Barbell Floor Row,Barbell Floor Row,Barbell Floor Row,Barbellのフロア・ロウ,Barbell Floor Row,Barbell Floor Row,,,,,,,,,
462,landmine_reverse_lunge,Landmine Reverse Lunge,Landmine Reverse Lunge,Landmine Reverse Lunge,movement,weights,strength; weights,strength,,,Landmine · Plates,landmine; plates,,quadriceps; glutes; hamstrings; glute_medius,quadriceps; glutes,hamstrings; glute_medius,core,quads; glutes; hamstrings,lunge,resistance_dynamic,tempo_reps,4,9,reps,90,true,true,2.5,true,false,false,knee_deep_flexion,2,3,none,minimal,false,,false,true,true,primary,3,true,standard_compound,internally_reviewed,acsm_resistance_2002; acsm_resistance_2026,yes,enriched_from_review_queue,Landmine Reverse Lunge,,"Controlled resistance repetitions; use the APEX tempo for this movement family and stop before technique changes. Evidence: acsm_resistance_2002, acsm_resistance_2026.",Landmine Reverse Lunge,landmine_reverse_lunge,legs_b,,,Landmine Reverse Lunge,Landmine Reverse Lunge,Landmine Reverse Lunge,Landmine Reverse Lunge,Landmine Reverse Lunge,Landmine Reverse Lunge,ランドミニ リバース ルンネ,Landmine Reverse Lunge,Landmine Reverse Lunge,,,,,,,,,
463,landmine_lateral_lunge,Landmine Lateral Lunge,Landmine Lateral Lunge,Landmine Lateral Lunge,movement,weights,strength; weights,strength,,,Landmine · Plates,landmine; plates,,quadriceps; glutes; hamstrings; glute_medius,quadriceps; glutes,hamstrings; glute_medius,core,quads; glutes; hamstrings,lunge,resistance_dynamic,tempo_reps,4,9,reps,90,true,true,2.5,true,false,false,knee_deep_flexion,2,3,none,minimal,false,,false,true,true,primary,3,true,standard_compound,internally_reviewed,acsm_resistance_2002; acsm_resistance_2026,yes,enriched_from_review_queue,Landmine Lateral Lunge,,"Controlled resistance repetitions; use the APEX tempo for this movement family and stop before technique changes. Evidence: acsm_resistance_2002, acsm_resistance_2026.",Landmine Lateral Lunge,landmine_lateral_lunge,legs_b,,,Landmine Lateral Lunge,Landmine Lateral Lunge,Landmine Lateral Lunge,Landmine Lateral Lunge,Landmine Lateral Lunge,Landmine Lateral Lunge,ランドマイン・リアラル・ルンネ,Landmine Lateral Lunge,Landmine Lateral Lunge,,,,,,,,,
464,landmine_single_arm_row,Landmine Single-Arm Row,Landmine Single-Arm Row,Landmine Single-Arm Row,movement,weights,strength; weights,strength,,,Landmine · Plates,landmine; plates,,lats; upper_back; biceps; rear_delts,lats; upper_back,biceps; rear_delts,forearms; core,lats; upperBack; biceps; rearDelts,horizontal_pull,resistance_dynamic,tempo_reps,4,9,reps,60,true,true,2.5,true,false,false,,2,3,none,minimal,false,,false,true,true,primary,2,true,standard_compound,internally_reviewed,acsm_resistance_2002; acsm_resistance_2026,yes,enriched_from_review_queue,Landmine Single-Arm Row,,"Controlled resistance repetitions; use the APEX tempo for this movement family and stop before technique changes. Evidence: acsm_resistance_2002, acsm_resistance_2026.",Landmine Single-Arm Row,landmine_single_arm_row,pull,,,Landmine Single-Arm Row,Landmine Single-Arm Row,Landmine Single-Arm Row,Landmine Single-Arm Row,Landmine Single-Arm Row,Landmine Single-Arm Row,Landmineシングルアーム列,Landmine Single-Arm Row,Landmine Single-Arm Row,,,,,,,,,
465,landmine_meadows_row,Landmine Meadows Row,Landmine Meadows Row,Landmine Meadows Row,movement,weights,strength; weights,strength,,,Landmine · Plates,landmine; plates,,lats; upper_back; biceps; rear_delts,lats; upper_back,biceps; rear_delts,forearms; core,lats; upperBack; biceps; rearDelts,horizontal_pull,resistance_dynamic,tempo_reps,4,9,reps,60,true,true,2.5,true,false,false,,2,3,none,minimal,false,,false,true,true,primary,2,true,standard_compound,internally_reviewed,acsm_resistance_2002; acsm_resistance_2026,yes,enriched_from_review_queue,Landmine Meadows Row,,"Controlled resistance repetitions; use the APEX tempo for this movement family and stop before technique changes. Evidence: acsm_resistance_2002, acsm_resistance_2026.",Landmine Meadows Row,landmine_meadows_row,pull,,,Landmine Meadows Row,Landmine Meadows Row,Landmine Meadows Row,Landmine Meadows Row,Landmine Meadows Row,Landmine Meadows Row,Landmine Meadows ロウ,Landmine Meadows Row,Landmine Meadows Row,,,,,,,,,
466,landmine_single_arm_press_half_kneeling,Landmine Single-Arm Press (Half-Kneeling),Landmine Single-Arm Press (Half-Kneeling),Landmine Single-Arm Press (Half-Kneeling),movement,weights,strength; weights,strength,,,Landmine · Plates,landmine; plates,,front_delts; triceps; side_delts; upper_chest,front_delts; triceps,side_delts; upper_chest,core,frontDelts; triceps; sideDelts; chest,vertical_push,resistance_dynamic,tempo_reps,4,9,reps,60,true,true,2.5,true,false,false,shoulder_overhead; shoulder_press,2,3,none,minimal,false,,false,true,true,primary,2,true,standard_compound,internally_reviewed,acsm_resistance_2002; acsm_resistance_2026,yes,enriched_from_review_queue,Landmine Single-Arm Press (Half-Kneeling),,"Controlled resistance repetitions; use the APEX tempo for this movement family and stop before technique changes. Evidence: acsm_resistance_2002, acsm_resistance_2026.",Landmine Single-Arm Press (Half-Kneeling),landmine_single_arm_press_half_kneeling,push,,,Landmine Single-Arm Press (Half-Kneeling),Landmine Single-Arm Press (Half-Kneeling),Landmine Single-Arm Press (Half-Kneeling),Landmine Single-Arm Press (Half-Kneeling),Landmine Single-Arm Press (Half-Kneeling),Landmine Single-Arm Press (Half-Kneeling),Landmineシングルアームプレス(ハーフ・カネリング),Landmine Single-Arm Press (Half-Kneeling),Landmine Single-Arm Press (Half-Kneeling),,,,,,,,,
467,dumbbell_sumo_squat,Dumbbell Sumo Squat,Dumbbell Sumo Squat,Dumbbell Sumo Squat,movement,weights,strength; weights,strength,,,Dumbbells,dumbbells,,quadriceps; glutes; hamstrings; adductors,quadriceps; glutes,hamstrings; adductors,core,quads; glutes; hamstrings; adductors,squat,resistance_dynamic,tempo_reps,4,9,reps,90,false,true,2,true,false,false,knee_deep_flexion,2,2,none,minimal,false,,false,true,true,primary,3,true,standard_compound,internally_reviewed,acsm_resistance_2002; acsm_resistance_2026,yes,enriched_from_review_queue,Dumbbell Sumo Squat,,"Controlled resistance repetitions; use the APEX tempo for this movement family and stop before technique changes. Evidence: acsm_resistance_2002, acsm_resistance_2026.",Dumbbell Sumo Squat,dumbbell_sumo_squat,legs_b,,,Dumbbell Sumo Squat,Dumbbell Sumo Squat,Dumbbell Sumo Squat,Dumbbell Sumo Squat,Dumbbell Sumo Squat,Dumbbell Sumo Squat,Dumbbell Sumo スクワット,Dumbbell Sumo Squat,Dumbbell Sumo Squat,,,,,,,,,
468,dumbbell_step_up_with_knee_drive,Dumbbell Step-up with Knee Drive,Dumbbell Step-up with Knee Drive,Dumbbell Step-up with Knee Drive,movement,weights,strength; weights,strength,,,Dumbbells,dumbbells,,quadriceps; glutes; hamstrings; glute_medius,quadriceps; glutes,hamstrings; glute_medius,core,quads; glutes; hamstrings,lunge,resistance_dynamic,tempo_reps,4,9,reps,90,true,true,2,true,false,false,knee_deep_flexion,2,3,none,minimal,false,,false,true,true,primary,3,true,standard_compound,internally_reviewed,acsm_resistance_2002; acsm_resistance_2026,yes,enriched_from_review_queue,Dumbbell Step-up with Knee Drive,,"Controlled resistance repetitions; use the APEX tempo for this movement family and stop before technique changes. Evidence: acsm_resistance_2002, acsm_resistance_2026.",Dumbbell Step-up with Knee Drive,dumbbell_step_up_with_knee_drive,legs_b,,,Dumbbell Step-up with Knee Drive,Dumbbell Step-up with Knee Drive,Dumbbell Step-up with Knee Drive,Dumbbell Step-up with Knee Drive,Dumbbell Step-up with Knee Drive,Dumbbell Step-up with Knee Drive,KneeドライブによるDumbbellのステップアップ,Dumbbell Step-up with Knee Drive,Dumbbell Step-up with Knee Drive,,,,,,,,,
469,dumbbell_curtsy_lunge,Dumbbell Curtsy Lunge,Dumbbell Curtsy Lunge,Dumbbell Curtsy Lunge,movement,weights,strength; weights,strength,,,Dumbbells,dumbbells,,quadriceps; glutes; hamstrings; glute_medius,quadriceps; glutes,hamstrings; glute_medius,core,quads; glutes; hamstrings,lunge,resistance_dynamic,tempo_reps,4,9,reps,90,true,true,2,true,false,false,knee_deep_flexion,2,3,none,minimal,false,,false,true,true,primary,3,true,standard_compound,internally_reviewed,acsm_resistance_2002; acsm_resistance_2026,yes,enriched_from_review_queue,Dumbbell Curtsy Lunge,,"Controlled resistance repetitions; use the APEX tempo for this movement family and stop before technique changes. Evidence: acsm_resistance_2002, acsm_resistance_2026.",Dumbbell Curtsy Lunge,dumbbell_curtsy_lunge,legs_b,,,Dumbbell Curtsy Lunge,Dumbbell Curtsy Lunge,Dumbbell Curtsy Lunge,Dumbbell Curtsy Lunge,Dumbbell Curtsy Lunge,Dumbbell Curtsy Lunge,ダンベル・カルシー・ルンネ,Dumbbell Curtsy Lunge,Dumbbell Curtsy Lunge,,,,,,,,,
470,dumbbell_rdl_to_row,Dumbbell RDL to Row,Dumbbell RDL to Row,Dumbbell RDL to Row,movement,weights,strength; weights,strength,,,Dumbbells,dumbbells,,hamstrings; glutes; erectors; core,hamstrings; glutes,erectors; core,forearms,hamstrings; glutes; lowerBack; abs; obliques,hip_hinge,resistance_dynamic,tempo_reps,4,9,reps,90,false,true,2,true,false,false,lumbar_flexion,2,2,none,minimal,false,,false,true,true,primary,3,true,hamstring_eccentric,internally_reviewed,acsm_resistance_2002; acsm_resistance_2026,yes,enriched_from_review_queue,Dumbbell RDL to Row,,"Controlled resistance repetitions; use the APEX tempo for this movement family and stop before technique changes. Evidence: acsm_resistance_2002, acsm_resistance_2026.",Dumbbell RDL to Row,dumbbell_rdl_to_row,legs_a,,,Dumbbell RDL to Row,Dumbbell RDL to Row,Dumbbell RDL to Row,Dumbbell RDL to Row,Dumbbell RDL to Row,Dumbbell RDL to Row,Dumbbell RDL へ 行,Dumbbell RDL to Row,Dumbbell RDL to Row,,,,,,,,,
471,dumbbell_renegade_row_with_push_up,Dumbbell Renegade Row with Push-up,Dumbbell Renegade Row with Push-up,Dumbbell Renegade Row with Push-up,movement,weights,crossfit; strength; hiit; weights,strength; crossfit,,,Dumbbells,dumbbells,,lats; chest; biceps; triceps,lats; chest,biceps; triceps,core; obliques,lats; chest; biceps; triceps,conditioning,resistance_dynamic,tempo_reps,4,9,reps,60,false,true,2,true,false,false,shoulder_press; wrist,2,2,none,minimal,false,,false,true,true,primary,2,true,standard_compound,internally_reviewed,acsm_resistance_2002; acsm_resistance_2026,yes,enriched_from_review_queue,Dumbbell Renegade Row with Push-up,,"Controlled resistance repetitions; use the APEX tempo for this movement family and stop before technique changes. Evidence: acsm_resistance_2002, acsm_resistance_2026.",Dumbbell Renegade Row with Push-up,dumbbell_renegade_row_with_push_up,t25,,,Dumbbell Renegade Row with Push-up,Dumbbell Renegade Row with Push-up,Dumbbell Renegade Row with Push-up,Dumbbell Renegade Row with Push-up,Dumbbell Renegade Row with Push-up,Dumbbell Renegade Row with Push-up,Dumbbell Renegade Row with プッシュアップ,Dumbbell Renegade Row with Push-up,Dumbbell Renegade Row with Push-up,,,,,,,,,
472,dumbbell_pullover_to_press,Dumbbell Pullover to Press,Dumbbell Pullover to Press,Dumbbell Pullover to Press,movement,weights,strength; weights,strength,,,Dumbbells,dumbbells,,lats; chest; triceps,lats,chest; triceps,,lats; chest; triceps,conditioning,resistance_dynamic,tempo_reps,3,9,reps,60,false,true,2,true,false,false,,2,2,none,minimal,false,,false,true,true,accessory,2,true,standard_compound,internally_reviewed,acsm_resistance_2002; acsm_resistance_2026,yes,enriched_from_review_queue,Dumbbell Pullover to Press,,"Controlled resistance repetitions; use the APEX tempo for this movement family and stop before technique changes. Evidence: acsm_resistance_2002, acsm_resistance_2026.",Dumbbell Pullover to Press,dumbbell_pullover_to_press,upper,,,Dumbbell Pullover to Press,Dumbbell Pullover to Press,Dumbbell Pullover to Press,Dumbbell Pullover to Press,Dumbbell Pullover to Press,Dumbbell Pullover to Press,Dumbbell プルオーバー へ プレス,Dumbbell Pullover to Press,Dumbbell Pullover to Press,,,,,,,,,
473,alternating_dumbbell_bench_press,Alternating Dumbbell Bench Press,Alternating Dumbbell Bench Press,Alternating Dumbbell Bench Press,movement,weights,strength; weights,strength,,,Dumbbells,dumbbells,,chest; triceps; front_delts,chest; triceps,front_delts,core,chest; triceps; frontDelts,horizontal_push,resistance_dynamic,tempo_reps,4,9,reps,60,true,true,2,true,false,false,shoulder_press; wrist,2,3,none,minimal,false,,false,true,true,primary,2,true,standard_compound,internally_reviewed,acsm_resistance_2002; acsm_resistance_2026,yes,enriched_from_review_queue,Alternating Dumbbell Bench Press,,"Controlled resistance repetitions; use the APEX tempo for this movement family and stop before technique changes. Evidence: acsm_resistance_2002, acsm_resistance_2026.",Alternating Dumbbell Bench Press,alternating_dumbbell_bench_press,push,,,Alternating Dumbbell Bench Press,Alternating Dumbbell Bench Press,Alternating Dumbbell Bench Press,Alternating Dumbbell Bench Press,Alternating Dumbbell Bench Press,Alternating Dumbbell Bench Press,交流ダンベルベンチプレス,Alternating Dumbbell Bench Press,Alternating Dumbbell Bench Press,,,,,,,,,
474,dumbbell_cross_body_hammer_curl,Dumbbell Cross-Body Hammer Curl,Dumbbell Cross-Body Hammer Curl,Dumbbell Cross-Body Hammer Curl,movement,weights,strength; weights,strength,,,Dumbbells,dumbbells,,biceps; forearms,biceps,forearms,,biceps; forearms,isolation_upper,resistance_dynamic,tempo_reps,3,12,reps,60,true,true,2,true,false,false,,2,3,none,minimal,false,,false,true,true,accessory,2,true,single_joint,internally_reviewed,acsm_resistance_2002; acsm_resistance_2026,yes,enriched_from_review_queue,Dumbbell Cross-Body Hammer Curl,,"Controlled resistance repetitions; use the APEX tempo for this movement family and stop before technique changes. Evidence: acsm_resistance_2002, acsm_resistance_2026.",Dumbbell Cross-Body Hammer Curl,dumbbell_cross_body_hammer_curl,upper,,,Dumbbell Cross-Body Hammer Curl,Dumbbell Cross-Body Hammer Curl,Dumbbell Cross-Body Hammer Curl,Dumbbell Cross-Body Hammer Curl,Dumbbell Cross-Body Hammer Curl,Dumbbell Cross-Body Hammer Curl,Dumbbell クロスボディ ハンマー カール,Dumbbell Cross-Body Hammer Curl,Dumbbell Cross-Body Hammer Curl,,,,,,,,,
475,dumbbell_zottman_curl,Dumbbell Zottman Curl,Dumbbell Zottman Curl,Dumbbell Zottman Curl,movement,weights,strength; weights,strength,,,Dumbbells,dumbbells,,biceps; forearms,biceps,forearms,,biceps; forearms,isolation_upper,resistance_dynamic,tempo_reps,3,12,reps,60,false,true,2,true,false,false,,2,2,none,minimal,false,,false,true,true,accessory,2,true,single_joint,internally_reviewed,acsm_resistance_2002; acsm_resistance_2026,yes,enriched_from_review_queue,Dumbbell Zottman Curl,,"Controlled resistance repetitions; use the APEX tempo for this movement family and stop before technique changes. Evidence: acsm_resistance_2002, acsm_resistance_2026.",Dumbbell Zottman Curl,dumbbell_zottman_curl,upper,,,Dumbbell Zottman Curl,Dumbbell Zottman Curl,Dumbbell Zottman Curl,Dumbbell Zottman Curl,Dumbbell Zottman Curl,Dumbbell Zottman Curl,ダンベル・ゾットマン・カール,Dumbbell Zottman Curl,Dumbbell Zottman Curl,,,,,,,,,
476,dumbbell_concentration_curl,Dumbbell Concentration Curl,Dumbbell Concentration Curl,Dumbbell Concentration Curl,movement,weights,strength; weights,strength,,,Dumbbells,dumbbells,,biceps; forearms,biceps,forearms,,biceps; forearms,isolation_upper,resistance_dynamic,tempo_reps,3,12,reps,60,true,true,2,true,false,false,,2,3,none,minimal,false,,false,true,true,accessory,2,true,single_joint,internally_reviewed,acsm_resistance_2002; acsm_resistance_2026,yes,enriched_from_review_queue,Dumbbell Concentration Curl,,"Controlled resistance repetitions; use the APEX tempo for this movement family and stop before technique changes. Evidence: acsm_resistance_2002, acsm_resistance_2026.",Dumbbell Concentration Curl,dumbbell_concentration_curl,upper,,,Dumbbell Concentration Curl,Dumbbell Concentration Curl,Dumbbell Concentration Curl,Dumbbell Concentration Curl,Dumbbell Concentration Curl,Dumbbell Concentration Curl,ダンベル集中カール,Dumbbell Concentration Curl,Dumbbell Concentration Curl,,,,,,,,,
477,dumbbell_reverse_fly_incline,Dumbbell Reverse Fly (Incline),Dumbbell Reverse Fly (Incline),Dumbbell Reverse Fly (Incline),movement,weights,strength; weights,strength,,,Dumbbells,dumbbells,,rear_delts; mid_traps; lower_traps,rear_delts,mid_traps; lower_traps,,rearDelts,isolation_upper,resistance_dynamic,tempo_reps,3,12,reps,60,false,true,2,true,false,false,,2,2,none,minimal,false,,false,true,true,accessory,2,true,single_joint,internally_reviewed,acsm_resistance_2002; acsm_resistance_2026,yes,enriched_from_review_queue,Dumbbell Reverse Fly (Incline),,"Controlled resistance repetitions; use the APEX tempo for this movement family and stop before technique changes. Evidence: acsm_resistance_2002, acsm_resistance_2026.",Dumbbell Reverse Fly (Incline),dumbbell_reverse_fly_incline,upper,,,Dumbbell Reverse Fly (Incline),Dumbbell Reverse Fly (Incline),Dumbbell Reverse Fly (Incline),Dumbbell Reverse Fly (Incline),Dumbbell Reverse Fly (Incline),Dumbbell Reverse Fly (Incline),Dumbbell リバースフライ (株),Dumbbell Reverse Fly (Incline),Dumbbell Reverse Fly (Incline),,,,,,,,,
478,dumbbell_y_raise,Dumbbell Y-Raise,Dumbbell Y-Raise,Dumbbell Y-Raise,movement,weights,strength; weights,strength,,,Dumbbells,dumbbells,,lower_traps; rotator_cuff; side_delts,lower_traps,rotator_cuff; side_delts,,sideDelts,isolation_upper,resistance_dynamic,tempo_reps,3,12,reps,60,false,true,2,true,false,false,,2,2,none,minimal,false,,false,true,true,accessory,2,true,single_joint,internally_reviewed,acsm_resistance_2002; acsm_resistance_2026,yes,enriched_from_review_queue,Dumbbell Y-Raise,,"Controlled resistance repetitions; use the APEX tempo for this movement family and stop before technique changes. Evidence: acsm_resistance_2002, acsm_resistance_2026.",Dumbbell Y-Raise,dumbbell_y_raise,upper,,,Dumbbell Y-Raise,Dumbbell Y-Raise,Dumbbell Y-Raise,Dumbbell Y-Raise,Dumbbell Y-Raise,Dumbbell Y-Raise,ダンベルYレイズ,Dumbbell Y-Raise,Dumbbell Y-Raise,,,,,,,,,
479,dumbbell_cuban_press,Dumbbell Cuban Press,Dumbbell Cuban Press,Dumbbell Cuban Press,movement,weights,strength; weights,strength,,,Dumbbells,dumbbells,,rotator_cuff; rear_delts; side_delts,rotator_cuff; rear_delts,side_delts,,rearDelts; sideDelts,isolation_upper,resistance_dynamic,tempo_reps,3,12,reps,60,false,true,2,true,false,false,,4,2,none,minimal,false,,false,true,false,accessory,2,true,rotator_cuff,internally_reviewed,acsm_resistance_2002; acsm_resistance_2026,yes,enriched_from_review_queue,Dumbbell Cuban Press,,"Controlled resistance repetitions; use the APEX tempo for this movement family and stop before technique changes. Evidence: acsm_resistance_2002, acsm_resistance_2026.",Dumbbell Cuban Press,dumbbell_cuban_press,upper,,,Dumbbell Cuban Press,Dumbbell Cuban Press,Dumbbell Cuban Press,Dumbbell Cuban Press,Dumbbell Cuban Press,Dumbbell Cuban Press,ダンベルキューバプレス,Dumbbell Cuban Press,Dumbbell Cuban Press,,,,,,,,,
480,dumbbell_tate_press,Dumbbell Tate Press,Dumbbell Tate Press,Dumbbell Tate Press,movement,weights,strength; weights,strength,,,Dumbbells,dumbbells,,triceps; front_delts,triceps,front_delts,,triceps; frontDelts,isolation_upper,resistance_dynamic,tempo_reps,3,12,reps,60,false,true,2,true,false,false,,2,2,none,minimal,false,,false,true,true,accessory,2,true,single_joint,internally_reviewed,acsm_resistance_2002; acsm_resistance_2026,yes,enriched_from_review_queue,Dumbbell Tate Press,,"Controlled resistance repetitions; use the APEX tempo for this movement family and stop before technique changes. Evidence: acsm_resistance_2002, acsm_resistance_2026.",Dumbbell Tate Press,dumbbell_tate_press,upper,,,Dumbbell Tate Press,Dumbbell Tate Press,Dumbbell Tate Press,Dumbbell Tate Press,Dumbbell Tate Press,Dumbbell Tate Press,Dumbbell Tateプレス,Dumbbell Tate Press,Dumbbell Tate Press,,,,,,,,,
481,dumbbell_floor_fly,Dumbbell Floor Fly,Dumbbell Floor Fly,Dumbbell Floor Fly,movement,weights,strength; weights,strength,,,Dumbbells,dumbbells,,chest; front_delts,chest,front_delts,,chest; frontDelts,isolation_upper,resistance_dynamic,tempo_reps,3,12,reps,60,false,true,2,true,false,false,,2,2,none,minimal,false,,false,true,true,accessory,2,true,single_joint,internally_reviewed,acsm_resistance_2002; acsm_resistance_2026,yes,enriched_from_review_queue,Dumbbell Floor Fly,,"Controlled resistance repetitions; use the APEX tempo for this movement family and stop before technique changes. Evidence: acsm_resistance_2002, acsm_resistance_2026.",Dumbbell Floor Fly,dumbbell_floor_fly,upper,,,Dumbbell Floor Fly,Dumbbell Floor Fly,Dumbbell Floor Fly,Dumbbell Floor Fly,Dumbbell Floor Fly,Dumbbell Floor Fly,ダンベルフロアフライ,Dumbbell Floor Fly,Dumbbell Floor Fly,,,,,,,,,
482,dumbbell_squeeze_press,Dumbbell Squeeze Press,Dumbbell Squeeze Press,Dumbbell Squeeze Press,movement,weights,strength; weights,strength,,,Dumbbells,dumbbells,,chest; triceps; front_delts,chest; triceps,front_delts,core,chest; triceps; frontDelts,horizontal_push,resistance_dynamic,tempo_reps,4,9,reps,60,false,true,2,true,false,false,shoulder_press; wrist,2,2,none,minimal,false,,false,true,true,primary,2,true,standard_compound,internally_reviewed,acsm_resistance_2002; acsm_resistance_2026,yes,enriched_from_review_queue,Dumbbell Squeeze Press,,"Controlled resistance repetitions; use the APEX tempo for this movement family and stop before technique changes. Evidence: acsm_resistance_2002, acsm_resistance_2026.",Dumbbell Squeeze Press,dumbbell_squeeze_press,push,,,Dumbbell Squeeze Press,Dumbbell Squeeze Press,Dumbbell Squeeze Press,Dumbbell Squeeze Press,Dumbbell Squeeze Press,Dumbbell Squeeze Press,ダンベル・スクイーズプレス,Dumbbell Squeeze Press,Dumbbell Squeeze Press,,,,,,,,,
483,farmers_walk_with_trap_bar,Farmer's Walk with Trap Bar,Farmer's Walk with Trap Bar,Farmer's Walk with Trap Bar,movement,weights,strongman; strength; weights,strength; strongman,,,Trap Bar · Plates,trap_bar; plates,,forearms; core; traps; glutes,forearms; core,traps; glutes,obliques; upper_back,forearms; abs; obliques; neckTraps; glutes,carry,resistance_isometric,carry,4,30,metres,90,false,true,2.5,true,false,false,,2,2,none,walking_lane,false,,false,true,true,primary,3,false,loaded_carry,internally_reviewed,acsm_resistance_2002; acsm_resistance_2026; nsca_loaded_carries; world_strongman_rules; nsca_higher_risk_resistance,yes,enriched_from_review_queue,Farmer's Walk with Trap Bar,,"Walk upright without trunk lean; prescribe the measured distance or duration, never a stored pace. Evidence: acsm_resistance_2002, acsm_resistance_2026, nsca_loaded_carries, world_strongman_rules, nsca_higher_risk_resistance.",Farmer's Walk with Trap Bar,farmers_walk_with_trap_bar,upper,,,Farmer's Walk with Trap Bar,Farmer's Walk with Trap Bar,Farmer's Walk with Trap Bar,Farmer's Walk with Trap Bar,Farmer's Walk with Trap Bar,Farmer's Walk with Trap Bar,トラップバー付きファーマーズウォーク,Farmer's Walk with Trap Bar,Farmer's Walk with Trap Bar,,,,,,,,,
484,suitcase_carry_single_dumbbell,Suitcase Carry (Single Dumbbell),Suitcase Carry (Single Dumbbell),Suitcase Carry (Single Dumbbell),movement,weights,strongman; strength; weights,strength; strongman,,,Dumbbells,dumbbells,,forearms; core; traps; glutes,forearms; core,traps; glutes,obliques; upper_back,forearms; abs; obliques; neckTraps; glutes,carry,resistance_isometric,carry,4,30,metres,90,true,true,2,true,false,false,,2,3,none,walking_lane,false,,false,true,true,primary,3,false,loaded_carry,internally_reviewed,acsm_resistance_2002; acsm_resistance_2026; nsca_loaded_carries; world_strongman_rules; nsca_higher_risk_resistance,yes,enriched_from_review_queue,Suitcase Carry (Single Dumbbell),,"Walk upright without trunk lean; prescribe the measured distance or duration, never a stored pace. Evidence: acsm_resistance_2002, acsm_resistance_2026, nsca_loaded_carries, world_strongman_rules, nsca_higher_risk_resistance.",Suitcase Carry (Single Dumbbell),suitcase_carry_single_dumbbell,upper,,,Suitcase Carry (Single Dumbbell),Suitcase Carry (Single Dumbbell),Suitcase Carry (Single Dumbbell),Suitcase Carry (Single Dumbbell),Suitcase Carry (Single Dumbbell),Suitcase Carry (Single Dumbbell),スーツケースキャリー(シングルダンベル),Suitcase Carry (Single Dumbbell),Suitcase Carry (Single Dumbbell),,,,,,,,,
485,front_rack_carry_barbell,Front Rack Carry (Barbell),Front Rack Carry (Barbell),Front Rack Carry (Barbell),movement,weights,strongman; strength; weights,strength; strongman,,,Barbell · Plates,barbell; plates,,forearms; core; traps; glutes,forearms; core,traps; glutes,obliques; upper_back,forearms; abs; obliques; neckTraps; glutes,carry,resistance_isometric,carry,4,30,metres,90,false,true,2.5,true,false,false,,2,2,none,walking_lane,false,,false,true,true,primary,3,false,loaded_carry,internally_reviewed,acsm_resistance_2002; acsm_resistance_2026; nsca_loaded_carries; world_strongman_rules; nsca_higher_risk_resistance,yes,enriched_from_review_queue,Front Rack Carry (Barbell),,"Walk upright without trunk lean; prescribe the measured distance or duration, never a stored pace. Evidence: acsm_resistance_2002, acsm_resistance_2026, nsca_loaded_carries, world_strongman_rules, nsca_higher_risk_resistance.",Front Rack Carry (Barbell),front_rack_carry_barbell,upper,,,Front Rack Carry (Barbell),Front Rack Carry (Barbell),Front Rack Carry (Barbell),Front Rack Carry (Barbell),Front Rack Carry (Barbell),Front Rack Carry (Barbell),フロントラックキャリー(バーベル),Front Rack Carry (Barbell),Front Rack Carry (Barbell),,,,,,,,,
486,sandbag_bear_hug_carry,Sandbag Bear-Hug Carry,Sandbag Bear-Hug Carry,Sandbag Bear-Hug Carry,movement,weights,strongman; strength; weights,strength; strongman,,,Sandbag,sandbag,,forearms; core; traps; glutes,forearms; core,traps; glutes,obliques; upper_back,forearms; abs; obliques; neckTraps; glutes,carry,resistance_isometric,carry,4,30,metres,90,false,true,5,true,false,false,,2,2,none,walking_lane,false,,false,true,true,primary,3,false,loaded_carry,internally_reviewed,acsm_resistance_2002; acsm_resistance_2026; nsca_loaded_carries; world_strongman_rules; nsca_higher_risk_resistance,yes,enriched_from_review_queue,Sandbag Bear-Hug Carry,,"Walk upright without trunk lean; prescribe the measured distance or duration, never a stored pace. Evidence: acsm_resistance_2002, acsm_resistance_2026, nsca_loaded_carries, world_strongman_rules, nsca_higher_risk_resistance.",Sandbag Bear-Hug Carry,sandbag_bear_hug_carry,upper,,,Sandbag Bear-Hug Carry,Sandbag Bear-Hug Carry,Sandbag Bear-Hug Carry,Sandbag Bear-Hug Carry,Sandbag Bear-Hug Carry,Sandbag Bear-Hug Carry,サンドバッグベア - 抱擁キャリー,Sandbag Bear-Hug Carry,Sandbag Bear-Hug Carry,,,,,,,,,
487,sandbag_shouldering,Sandbag Shouldering,Sandbag Shouldering,Sandbag Shouldering,movement,weights,strongman; strength; weights,strength; strongman,,,Sandbag,sandbag,,glutes; hamstrings; upper_back; biceps; forearms,glutes; hamstrings; upper_back,biceps; forearms,core,glutes; hamstrings; upperBack; biceps; forearms,hip_hinge,resistance_dynamic,tempo_reps,4,9,reps,90,false,true,5,true,false,false,lumbar_flexion,4,2,none,minimal,false,,false,true,false,primary,3,true,hamstring_eccentric,internally_reviewed,acsm_resistance_2002; acsm_resistance_2026; world_strongman_rules; nsca_higher_risk_resistance,yes,enriched_from_review_queue,Sandbag Shouldering,,"Controlled resistance repetitions; use the APEX tempo for this movement family and stop before technique changes. Evidence: acsm_resistance_2002, acsm_resistance_2026, world_strongman_rules, nsca_higher_risk_resistance.",Sandbag Shouldering,sandbag_shouldering,legs_a,,,Sandbag Shouldering,Sandbag Shouldering,Sandbag Shouldering,Sandbag Shouldering,Sandbag Shouldering,Sandbag Shouldering,サンドバッグ ショルダー,Sandbag Shouldering,Sandbag Shouldering,,,,,,,,,
488,sandbag_over_the_shoulder_throw,Sandbag Over-the-Shoulder Throw,Sandbag Over-the-Shoulder Throw,Sandbag Over-the-Shoulder Throw,movement,weights,strongman; hiit; weights,conditioning; strongman,,,Sandbag,sandbag,,hamstrings; glutes; erectors; core,hamstrings; glutes,erectors; core,forearms,hamstrings; glutes; lowerBack; abs; obliques,hip_hinge,plyometric,contacts,4,4,reps,60,false,true,5,false,false,false,ankle_impact; knee_impact; lumbar_flexion,5,2,high,minimal,true,qualified_coach_present,true,false,false,primary,4,false,hamstring_eccentric,internally_reviewed,nsca_plyometric; world_strongman_rules; nsca_higher_risk_resistance,yes,enriched_from_review_queue,Sandbag Over-the-Shoulder Throw,,"Count crisp contacts only; use full recovery and stop when landing position or rebound quality changes. Requires qualified coaching in APEX. Evidence: nsca_plyometric, world_strongman_rules, nsca_higher_risk_resistance.",Sandbag Over-the-Shoulder Throw,sandbag_over_the_shoulder_throw,t25,,,Sandbag Over-the-Shoulder Throw,Sandbag Over-the-Shoulder Throw,Sandbag Over-the-Shoulder Throw,Sandbag Over-the-Shoulder Throw,Sandbag Over-the-Shoulder Throw,Sandbag Over-the-Shoulder Throw,サンドバッグオーバーザショルダースロー,Sandbag Over-the-Shoulder Throw,Sandbag Over-the-Shoulder Throw,,,,,,,,,
489,atlas_stone_to_platform,Atlas Stone to Platform,Atlas Stone to Platform,Atlas Stone to Platform,movement,weights,strongman; strength; weights,strength; strongman,,,Atlas Stone,atlas_stone,,glutes; hamstrings; upper_back; biceps; forearms,glutes; hamstrings; upper_back,biceps; forearms,core,glutes; hamstrings; upperBack; biceps; forearms,hip_hinge,resistance_dynamic,tempo_reps,4,9,reps,150,false,true,10,false,false,false,lumbar_flexion,5,2,none,minimal,true,qualified_coach_present,true,false,false,primary,5,true,hamstring_eccentric,internally_reviewed,acsm_resistance_2002; acsm_resistance_2026; world_strongman_rules; nsca_higher_risk_resistance,yes,enriched_from_review_queue,Atlas Stone to Platform,,"Controlled resistance repetitions; use the APEX tempo for this movement family and stop before technique changes. Requires qualified coaching in APEX. Evidence: acsm_resistance_2002, acsm_resistance_2026, world_strongman_rules, nsca_higher_risk_resistance.",Atlas Stone to Platform,atlas_stone_to_platform,legs_a,,,Atlas Stone to Platform,Atlas Stone to Platform,Atlas Stone to Platform,Atlas Stone to Platform,Atlas Stone to Platform,Atlas Stone to Platform,プラットフォームへのアトラスストーン,Atlas Stone to Platform,Atlas Stone to Platform,,,,,,,,,
490,smith_machine_back_squat,Smith Machine Back Squat,Smith Machine Back Squat,Smith Machine Back Squat,movement,machine,strength; machine,strength,,,Smith Machine,smith_machine,,quadriceps; glutes; hamstrings; adductors,quadriceps; glutes,hamstrings; adductors,core,quads; glutes; hamstrings; adductors,squat,resistance_dynamic,tempo_reps,4,9,reps,90,false,true,2.5,true,false,true,knee_deep_flexion,2,1,none,minimal,false,,false,true,true,primary,3,true,standard_compound,internally_reviewed,acsm_resistance_2002; acsm_resistance_2026,yes,enriched_from_review_queue,Smith Machine Back Squat,,"Controlled resistance repetitions; use the APEX tempo for this movement family and stop before technique changes. Evidence: acsm_resistance_2002, acsm_resistance_2026.",Smith Machine Back Squat,smith_machine_back_squat,legs_b,,,Smith Machine Back Squat,Smith Machine Back Squat,Smith Machine Back Squat,Smith Machine Back Squat,Smith Machine Back Squat,Smith Machine Back Squat,スミスマシンバックスクワット,Smith Machine Back Squat,Smith Machine Back Squat,,,,,,,,,
491,smith_machine_bench_press,Smith Machine Bench Press,Smith Machine Bench Press,Smith Machine Bench Press,movement,machine,strength; machine,strength,,,Smith Machine,smith_machine,,chest; triceps; front_delts,chest; triceps,front_delts,core,chest; triceps; frontDelts,horizontal_push,resistance_dynamic,tempo_reps,4,9,reps,60,false,true,2.5,true,false,true,shoulder_press; wrist,2,1,none,minimal,false,,false,true,true,primary,2,true,standard_compound,internally_reviewed,acsm_resistance_2002; acsm_resistance_2026,yes,enriched_from_review_queue,Smith Machine Bench Press,,"Controlled resistance repetitions; use the APEX tempo for this movement family and stop before technique changes. Evidence: acsm_resistance_2002, acsm_resistance_2026.",Smith Machine Bench Press,smith_machine_bench_press,push,,,Smith Machine Bench Press,Smith Machine Bench Press,Smith Machine Bench Press,Smith Machine Bench Press,Smith Machine Bench Press,Smith Machine Bench Press,スミスマシンベンチプレス,Smith Machine Bench Press,Smith Machine Bench Press,,,,,,,,,
492,smith_machine_incline_bench_press,Smith Machine Incline Bench Press,Smith Machine Incline Bench Press,Smith Machine Incline Bench Press,movement,machine,strength; machine,strength,,,Smith Machine,smith_machine,,chest; triceps; front_delts,chest; triceps,front_delts,core,chest; triceps; frontDelts,horizontal_push,resistance_dynamic,tempo_reps,4,9,reps,60,false,true,2.5,true,false,true,shoulder_press; wrist,2,1,none,minimal,false,,false,true,true,primary,2,true,standard_compound,internally_reviewed,acsm_resistance_2002; acsm_resistance_2026,yes,enriched_from_review_queue,Smith Machine Incline Bench Press,,"Controlled resistance repetitions; use the APEX tempo for this movement family and stop before technique changes. Evidence: acsm_resistance_2002, acsm_resistance_2026.",Smith Machine Incline Bench Press,smith_machine_incline_bench_press,push,,,Smith Machine Incline Bench Press,Smith Machine Incline Bench Press,Smith Machine Incline Bench Press,Smith Machine Incline Bench Press,Smith Machine Incline Bench Press,Smith Machine Incline Bench Press,スミスマシン傾斜ベンチプレス,Smith Machine Incline Bench Press,Smith Machine Incline Bench Press,,,,,,,,,
493,smith_machine_shoulder_press,Smith Machine Shoulder Press,Smith Machine Shoulder Press,Smith Machine Shoulder Press,movement,machine,strength; machine,strength,,,Smith Machine,smith_machine,,front_delts; triceps; side_delts; upper_chest,front_delts; triceps,side_delts; upper_chest,core,frontDelts; triceps; sideDelts; chest,vertical_push,resistance_dynamic,tempo_reps,4,9,reps,60,false,true,2.5,true,false,true,shoulder_overhead; shoulder_press,2,1,none,minimal,false,,false,true,true,primary,2,true,standard_compound,internally_reviewed,acsm_resistance_2002; acsm_resistance_2026,yes,enriched_from_review_queue,Smith Machine Shoulder Press,,"Controlled resistance repetitions; use the APEX tempo for this movement family and stop before technique changes. Evidence: acsm_resistance_2002, acsm_resistance_2026.",Smith Machine Shoulder Press,smith_machine_shoulder_press,push,,,Smith Machine Shoulder Press,Smith Machine Shoulder Press,Smith Machine Shoulder Press,Smith Machine Shoulder Press,Smith Machine Shoulder Press,Smith Machine Shoulder Press,スミスマシンショルダープレス,Smith Machine Shoulder Press,Smith Machine Shoulder Press,,,,,,,,,
494,hack_squat_reverse,Hack Squat - Reverse,Hack Squat - Reverse,Hack Squat - Reverse,movement,machine,strength; machine,strength,,,Hack Squat Machine,hack_squat_machine,,quadriceps; glutes; hamstrings; adductors,quadriceps; glutes,hamstrings; adductors,core,quads; glutes; hamstrings; adductors,squat,resistance_dynamic,tempo_reps,4,9,reps,90,false,true,2.5,true,false,false,knee_deep_flexion,2,1,none,minimal,false,,false,true,true,primary,3,true,standard_compound,internally_reviewed,acsm_resistance_2002; acsm_resistance_2026,yes,enriched_from_review_queue,Hack Squat - Reverse,,"Controlled resistance repetitions; use the APEX tempo for this movement family and stop before technique changes. Evidence: acsm_resistance_2002, acsm_resistance_2026.",Hack Squat - Reverse,hack_squat_reverse,legs_b,,,Hack Squat - Reverse,Hack Squat - Reverse,Hack Squat - Reverse,Hack Squat - Reverse,Hack Squat - Reverse,Hack Squat - Reverse,ハックスクワット - 逆,Hack Squat - Reverse,Hack Squat - Reverse,,,,,,,,,
495,pendulum_squat_machine,Pendulum Squat Machine,Pendulum Squat Machine,Pendulum Squat Machine,movement,machine,strength; machine,strength,,,Pendulum Squat Machine,pendulum_squat_machine,,quadriceps; glutes; hamstrings; adductors,quadriceps; glutes,hamstrings; adductors,core,quads; glutes; hamstrings; adductors,squat,resistance_dynamic,tempo_reps,4,9,reps,90,false,true,2.5,true,false,false,knee_deep_flexion,2,1,none,minimal,false,,false,true,true,primary,3,true,standard_compound,internally_reviewed,acsm_resistance_2002; acsm_resistance_2026,yes,enriched_from_review_queue,Pendulum Squat Machine,,"Controlled resistance repetitions; use the APEX tempo for this movement family and stop before technique changes. Evidence: acsm_resistance_2002, acsm_resistance_2026.",Pendulum Squat Machine,pendulum_squat_machine,legs_b,,,Pendulum Squat Machine,Pendulum Squat Machine,Pendulum Squat Machine,Pendulum Squat Machine,Pendulum Squat Machine,Pendulum Squat Machine,Pendulumのスクワット機械,Pendulum Squat Machine,Pendulum Squat Machine,,,,,,,,,
496,vertical_leg_press_machine,Vertical Leg Press Machine,Vertical Leg Press Machine,Vertical Leg Press Machine,movement,machine,strength; machine,strength,,,Leg Press Machine,leg_press_machine,,quadriceps; glutes; hamstrings; adductors,quadriceps; glutes,hamstrings; adductors,core,quads; glutes; hamstrings; adductors,squat,resistance_dynamic,tempo_reps,4,9,reps,90,false,true,2.5,true,false,false,knee_deep_flexion,2,1,none,minimal,false,,false,true,true,primary,3,true,standard_compound,internally_reviewed,acsm_resistance_2002; acsm_resistance_2026,yes,enriched_from_review_queue,Vertical Leg Press Machine,,"Controlled resistance repetitions; use the APEX tempo for this movement family and stop before technique changes. Evidence: acsm_resistance_2002, acsm_resistance_2026.",Vertical Leg Press Machine,vertical_leg_press_machine,legs_b,,,Vertical Leg Press Machine,Vertical Leg Press Machine,Vertical Leg Press Machine,Vertical Leg Press Machine,Vertical Leg Press Machine,Vertical Leg Press Machine,縦の足の出版物機械,Vertical Leg Press Machine,Vertical Leg Press Machine,,,,,,,,,
497,reverse_hyper_machine,Reverse Hyper Machine,Reverse Hyper Machine,Reverse Hyper Machine,movement,machine,strength; machine,strength,,,Reverse Hyper Machine,reverse_hyper_machine,,hamstrings; glutes; erectors; core,hamstrings; glutes,erectors; core,forearms,hamstrings; glutes; lowerBack; abs; obliques,hip_hinge,resistance_dynamic,tempo_reps,4,9,reps,90,false,true,2.5,true,false,false,lumbar_flexion,2,1,none,minimal,false,,false,true,true,primary,3,true,glute_lockout,internally_reviewed,acsm_resistance_2002; acsm_resistance_2026,yes,enriched_from_review_queue,Reverse Hyper Machine,,"Controlled resistance repetitions; use the APEX tempo for this movement family and stop before technique changes. Evidence: acsm_resistance_2002, acsm_resistance_2026.",Reverse Hyper Machine,reverse_hyper_machine,legs_a,,,Reverse Hyper Machine,Reverse Hyper Machine,Reverse Hyper Machine,Reverse Hyper Machine,Reverse Hyper Machine,Reverse Hyper Machine,逆のハイパー機械,Reverse Hyper Machine,Reverse Hyper Machine,,,,,,,,,
498,cable_cross_over_high_to_low,Cable Cross-Over - High to Low,Cable Cross-Over - High to Low,Cable Cross-Over - High to Low,movement,machine,strength; machine,strength,,,Cable Stack,cable_stack,,chest; triceps; front_delts,chest; triceps,front_delts,core,chest; triceps; frontDelts,horizontal_push,resistance_dynamic,tempo_reps,4,9,reps,60,false,true,2.5,true,false,false,shoulder_press; wrist,2,2,none,minimal,false,,false,true,true,primary,2,true,standard_compound,internally_reviewed,acsm_resistance_2002; acsm_resistance_2026,yes,enriched_from_review_queue,Cable Cross-Over - High to Low,,"Controlled resistance repetitions; use the APEX tempo for this movement family and stop before technique changes. Evidence: acsm_resistance_2002, acsm_resistance_2026.",Cable Cross-Over - High to Low,cable_cross_over_high_to_low,push,,,Cable Cross-Over - High to Low,Cable Cross-Over - High to Low,Cable Cross-Over - High to Low,Cable Cross-Over - High to Low,Cable Cross-Over - High to Low,Cable Cross-Over - High to Low,ケーブル クロスオーバー - 高〜低,Cable Cross-Over - High to Low,Cable Cross-Over - High to Low,,,,,,,,,
499,cable_cross_over_low_to_high,Cable Cross-Over - Low to High,Cable Cross-Over - Low to High,Cable Cross-Over - Low to High,movement,machine,strength; machine,strength,,,Cable Stack,cable_stack,,chest; triceps; front_delts,chest; triceps,front_delts,core,chest; triceps; frontDelts,horizontal_push,resistance_dynamic,tempo_reps,4,9,reps,60,false,true,2.5,true,false,false,shoulder_press; wrist,2,2,none,minimal,false,,false,true,true,primary,2,true,standard_compound,internally_reviewed,acsm_resistance_2002; acsm_resistance_2026,yes,enriched_from_review_queue,Cable Cross-Over - Low to High,,"Controlled resistance repetitions; use the APEX tempo for this movement family and stop before technique changes. Evidence: acsm_resistance_2002, acsm_resistance_2026.",Cable Cross-Over - Low to High,cable_cross_over_low_to_high,push,,,Cable Cross-Over - Low to High,Cable Cross-Over - Low to High,Cable Cross-Over - Low to High,Cable Cross-Over - Low to High,Cable Cross-Over - Low to High,Cable Cross-Over - Low to High,ケーブル クロスオーバー - 低〜高,Cable Cross-Over - Low to High,Cable Cross-Over - Low to High,,,,,,,,,
500,single_arm_cable_chest_press,Single-Arm Cable Chest Press,Single-Arm Cable Chest Press,Single-Arm Cable Chest Press,movement,machine,strength; machine,strength,,,Cable Stack,cable_stack,,chest; triceps; front_delts,chest; triceps,front_delts,core,chest; triceps; frontDelts,horizontal_push,resistance_dynamic,tempo_reps,4,9,reps,60,true,true,2.5,true,false,false,shoulder_press; wrist,2,3,none,minimal,false,,false,true,true,primary,2,true,standard_compound,internally_reviewed,acsm_resistance_2002; acsm_resistance_2026,yes,enriched_from_review_queue,Single-Arm Cable Chest Press,,"Controlled resistance repetitions; use the APEX tempo for this movement family and stop before technique changes. Evidence: acsm_resistance_2002, acsm_resistance_2026.",Single-Arm Cable Chest Press,single_arm_cable_chest_press,push,,,Single-Arm Cable Chest Press,Single-Arm Cable Chest Press,Single-Arm Cable Chest Press,Single-Arm Cable Chest Press,Single-Arm Cable Chest Press,Single-Arm Cable Chest Press,シングルアームケーブルチェストプレス,Single-Arm Cable Chest Press,Single-Arm Cable Chest Press,,,,,,,,,
501,standing_cable_fly,Standing Cable Fly,Standing Cable Fly,Standing Cable Fly,movement,machine,strength; machine,strength,,,Cable Stack,cable_stack,,chest; triceps; front_delts,chest; triceps,front_delts,core,chest; triceps; frontDelts,horizontal_push,resistance_dynamic,tempo_reps,3,9,reps,60,false,true,2.5,true,false,false,shoulder_press; wrist,2,2,none,minimal,false,,false,true,true,accessory,2,true,standard_compound,internally_reviewed,acsm_resistance_2002; acsm_resistance_2026,yes,enriched_from_review_queue,Standing Cable Fly,,"Controlled resistance repetitions; use the APEX tempo for this movement family and stop before technique changes. Evidence: acsm_resistance_2002, acsm_resistance_2026.",Standing Cable Fly,standing_cable_fly,push,,,Standing Cable Fly,Standing Cable Fly,Standing Cable Fly,Standing Cable Fly,Standing Cable Fly,Standing Cable Fly,スタンドケーブルフライ,Standing Cable Fly,Standing Cable Fly,,,,,,,,,
502,single_arm_cable_lateral_raise,Single-Arm Cable Lateral Raise,Single-Arm Cable Lateral Raise,Single-Arm Cable Lateral Raise,movement,machine,strength; machine,strength,,,Cable Stack,cable_stack,,side_delts,side_delts,,,sideDelts,isolation_upper,resistance_dynamic,tempo_reps,3,12,reps,60,true,true,2.5,true,false,false,,2,3,none,minimal,false,,false,true,true,accessory,2,true,lateral_delt,internally_reviewed,acsm_resistance_2002; acsm_resistance_2026,yes,enriched_from_review_queue,Single-Arm Cable Lateral Raise,,"Controlled resistance repetitions; use the APEX tempo for this movement family and stop before technique changes. Evidence: acsm_resistance_2002, acsm_resistance_2026.",Single-Arm Cable Lateral Raise,single_arm_cable_lateral_raise,upper,,,Single-Arm Cable Lateral Raise,Single-Arm Cable Lateral Raise,Single-Arm Cable Lateral Raise,Single-Arm Cable Lateral Raise,Single-Arm Cable Lateral Raise,Single-Arm Cable Lateral Raise,シングルアームケーブル横上げ,Single-Arm Cable Lateral Raise,Single-Arm Cable Lateral Raise,,,,,,,,,
503,cable_rear_delt_fly_standing,Cable Rear-Delt Fly (Standing),Cable Rear-Delt Fly (Standing),Cable Rear-Delt Fly (Standing),movement,machine,strength; machine,strength,,,Cable Stack,cable_stack,,rear_delts; mid_traps; lower_traps,rear_delts,mid_traps; lower_traps,,rearDelts,isolation_upper,resistance_dynamic,tempo_reps,3,12,reps,60,false,true,2.5,true,false,false,,2,2,none,minimal,false,,false,true,true,accessory,2,true,single_joint,internally_reviewed,acsm_resistance_2002; acsm_resistance_2026,yes,enriched_from_review_queue,Cable Rear-Delt Fly (Standing),,"Controlled resistance repetitions; use the APEX tempo for this movement family and stop before technique changes. Evidence: acsm_resistance_2002, acsm_resistance_2026.",Cable Rear-Delt Fly (Standing),cable_rear_delt_fly_standing,upper,,,Cable Rear-Delt Fly (Standing),Cable Rear-Delt Fly (Standing),Cable Rear-Delt Fly (Standing),Cable Rear-Delt Fly (Standing),Cable Rear-Delt Fly (Standing),Cable Rear-Delt Fly (Standing),ケーブル リア フェルト フライ (スタンディング),Cable Rear-Delt Fly (Standing),Cable Rear-Delt Fly (Standing),,,,,,,,,
504,cable_rope_overhead_triceps_extension,Cable Rope Overhead Triceps Extension,Cable Rope Overhead Triceps Extension,Cable Rope Overhead Triceps Extension,movement,machine,strength; machine,strength,,,Cable Stack,cable_stack,,triceps; front_delts,triceps,front_delts,,triceps; frontDelts,isolation_upper,resistance_dynamic,tempo_reps,3,12,reps,60,false,true,2.5,true,false,false,shoulder_overhead; shoulder_press,2,2,none,minimal,false,,false,true,true,accessory,2,true,single_joint,internally_reviewed,acsm_resistance_2002; acsm_resistance_2026,yes,enriched_from_review_queue,Cable Rope Overhead Triceps Extension,,"Controlled resistance repetitions; use the APEX tempo for this movement family and stop before technique changes. Evidence: acsm_resistance_2002, acsm_resistance_2026.",Cable Rope Overhead Triceps Extension,cable_rope_overhead_triceps_extension,upper,,,Cable Rope Overhead Triceps Extension,Cable Rope Overhead Triceps Extension,Cable Rope Overhead Triceps Extension,Cable Rope Overhead Triceps Extension,Cable Rope Overhead Triceps Extension,Cable Rope Overhead Triceps Extension,ケーブル ロープの頭上式のトリムの延長,Cable Rope Overhead Triceps Extension,Cable Rope Overhead Triceps Extension,,,,,,,,,
505,cable_overhead_curl,Cable Overhead Curl,Cable Overhead Curl,Cable Overhead Curl,movement,machine,strength; machine,strength,,,Cable Stack,cable_stack,,biceps; forearms,biceps,forearms,,biceps; forearms,isolation_upper,resistance_dynamic,tempo_reps,3,12,reps,60,false,true,2.5,true,false,false,shoulder_overhead; shoulder_press,2,2,none,minimal,false,,false,true,true,accessory,2,true,single_joint,internally_reviewed,acsm_resistance_2002; acsm_resistance_2026,yes,enriched_from_review_queue,Cable Overhead Curl,,"Controlled resistance repetitions; use the APEX tempo for this movement family and stop before technique changes. Evidence: acsm_resistance_2002, acsm_resistance_2026.",Cable Overhead Curl,cable_overhead_curl,upper,,,Cable Overhead Curl,Cable Overhead Curl,Cable Overhead Curl,Cable Overhead Curl,Cable Overhead Curl,Cable Overhead Curl,ケーブルオーバーヘッドカール,Cable Overhead Curl,Cable Overhead Curl,,,,,,,,,
506,cable_rope_hammer_curl,Cable Rope Hammer Curl,Cable Rope Hammer Curl,Cable Rope Hammer Curl,movement,machine,strength; machine,strength,,,Cable Stack,cable_stack,,biceps; forearms,biceps,forearms,,biceps; forearms,isolation_upper,resistance_dynamic,tempo_reps,3,12,reps,60,false,true,2.5,true,false,false,,2,2,none,minimal,false,,false,true,true,accessory,2,true,single_joint,internally_reviewed,acsm_resistance_2002; acsm_resistance_2026,yes,enriched_from_review_queue,Cable Rope Hammer Curl,,"Controlled resistance repetitions; use the APEX tempo for this movement family and stop before technique changes. Evidence: acsm_resistance_2002, acsm_resistance_2026.",Cable Rope Hammer Curl,cable_rope_hammer_curl,upper,,,Cable Rope Hammer Curl,Cable Rope Hammer Curl,Cable Rope Hammer Curl,Cable Rope Hammer Curl,Cable Rope Hammer Curl,Cable Rope Hammer Curl,ケーブル ロープのハンマーのカール,Cable Rope Hammer Curl,Cable Rope Hammer Curl,,,,,,,,,
507,cable_hip_flexion,Cable Hip Flexion,Cable Hip Flexion,Cable Hip Flexion,movement,machine,strength; machine,strength,,,Cable Stack,cable_stack,,hip_flexors; core,hip_flexors,core,,abs; obliques,isolation_lower,resistance_dynamic,tempo_reps,3,12,reps,60,false,true,2.5,true,false,false,,2,2,none,minimal,false,,false,true,true,accessory,2,true,single_joint,internally_reviewed,acsm_resistance_2002; acsm_resistance_2026,yes,enriched_from_review_queue,Cable Hip Flexion,,"Controlled resistance repetitions; use the APEX tempo for this movement family and stop before technique changes. Evidence: acsm_resistance_2002, acsm_resistance_2026.",Cable Hip Flexion,cable_hip_flexion,legs_a,,,Cable Hip Flexion,Cable Hip Flexion,Cable Hip Flexion,Cable Hip Flexion,Cable Hip Flexion,Cable Hip Flexion,ケーブル ヒップの屈曲,Cable Hip Flexion,Cable Hip Flexion,,,,,,,,,
508,cable_kickback_glutes,Cable Kickback (Glutes),Cable Kickback (Glutes),Cable Kickback (Glutes),movement,machine,strength; machine,strength,,,Cable Stack,cable_stack,,glutes,glutes,,,glutes,isolation_lower,resistance_dynamic,tempo_reps,3,12,reps,60,true,true,2.5,true,false,false,,2,3,none,minimal,false,,false,true,true,accessory,2,true,glute_lockout,internally_reviewed,acsm_resistance_2002; acsm_resistance_2026,yes,enriched_from_review_queue,Cable Kickback (Glutes),,"Controlled resistance repetitions; use the APEX tempo for this movement family and stop before technique changes. Evidence: acsm_resistance_2002, acsm_resistance_2026.",Cable Kickback (Glutes),cable_kickback_glutes,legs_a,,,Cable Kickback (Glutes),Cable Kickback (Glutes),Cable Kickback (Glutes),Cable Kickback (Glutes),Cable Kickback (Glutes),Cable Kickback (Glutes),ケーブル・キックバック(ゲルト),Cable Kickback (Glutes),Cable Kickback (Glutes),,,,,,,,,
509,cable_deadlift,Cable Deadlift,Cable Deadlift,Cable Deadlift,movement,machine,strength; machine,strength,,,Cable Stack,cable_stack,,hamstrings; glutes; erectors; core,hamstrings; glutes,erectors; core,forearms,hamstrings; glutes; lowerBack; abs; obliques,hip_hinge,resistance_dynamic,tempo_reps,4,9,reps,90,false,true,2.5,true,false,false,lumbar_flexion,2,2,none,minimal,false,,false,true,true,primary,3,true,hamstring_eccentric,internally_reviewed,acsm_resistance_2002; acsm_resistance_2026,yes,enriched_from_review_queue,Cable Deadlift,,"Controlled resistance repetitions; use the APEX tempo for this movement family and stop before technique changes. Evidence: acsm_resistance_2002, acsm_resistance_2026.",Cable Deadlift,cable_deadlift,legs_a,,,Cable Deadlift,Cable Deadlift,Cable Deadlift,Cable Deadlift,Cable Deadlift,Cable Deadlift,ケーブルデッドリフト,Cable Deadlift,Cable Deadlift,,,,,,,,,
510,cable_squat_row,Cable Squat Row,Cable Squat Row,Cable Squat Row,movement,machine,strength; machine,strength,,,Cable Stack,cable_stack,,full_body; core,full_body,core,,chest; upperBack; abs; glutes; quads; obliques,conditioning,resistance_dynamic,tempo_reps,4,9,reps,60,false,true,2.5,true,false,false,,2,2,none,minimal,false,,false,true,true,primary,2,true,standard_compound,internally_reviewed,acsm_resistance_2002; acsm_resistance_2026,yes,enriched_from_review_queue,Cable Squat Row,,"Controlled resistance repetitions; use the APEX tempo for this movement family and stop before technique changes. Evidence: acsm_resistance_2002, acsm_resistance_2026.",Cable Squat Row,cable_squat_row,upper,,,Cable Squat Row,Cable Squat Row,Cable Squat Row,Cable Squat Row,Cable Squat Row,Cable Squat Row,ケーブルスクワット列,Cable Squat Row,Cable Squat Row,,,,,,,,,
511,lat_pulldown_single_arm,Lat Pulldown - Single-Arm,Lat Pulldown - Single-Arm,Lat Pulldown - Single-Arm,movement,machine,strength; machine,strength,,,Cable Stack,cable_stack,,lats; biceps; upper_back; forearms,lats; biceps,upper_back; forearms,core,lats; biceps; upperBack; forearms,vertical_pull,resistance_dynamic,tempo_reps,4,9,reps,60,true,true,2.5,true,false,false,elbow; shoulder_overhead,2,3,none,minimal,false,,false,true,true,primary,2,true,standard_compound,internally_reviewed,acsm_resistance_2002; acsm_resistance_2026,yes,enriched_from_review_queue,Lat Pulldown - Single-Arm,,"Controlled resistance repetitions; use the APEX tempo for this movement family and stop before technique changes. Evidence: acsm_resistance_2002, acsm_resistance_2026.",Lat Pulldown - Single-Arm,lat_pulldown_single_arm,pull,,,Lat Pulldown - Single-Arm,Lat Pulldown - Single-Arm,Lat Pulldown - Single-Arm,Lat Pulldown - Single-Arm,Lat Pulldown - Single-Arm,Lat Pulldown - Single-Arm,ラットプルダウン - シングルアーム,Lat Pulldown - Single-Arm,Lat Pulldown - Single-Arm,,,,,,,,,
512,machine_chest_fly,Machine Chest Fly,Machine Chest Fly,Machine Chest Fly,movement,machine,strength; machine,strength,,,Pec Deck Machine,pec_deck_machine,,chest; triceps; front_delts,chest; triceps,front_delts,core,chest; triceps; frontDelts,horizontal_push,resistance_dynamic,tempo_reps,3,9,reps,60,false,true,2.5,true,false,false,shoulder_press; wrist,2,1,none,minimal,false,,false,true,true,accessory,2,true,standard_compound,internally_reviewed,acsm_resistance_2002; acsm_resistance_2026,yes,enriched_from_review_queue,Machine Chest Fly,,"Controlled resistance repetitions; use the APEX tempo for this movement family and stop before technique changes. Evidence: acsm_resistance_2002, acsm_resistance_2026.",Machine Chest Fly,machine_chest_fly,push,,,Machine Chest Fly,Machine Chest Fly,Machine Chest Fly,Machine Chest Fly,Machine Chest Fly,Machine Chest Fly,マシンチェストフライ,Machine Chest Fly,Machine Chest Fly,,,,,,,,,
513,machine_reverse_fly,Machine Reverse Fly,Machine Reverse Fly,Machine Reverse Fly,movement,machine,strength; machine,strength,,,Pec Deck Machine,pec_deck_machine,,rear_delts; mid_traps; lower_traps,rear_delts,mid_traps; lower_traps,,rearDelts,isolation_upper,resistance_dynamic,tempo_reps,3,12,reps,60,false,true,2.5,true,false,false,,2,1,none,minimal,false,,false,true,true,accessory,2,true,single_joint,internally_reviewed,acsm_resistance_2002; acsm_resistance_2026,yes,enriched_from_review_queue,Machine Reverse Fly,,"Controlled resistance repetitions; use the APEX tempo for this movement family and stop before technique changes. Evidence: acsm_resistance_2002, acsm_resistance_2026.",Machine Reverse Fly,machine_reverse_fly,upper,,,Machine Reverse Fly,Machine Reverse Fly,Machine Reverse Fly,Machine Reverse Fly,Machine Reverse Fly,Machine Reverse Fly,機械逆のフライ,Machine Reverse Fly,Machine Reverse Fly,,,,,,,,,
514,hammer_strength_row_machine,Hammer-Strength Row Machine,Hammer-Strength Row Machine,Hammer-Strength Row Machine,movement,machine,strength; machine,strength,,,Row Machine,row_machine,,lats; upper_back; biceps; rear_delts,lats; upper_back,biceps; rear_delts,forearms; core,lats; upperBack; biceps; rearDelts,horizontal_pull,resistance_dynamic,tempo_reps,4,9,reps,60,false,true,2.5,true,false,false,,2,1,none,minimal,false,,false,true,true,primary,2,true,standard_compound,internally_reviewed,acsm_resistance_2002; acsm_resistance_2026,yes,enriched_from_review_queue,Hammer-Strength Row Machine,,"Controlled resistance repetitions; use the APEX tempo for this movement family and stop before technique changes. Evidence: acsm_resistance_2002, acsm_resistance_2026.",Hammer-Strength Row Machine,hammer_strength_row_machine,pull,,,Hammer-Strength Row Machine,Hammer-Strength Row Machine,Hammer-Strength Row Machine,Hammer-Strength Row Machine,Hammer-Strength Row Machine,Hammer-Strength Row Machine,ハンマー強さの列機械,Hammer-Strength Row Machine,Hammer-Strength Row Machine,,,,,,,,,
515,hammer_strength_incline_press,Hammer-Strength Incline Press,Hammer-Strength Incline Press,Hammer-Strength Incline Press,movement,machine,strength; machine,strength,,,Chest Press Machine,chest_press_machine,,chest; triceps; front_delts,chest; triceps,front_delts,core,chest; triceps; frontDelts,horizontal_push,resistance_dynamic,tempo_reps,4,9,reps,60,false,true,2.5,true,false,false,shoulder_press; wrist,2,1,none,minimal,false,,false,true,true,primary,2,true,standard_compound,internally_reviewed,acsm_resistance_2002; acsm_resistance_2026,yes,enriched_from_review_queue,Hammer-Strength Incline Press,,"Controlled resistance repetitions; use the APEX tempo for this movement family and stop before technique changes. Evidence: acsm_resistance_2002, acsm_resistance_2026.",Hammer-Strength Incline Press,hammer_strength_incline_press,push,,,Hammer-Strength Incline Press,Hammer-Strength Incline Press,Hammer-Strength Incline Press,Hammer-Strength Incline Press,Hammer-Strength Incline Press,Hammer-Strength Incline Press,ハンマー強度傾斜プレス,Hammer-Strength Incline Press,Hammer-Strength Incline Press,,,,,,,,,
516,seated_machine_shoulder_press_neutral,Seated Machine Shoulder Press (Neutral),Seated Machine Shoulder Press (Neutral),Seated Machine Shoulder Press (Neutral),movement,machine,strength; machine,strength,,,Shoulder Press Machine,shoulder_press_machine,,front_delts; triceps; side_delts; upper_chest,front_delts; triceps,side_delts; upper_chest,core,frontDelts; triceps; sideDelts; chest,vertical_push,resistance_dynamic,tempo_reps,4,9,reps,60,false,true,2.5,true,false,false,shoulder_overhead; shoulder_press,2,1,none,minimal,false,,false,true,true,primary,2,true,standard_compound,internally_reviewed,acsm_resistance_2002; acsm_resistance_2026,yes,enriched_from_review_queue,Seated Machine Shoulder Press (Neutral),,"Controlled resistance repetitions; use the APEX tempo for this movement family and stop before technique changes. Evidence: acsm_resistance_2002, acsm_resistance_2026.",Seated Machine Shoulder Press (Neutral),seated_machine_shoulder_press_neutral,push,,,Seated Machine Shoulder Press (Neutral),Seated Machine Shoulder Press (Neutral),Seated Machine Shoulder Press (Neutral),Seated Machine Shoulder Press (Neutral),Seated Machine Shoulder Press (Neutral),Seated Machine Shoulder Press (Neutral),シートマシンショルダープレス(中立),Seated Machine Shoulder Press (Neutral),Seated Machine Shoulder Press (Neutral),,,,,,,,,
517,standing_hip_cars,Standing Hip CARs,Standing Hip CARs,Standing Hip CARs,movement,mobility,mobility,mobility,,,Mat,mat,,hips; adductors; glutes,hips,adductors; glutes,,adductors; glutes,mobility,mobility_drill,quality,2,4,reps,15,false,false,0,true,false,false,hip_end_range,1,2,none,minimal,false,,false,true,true,primary,2,false,standard_compound,internally_reviewed,aha_flexibility; hip_cars_rct_2026,yes,enriched_from_review_queue,Standing Hip CARs,,"Move slowly through the available pain-free joint range; quality and control, not load or speed, end the set. Evidence: aha_flexibility, hip_cars_rct_2026.",Standing Hip CARs,standing_hip_cars,mobility,,,Standing Hip CARs,Standing Hip CARs,Standing Hip CARs,Standing Hip CARs,Standing Hip CARs,Standing Hip CARs,ヒップカースタンド,Standing Hip CARs,Standing Hip CARs,,,,,,,,,
518,shoulder_cars,Shoulder CARs,Shoulder CARs,Shoulder CARs,movement,mobility,mobility,mobility,,,Mat,mat,,thoracic_spine; rotator_cuff; lats,thoracic_spine; rotator_cuff,lats,,lats,mobility,mobility_drill,quality,2,4,reps,15,false,false,0,true,false,false,shoulder_overhead,1,2,none,minimal,false,,false,true,true,primary,2,false,standard_compound,internally_reviewed,aha_flexibility; hip_cars_rct_2026,yes,enriched_from_review_queue,Shoulder CARs,,"Move slowly through the available pain-free joint range; quality and control, not load or speed, end the set. Evidence: aha_flexibility, hip_cars_rct_2026.",Shoulder CARs,shoulder_cars,mobility,,,Shoulder CARs,Shoulder CARs,Shoulder CARs,Shoulder CARs,Shoulder CARs,Shoulder CARs,ショルダーカー,Shoulder CARs,Shoulder CARs,,,,,,,,,
519,ankle_cars,Ankle CARs,Ankle CARs,Ankle CARs,movement,mobility,mobility,mobility,,,Mat,mat,,ankle_stabilisers; calves,ankle_stabilisers,calves,,calves,mobility,mobility_drill,quality,2,4,reps,15,false,false,0,true,false,false,ankle_loaded,1,2,none,minimal,false,,false,true,true,primary,2,false,standard_compound,internally_reviewed,aha_flexibility; hip_cars_rct_2026,yes,enriched_from_review_queue,Ankle CARs,,"Move slowly through the available pain-free joint range; quality and control, not load or speed, end the set. Evidence: aha_flexibility, hip_cars_rct_2026.",Ankle CARs,ankle_cars,mobility,,,Ankle CARs,Ankle CARs,Ankle CARs,Ankle CARs,Ankle CARs,Ankle CARs,アンクル車,Ankle CARs,Ankle CARs,,,,,,,,,
520,90_90_shin_box_switch,90/90 Shin Box Switch,90/90 Shin Box Switch,90/90 Shin Box Switch,movement,mobility,mobility,mobility,,,Mat,mat,,hips; adductors; glutes,hips,adductors; glutes,,adductors; glutes,mobility,mobility_drill,quality,2,20,seconds,15,false,false,0,true,false,false,hip_end_range,1,2,none,minimal,false,,false,true,true,primary,2,false,standard_compound,internally_reviewed,aha_flexibility,yes,enriched_from_review_queue,90/90 Shin Box Switch,,"Move slowly into a comfortable, pain-free range; hold 10–30 seconds and never bounce. Evidence: aha_flexibility.",90/90 Shin Box Switch,90_90_shin_box_switch,mobility,,,90/90 Shin Box Switch,90/90 Shin Box Switch,90/90 Shin Box Switch,90/90 Shin Box Switch,90/90 Shin Box Switch,90/90 Shin Box Switch,90/90 箱スイッチ,90/90 Shin Box Switch,90/90 Shin Box Switch,,,,,,,,,
521,frog_stretch,Frog Stretch,Frog Stretch,Frog Stretch,movement,mobility,mobility,mobility,,,Mat,mat,,hips; adductors; glutes,hips,adductors; glutes,,adductors; glutes,mobility,mobility_drill,quality,2,20,seconds,15,false,false,0,true,false,false,hip_end_range,1,2,none,minimal,false,,false,true,true,primary,2,false,standard_compound,internally_reviewed,aha_flexibility,yes,enriched_from_review_queue,Frog Stretch,,"Move slowly into a comfortable, pain-free range; hold 10–30 seconds and never bounce. Evidence: aha_flexibility.",Frog Stretch,frog_stretch,mobility,,,Frog Stretch,Frog Stretch,Frog Stretch,Frog Stretch,Frog Stretch,Frog Stretch,カエルストレッチ,Frog Stretch,Frog Stretch,,,,,,,,,
522,pigeon_stretch,Pigeon Stretch,Pigeon Stretch,Pigeon Stretch,movement,mobility,mobility,mobility,,,Mat,mat,,hips; adductors; glutes,hips,adductors; glutes,,adductors; glutes,mobility,mobility_drill,quality,2,20,seconds,15,false,false,0,true,false,false,hip_end_range,1,2,none,minimal,false,,false,true,true,primary,2,false,standard_compound,internally_reviewed,aha_flexibility,yes,enriched_from_review_queue,Pigeon Stretch,,"Move slowly into a comfortable, pain-free range; hold 10–30 seconds and never bounce. Evidence: aha_flexibility.",Pigeon Stretch,pigeon_stretch,mobility,,,Pigeon Stretch,Pigeon Stretch,Pigeon Stretch,Pigeon Stretch,Pigeon Stretch,Pigeon Stretch,ピジョンストレッチ,Pigeon Stretch,Pigeon Stretch,,,,,,,,,
523,thread_the_needle_stretch,Thread-the-Needle Stretch,Thread-the-Needle Stretch,Thread-the-Needle Stretch,movement,mobility,mobility,mobility,,,Mat,mat,,thoracic_spine; rotator_cuff; lats,thoracic_spine; rotator_cuff,lats,,lats,mobility,mobility_drill,quality,2,20,seconds,15,false,false,0,true,false,false,shoulder_overhead,1,2,none,minimal,false,,false,true,true,primary,2,false,standard_compound,internally_reviewed,aha_flexibility,yes,enriched_from_review_queue,Thread-the-Needle Stretch,,"Move slowly into a comfortable, pain-free range; hold 10–30 seconds and never bounce. Evidence: aha_flexibility.",Thread-the-Needle Stretch,thread_the_needle_stretch,mobility,,,Thread-the-Needle Stretch,Thread-the-Needle Stretch,Thread-the-Needle Stretch,Thread-the-Needle Stretch,Thread-the-Needle Stretch,Thread-the-Needle Stretch,糸の針の伸張,Thread-the-Needle Stretch,Thread-the-Needle Stretch,,,,,,,,,
524,brettzel_stretch,Brettzel Stretch,Brettzel Stretch,Brettzel Stretch,movement,mobility,mobility,mobility,,,Mat,mat,,thoracic_spine; rotator_cuff; lats,thoracic_spine; rotator_cuff,lats,,lats,mobility,mobility_drill,quality,2,20,seconds,15,false,false,0,true,false,false,shoulder_overhead,1,2,none,minimal,false,,false,true,true,primary,2,false,standard_compound,internally_reviewed,aha_flexibility,yes,enriched_from_review_queue,Brettzel Stretch,,"Move slowly into a comfortable, pain-free range; hold 10–30 seconds and never bounce. Evidence: aha_flexibility.",Brettzel Stretch,brettzel_stretch,mobility,,,Brettzel Stretch,Brettzel Stretch,Brettzel Stretch,Brettzel Stretch,Brettzel Stretch,Brettzel Stretch,Brettzelストレッチ,Brettzel Stretch,Brettzel Stretch,,,,,,,,,
525,jefferson_curl,Jefferson Curl,Jefferson Curl,Jefferson Curl,movement,weights,mobility; weights,mobility,,,Barbell or Dumbbells,,barbell | dumbbells,spinal_erectors; hamstrings; glutes,spinal_erectors; hamstrings,glutes,,hamstrings; glutes,mobility,mobility_drill,quality,2,7,reps,15,false,true,2.5,false,false,false,lumbar_flexion,5,2,none,minimal,false,qualified_coach_present,true,false,false,primary,2,false,standard_compound,internally_reviewed,aha_flexibility; jefferson_curl_rct_2024,yes,enriched_from_review_queue,Jefferson Curl,,"Graded, light loaded-flexion mobility only: 3-second descent, 1-second return; stop on symptoms and never chase heavy load. Requires qualified coaching in APEX. Evidence: aha_flexibility, jefferson_curl_rct_2024.",Jefferson Curl,jefferson_curl,mobility,,,Jefferson Curl,Jefferson Curl,Jefferson Curl,Jefferson Curl,Jefferson Curl,Jefferson Curl,ジェファーソン・カール,Jefferson Curl,Jefferson Curl,,,,,,,,,
526,single_leg_balance_reach,Single-Leg Balance Reach,Single-Leg Balance Reach,Single-Leg Balance Reach,movement,mobility,mobility,mobility,,,Mat,mat,,ankle_stabilisers; glute_medius; foot_intrinsics,ankle_stabilisers; glute_medius,foot_intrinsics,core,glutes,balance,balance_drill,quality,2,20,seconds,30,true,false,0,true,false,false,,1,3,none,minimal,false,,false,true,true,primary,2,false,standard_compound,internally_reviewed,aha_balance,yes,enriched_from_review_queue,Single-Leg Balance Reach,,"Use hand support as needed, then reduce support; stop before balance loss changes the movement. Evidence: aha_balance.",Single-Leg Balance Reach,single_leg_balance_reach,mobility,,,Single-Leg Balance Reach,Single-Leg Balance Reach,Single-Leg Balance Reach,Single-Leg Balance Reach,Single-Leg Balance Reach,Single-Leg Balance Reach,シングルラグバランスリーチ,Single-Leg Balance Reach,Single-Leg Balance Reach,,,,,,,,,
527,steel_mace_360,Steel Mace 360,Steel Mace 360,Steel Mace 360,movement,weights,street; strength; weights,strength; street_workout,,,Steel Mace,steel_mace,,front_delts; side_delts; core; upper_back; triceps,front_delts; side_delts; core,upper_back; triceps,core,frontDelts; sideDelts; abs; obliques; upperBack; triceps,conditioning,resistance_dynamic,quality_reps,4,10,reps,90,false,true,1,false,false,false,shoulder_overhead; wrist,5,4,none,clear_swing_arc,false,clear_training_arc; qualified_coach_present,true,false,false,primary,3,false,standard_compound,internally_reviewed,steel_mace_rct_2026; onnit_steel_mace,no,,,,"Use a light mace and controlled setup; count only technically sound repetitions with an explosive swing and no artificial cadence. Requires qualified coaching in APEX. Evidence: steel_mace_rct_2026, onnit_steel_mace.",Steel Mace 360,steel_mace_360,upper,,,Steel Mace 360,Steel Mace 360,Steel Mace 360,Steel Mace 360,Steel Mace 360,Steel Mace 360,鋼鉄マケ360,Steel Mace 360,Steel Mace 360,,,,,,,,,
528,steel_mace_10_to_2,Steel Mace 10-to-2,Steel Mace 10-to-2,Steel Mace 10-to-2,movement,weights,street; strength; weights,strength; street_workout,,,Steel Mace,steel_mace,,front_delts; side_delts; core; upper_back; triceps,front_delts; side_delts; core,upper_back; triceps,core,frontDelts; sideDelts; abs; obliques; upperBack; triceps,conditioning,resistance_dynamic,quality_reps,4,10,reps,90,false,true,1,false,false,false,shoulder_overhead; wrist,5,4,none,clear_swing_arc,false,clear_training_arc; qualified_coach_present,true,false,false,primary,3,false,standard_compound,internally_reviewed,steel_mace_rct_2026; onnit_steel_mace,no,,,,"Use a light mace and controlled setup; count only technically sound repetitions with an explosive swing and no artificial cadence. Requires qualified coaching in APEX. Evidence: steel_mace_rct_2026, onnit_steel_mace.",Steel Mace 10-to-2,steel_mace_10_to_2,upper,,,Steel Mace 10-to-2,Steel Mace 10-to-2,Steel Mace 10-to-2,Steel Mace 10-to-2,Steel Mace 10-to-2,Steel Mace 10-to-2,スチールマケ10〜2,Steel Mace 10-to-2,Steel Mace 10-to-2,,,,,,,,,
529,steel_mace_uppercut,Steel Mace Uppercut,Steel Mace Uppercut,Steel Mace Uppercut,movement,weights,street; strength; weights,strength; street_workout,,,Steel Mace,steel_mace,,obliques; front_delts; glutes; triceps,obliques; front_delts,glutes; triceps,core,obliques; frontDelts; glutes; triceps,conditioning,resistance_dynamic,quality_reps,4,8,reps,90,true,true,1,false,false,false,shoulder_press; wrist,5,4,none,clear_swing_arc,false,clear_training_arc; qualified_coach_present,true,false,false,primary,3,false,standard_compound,internally_reviewed,steel_mace_rct_2026; onnit_steel_mace,no,,,,"Use a light mace and controlled setup; count only technically sound repetitions with an explosive swing and no artificial cadence. Requires qualified coaching in APEX. Evidence: steel_mace_rct_2026, onnit_steel_mace.",Steel Mace Uppercut,steel_mace_uppercut,upper,,,Steel Mace Uppercut,Steel Mace Uppercut,Steel Mace Uppercut,Steel Mace Uppercut,Steel Mace Uppercut,Steel Mace Uppercut,スチールメークアッパーカット,Steel Mace Uppercut,Steel Mace Uppercut,,,,,,,,,
530,steel_mace_offset_press,Steel Mace Offset Press,Steel Mace Offset Press,Steel Mace Offset Press,movement,weights,street; strength; weights,strength; street_workout,,,Steel Mace,steel_mace,,front_delts; triceps; obliques; upper_chest,front_delts; triceps,obliques; upper_chest,core,frontDelts; triceps; obliques; chest,vertical_push,resistance_dynamic,tempo_reps,4,8,reps,90,true,true,1,true,false,false,shoulder_overhead; shoulder_press; wrist,3,4,none,clear_swing_arc,false,clear_training_arc,false,true,true,primary,3,true,standard_compound,internally_reviewed,steel_mace_rct_2026; onnit_steel_mace,no,,,,"Use a light mace and controlled setup; count only technically sound repetitions. Evidence: steel_mace_rct_2026, onnit_steel_mace.",Steel Mace Offset Press,steel_mace_offset_press,push,,,Steel Mace Offset Press,Steel Mace Offset Press,Steel Mace Offset Press,Steel Mace Offset Press,Steel Mace Offset Press,Steel Mace Offset Press,鋼鉄Maceのオフセット出版物,Steel Mace Offset Press,Steel Mace Offset Press,,,,,,,,,
531,steel_mace_offset_squat,Steel Mace Offset Squat,Steel Mace Offset Squat,Steel Mace Offset Squat,movement,weights,street; strength; weights,strength; street_workout,,,Steel Mace,steel_mace,,quadriceps; glutes; obliques; hamstrings,quadriceps; glutes,obliques; hamstrings,core,quads; glutes; obliques; hamstrings,squat,resistance_dynamic,tempo_reps,4,8,reps,90,true,true,1,true,false,false,knee_deep_flexion,3,4,none,clear_swing_arc,false,clear_training_arc,false,true,true,primary,3,true,standard_compound,internally_reviewed,steel_mace_rct_2026; onnit_steel_mace,no,,,,"Use a light mace and controlled setup; count only technically sound repetitions. Evidence: steel_mace_rct_2026, onnit_steel_mace.",Steel Mace Offset Squat,steel_mace_offset_squat,legs_b,,,Steel Mace Offset Squat,Steel Mace Offset Squat,Steel Mace Offset Squat,Steel Mace Offset Squat,Steel Mace Offset Squat,Steel Mace Offset Squat,鋼鉄Maceのオフセットのスクワット,Steel Mace Offset Squat,Steel Mace Offset Squat,,,,,,,,,
532,steel_mace_rotational_lunge,Steel Mace Rotational Lunge,Steel Mace Rotational Lunge,Steel Mace Rotational Lunge,movement,weights,street; strength; weights,strength; street_workout,,,Steel Mace,steel_mace,,quadriceps; glutes; obliques; hamstrings; front_delts,quadriceps; glutes; obliques,hamstrings; front_delts,core,quads; glutes; obliques; hamstrings; frontDelts,lunge,resistance_dynamic,tempo_reps,4,8,reps,90,true,true,1,false,false,false,knee_deep_flexion; shoulder_press,5,4,none,clear_swing_arc,false,clear_training_arc; qualified_coach_present,true,false,false,primary,3,true,standard_compound,internally_reviewed,steel_mace_rct_2026; onnit_steel_mace,no,,,,"Use a light mace and controlled setup; count only technically sound repetitions. Requires qualified coaching in APEX. Evidence: steel_mace_rct_2026, onnit_steel_mace.",Steel Mace Rotational Lunge,steel_mace_rotational_lunge,legs_b,,,Steel Mace Rotational Lunge,Steel Mace Rotational Lunge,Steel Mace Rotational Lunge,Steel Mace Rotational Lunge,Steel Mace Rotational Lunge,Steel Mace Rotational Lunge,鋼鉄マケの回転Lunge,Steel Mace Rotational Lunge,Steel Mace Rotational Lunge,,,,,,,,,
533,steel_mace_single_arm_swing,Steel Mace Single-Arm Swing,Steel Mace Single-Arm Swing,Steel Mace Single-Arm Swing,movement,weights,street; strength; weights,strength; street_workout,,,Steel Mace,steel_mace,,glutes; hamstrings; obliques; forearms,glutes; hamstrings,obliques; forearms,core,glutes; hamstrings; obliques; forearms,hip_hinge,resistance_dynamic,quality_reps,4,8,reps,90,true,true,1,false,false,false,lumbar_flexion; wrist,5,4,none,clear_swing_arc,false,clear_training_arc; qualified_coach_present,true,false,false,primary,3,false,hamstring_eccentric,internally_reviewed,steel_mace_rct_2026; onnit_steel_mace,no,,,,"Use a light mace and controlled setup; count only technically sound repetitions with an explosive swing and no artificial cadence. Requires qualified coaching in APEX. Evidence: steel_mace_rct_2026, onnit_steel_mace.",Steel Mace Single-Arm Swing,steel_mace_single_arm_swing,legs_a,,,Steel Mace Single-Arm Swing,Steel Mace Single-Arm Swing,Steel Mace Single-Arm Swing,Steel Mace Single-Arm Swing,Steel Mace Single-Arm Swing,Steel Mace Single-Arm Swing,スチールメークシングルアームスイング,Steel Mace Single-Arm Swing,Steel Mace Single-Arm Swing,,,,,,,,,
534,steel_mace_overhead_carry,Steel Mace Overhead Carry,Steel Mace Overhead Carry,Steel Mace Overhead Carry,movement,weights,street; strength; weights,strength; street_workout,,,Steel Mace,steel_mace,,core; front_delts; traps; forearms,core; front_delts,traps; forearms,core,abs; obliques; frontDelts; neckTraps; forearms,carry,resistance_isometric,carry,4,30,metres,90,true,true,1,true,false,false,shoulder_overhead; wrist,4,4,none,walking_lane,false,clear_training_arc,false,true,false,primary,3,false,loaded_carry,internally_reviewed,steel_mace_rct_2026; onnit_steel_mace,no,,,,"Use a light mace and controlled setup; count only technically sound repetitions. Evidence: steel_mace_rct_2026, onnit_steel_mace.",Steel Mace Overhead Carry,steel_mace_overhead_carry,upper,,,Steel Mace Overhead Carry,Steel Mace Overhead Carry,Steel Mace Overhead Carry,Steel Mace Overhead Carry,Steel Mace Overhead Carry,Steel Mace Overhead Carry,鋼鉄マケの頭上式の運送,Steel Mace Overhead Carry,Steel Mace Overhead Carry,,,,,,,,,
535,cycle_stationary,Stationary Bike,Stationary Bike,Stationary Bike,cardio_modality,cardio,cardio,cardio,,,Stationary Bike,stationary_bike,,quads; hamstrings; glutes,,,,quads; hamstrings; glutes,cardio,cardio_modality,interval,1,25,minutes,0,false,false,0,,,,,,,,,,,,,,,,,,catalogued_cardio_modality,,no,,,"Recovery Spin; Stationary Bike Zone 2; Stationary Bike, Zone 2",The default aerobic option inside a muscle-building block: it interferes with leg hypertrophy less than running does.,Stationary Bike,cycle_stationary,t25,,,Stationary Bike,Stationary Bike,Stationary Bike,Stationary Bike,Stationary Bike,Stationary Bike,固定バイク,Stationary Bike,Stationary Bike,"Recovery Spin; Stationary Bike Zone 2; Stationary Bike, Zone 2",,,,,,,,
536,cycle_outdoor,Outdoor Cycling,Outdoor Cycling,Outdoor Cycling,cardio_modality,cardio,cardio,cardio,,,Bicycle,bicycle,,quads; hamstrings; glutes,,,,quads; hamstrings; glutes,cardio,cardio_modality,interval,1,25,minutes,0,false,false,0,,,,,,,,,,,,,,,,,,catalogued_cardio_modality,,no,,,Long Ride,"Traffic makes true interval control unreliable, so the hard prescriptions are held back for indoor or closed roads.",Outdoor Cycling,cycle_outdoor,t25,,,Outdoor Cycling,Outdoor Cycling,Outdoor Cycling,Outdoor Cycling,Outdoor Cycling,Outdoor Cycling,屋外サイクリング,Outdoor Cycling,Outdoor Cycling,Long Ride,,,,,,,,
537,treadmill,Treadmill,Mers la bandă,เดินบนลู่วิ่ง,cardio_modality,cardio,cardio,cardio,,,Treadmill,treadmill,,quads; hamstrings; glutes,,,,quads; hamstrings; glutes,cardio,cardio_modality,interval,1,25,minutes,0,false,false,0,,,,knee_impact,,,,,,,,,,,,,,catalogued_cardio_modality,,no,,,Treadmill Run; treadmill walking; treadmill running,,Treadmill,treadmill,t25,banda; mers banda; mers pe banda; Alergare la bandă; alergat la banda; alergare banda,ลู่วิ่ง; เดินลู่วิ่ง; วิ่งบนลู่วิ่ง; วิ่งลู่วิ่ง,Treadmill,Treadmill,Treadmill,Treadmill,Treadmill,Treadmill,トレッドミル,Mers la bandă,เดินบนลู่วิ่ง,Treadmill Run; treadmill walking; treadmill running,,,,,,,banda; mers banda; mers pe banda; Alergare la bandă; alergat la banda; alergare banda,ลู่วิ่ง; เดินลู่วิ่ง; วิ่งบนลู่วิ่ง; วิ่งลู่วิ่ง
538,run_outdoor,Outdoor Running,Outdoor Running,Outdoor Running,cardio_modality,cardio,cardio,cardio,,,Outdoor Space,outdoor_space,,quads; hamstrings; glutes,,,,quads; hamstrings; glutes,cardio,cardio_modality,interval,1,25,minutes,0,false,false,0,,,,knee_impact,,,,,,,,,,,,,,catalogued_cardio_modality,,no,,,Easy Run; Long Run; Tempo Run; Threshold Run; Walk-Run Intervals,,Outdoor Running,run_outdoor,t25,,,Outdoor Running,Outdoor Running,Outdoor Running,Outdoor Running,Outdoor Running,Outdoor Running,屋外のランニング,Outdoor Running,Outdoor Running,Easy Run; Long Run; Tempo Run; Threshold Run; Walk-Run Intervals,,,,,,,,
539,walk,Walking,Walking,Walking,cardio_modality,cardio,cardio,cardio,,,Bodyweight,,,quads; hamstrings; glutes,,,,quads; hamstrings; glutes,cardio,cardio_modality,interval,1,25,minutes,0,false,false,0,,,,,,,,,,,,,,,,,,catalogued_cardio_modality,,no,,,Brisk Walk; Easy Nasal Walk; Easy Walk,"Needs no equipment and no shower, which is why it survives contact with a real week better than any other modality.",Walking,walk,t25,,,Walking,Walking,Walking,Walking,Walking,Walking,ウォーキング,Walking,Walking,Brisk Walk; Easy Nasal Walk; Easy Walk,,,,,,,,
540,incline_walk,Incline Treadmill Walk,Incline Treadmill Walk,Incline Treadmill Walk,cardio_modality,cardio,cardio,cardio,,,Treadmill,treadmill,,quads; hamstrings; glutes,,,,quads; hamstrings; glutes,cardio,cardio_modality,interval,1,25,minutes,0,false,false,0,,,,,,,,,,,,,,,,,,catalogued_cardio_modality,,no,,,Easy Incline Treadmill Walk,,Incline Treadmill Walk,incline_walk,t25,,,Incline Treadmill Walk,Incline Treadmill Walk,Incline Treadmill Walk,Incline Treadmill Walk,Incline Treadmill Walk,Incline Treadmill Walk,インライントレッドミルウォーク,Incline Treadmill Walk,Incline Treadmill Walk,Easy Incline Treadmill Walk,,,,,,,,
541,row_erg,Rowing Machine,Ergometru de vâslit,เครื่องกรรเชียงบก,cardio_modality,cardio,hyrox; cardio,cardio,5,Row,Rower,rower,,quads; hamstrings; glutes; upperBack,,,,quads; hamstrings; glutes; upperBack,cardio,cardio_modality,interval,1,25,minutes,0,false,false,0,,,,low_back_flexion,,,,,,,,,,,,,,catalogued_cardio_modality,,no,,,Row 2k; Rowing Intervals,"Technique-dependent: a poor sequence turns it into a low-back exercise, so it is not the first choice for an unsupervised beginner.",Rowing Machine,row_erg,t25,,,Rowing Machine,Rowing Machine,Rowing Machine,Rowing Machine,Rowing Machine,Rowing Machine,ロウイングマシン,Ergometru de vâslit,เครื่องกรรเชียงบก,Row 2k; Rowing Intervals,,,,,,,,
542,ski_erg,Ski Erg,Intervale la SkiErg,สกีเอิร์กอินเทอร์วัล,cardio_modality,cardio,hyrox; cardio,cardio,1,SkiErg,Ski Erg,ski_erg,,frontDelts; upperBack; abs,,,,frontDelts; upperBack; abs,cardio,cardio_modality,interval,1,25,minutes,0,false,false,0,,,,,,,,,,,,,,,,,,catalogued_cardio_modality,,no,,,SkiErg 1 km Challenge; SkiErg 500 m Controlled Challenge; SkiErg 500 m Interval; SkiErg 500 m Smooth Finish,,Ski Erg,ski_erg,t25,,,Ski Erg,Ski Erg,Ski Erg,Ski Erg,Ski Erg,Ski Erg,スキーアーグ,Intervale la SkiErg,สกีเอิร์กอินเทอร์วัล,SkiErg 1 km Challenge; SkiErg 500 m Controlled Challenge; SkiErg 500 m Interval; SkiErg 500 m Smooth Finish,,,,,,,,
543,air_bike,Air Bike,Sprint la bicicleta Assault,สปรินต์แอร์ไบค์,cardio_modality,cardio,cardio,cardio,,,Air Bike,air_bike,,quads; hamstrings; glutes; upperBack,,,,quads; hamstrings; glutes; upperBack,cardio,cardio_modality,interval,1,25,minutes,0,false,false,0,,,,,,,,,,,,,,,,,,catalogued_cardio_modality,,no,,,Assault Bike Interval,"Resistance rises with effort, so it self-limits at the top end and suits intervals better than steady work.",Air Bike,air_bike,t25,,,Air Bike,Air Bike,Air Bike,Air Bike,Air Bike,Air Bike,エアバイク,Sprint la bicicleta Assault,สปรินต์แอร์ไบค์,Assault Bike Interval,,,,,,,,
544,elliptical,Elliptical,Elliptical,Elliptical,cardio_modality,cardio,cardio,cardio,,,Elliptical,elliptical,,quads; hamstrings; glutes; upperBack,,,,quads; hamstrings; glutes; upperBack,cardio,cardio_modality,interval,1,25,minutes,0,false,false,0,,,,,,,,,,,,,,,,,,catalogued_cardio_modality,,no,,,,,Elliptical,elliptical,t25,,,Elliptical,Elliptical,Elliptical,Elliptical,Elliptical,Elliptical,エリプティカル,Elliptical,Elliptical,,,,,,,,,
545,stair_climber,Stair Climber,Stair Climber,Stair Climber,cardio_modality,cardio,cardio,cardio,,,Stair Climber,stair_climber,,quads; hamstrings; glutes,,,,quads; hamstrings; glutes,cardio,cardio_modality,interval,1,25,minutes,0,false,false,0,,,,,,,,,,,,,,,,,,catalogued_cardio_modality,,no,,,,,Stair Climber,stair_climber,t25,,,Stair Climber,Stair Climber,Stair Climber,Stair Climber,Stair Climber,Stair Climber,階段クライマー,Stair Climber,Stair Climber,,,,,,,,,
546,swim,Swimming,Swimming,Swimming,cardio_modality,cardio,cardio,cardio,,,Pool,pool,,frontDelts; upperBack; abs,,,,frontDelts; upperBack; abs,cardio,cardio_modality,interval,1,25,minutes,0,false,false,0,,,,,,,,,,,,,,,,,,catalogued_cardio_modality,,no,,,,"The only modality where poor technique costs more than poor fitness, so distance targets mean little until the stroke holds.",Swimming,swim,t25,,,Swimming,Swimming,Swimming,Swimming,Swimming,Swimming,水泳,Swimming,Swimming,,,,,,,,,
547,jump_rope,Jump Rope,Jump Rope,Jump Rope,cardio_modality,cardio,cardio,cardio,,,Jump Rope,jump_rope,,quads; hamstrings; glutes,,,,quads; hamstrings; glutes,cardio,cardio_modality,interval,1,25,minutes,0,false,false,0,,,,knee_impact; achilles,,,,,,,,,,,,,,catalogued_cardio_modality,,no,,,,,Jump Rope,jump_rope,t25,,,Jump Rope,Jump Rope,Jump Rope,Jump Rope,Jump Rope,Jump Rope,ジャンプロープ,Jump Rope,Jump Rope,,,,,,,,,
548,sled_push_drag,Sled Push or Drag,Sled Push or Drag,Sled Push or Drag,cardio_modality,cardio,cardio,cardio,,,Sled,sled,,quads; hamstrings; glutes,,,,quads; hamstrings; glutes,cardio,cardio_modality,interval,1,25,minutes,0,false,false,0,,,,,,,,,,,,,,,,,,catalogued_cardio_modality,,no,,,,"Almost no eccentric load, so it buys conditioning without the soreness that limits the next lower-body session.",Sled Push or Drag,sled_push_drag,t25,,,Sled Push or Drag,Sled Push or Drag,Sled Push or Drag,Sled Push or Drag,Sled Push or Drag,Sled Push or Drag,Sledプッシュまたはドラッグ,Sled Push or Drag,Sled Push or Drag,,,,,,,,,
549,shadow_box,Shadow Boxing,Shadow Boxing,Shadow Boxing,cardio_modality,cardio,cardio,cardio,,,Bodyweight,,,frontDelts; upperBack; abs,,,,frontDelts; upperBack; abs,cardio,cardio_modality,interval,1,25,minutes,0,false,false,0,,,,,,,,,,,,,,,,,,catalogued_cardio_modality,,no,,,,,Shadow Boxing,shadow_box,t25,,,Shadow Boxing,Shadow Boxing,Shadow Boxing,Shadow Boxing,Shadow Boxing,Shadow Boxing,シャドーボクシング,Shadow Boxing,Shadow Boxing,,,,,,,,,
