catalog_order,id,name_en,name_ro,name_th,record_type,primary_category,all_categories,disciplines,hyrox_station_order,hyrox_station_name,equipment,muscles,movement_pattern,entity_type,prescription_mode,default_sets,default_reps_or_duration,unit,default_rest_seconds,per_side,loadable,increment_kg,can_fail_safely,needs_spotter,needs_safeties,contraindications,technical_complexity,coached_only,tempo_applies,tempo_class,review_status,evidence_source_ids,owner_csv_exact_match,owner_csv_disposition,owner_csv_source_name,english_aliases,notes
1,barbell_romanian_deadlift,Romanian Deadlift,Îndreptări românești,โรมาเนียนเดดลิฟต์,movement,weights,strength; weights,strength,,,Barbell · Plates,hamstrings; glutes; lowerBack; forearms,hip_hinge,resistance_dynamic,tempo_reps,4,8,reps,120,false,true,2.5,true,false,false,lumbar_flexion,3,false,true,hamstring_eccentric,internally_reviewed,,no,,,,
2,dumbbell_romanian_deadlift,Dumbbell Romanian Deadlift,Dumbbell Romanian Deadlift,Dumbbell Romanian Deadlift,movement,weights,strength; weights,strength,,,Dumbbells,hamstrings; glutes; lowerBack; forearms,hip_hinge,resistance_dynamic,tempo_reps,4,10,reps,90,false,true,2,true,false,false,lumbar_flexion,2,false,true,hamstring_eccentric,internally_reviewed,,no,,,,
3,single_leg_romanian_deadlift,Single-Leg Romanian Deadlift,Single-Leg Romanian Deadlift,Single-Leg Romanian Deadlift,movement,weights,strength; weights,strength,,,Dumbbells,hamstrings; glutes; lowerBack; obliques,hip_hinge,resistance_dynamic,tempo_reps,4,10,reps,90,true,true,2,true,false,false,lumbar_flexion,3,false,true,hamstring_eccentric,internally_reviewed,,no,,,,
4,conventional_deadlift,Conventional Deadlift,Îndreptări convenționale,เดดลิฟต์แบบปกติ,movement,weights,powerlifting; strength; weights,strength,,,Barbell · Plates,hamstrings; glutes; lowerBack; lats; neckTraps; forearms,hip_hinge,resistance_dynamic,tempo_reps,4,5,reps,150,false,true,2.5,true,false,false,lumbar_flexion,4,false,true,standard_compound,internally_reviewed,,no,,,,Highest systemic cost in the library. Never paired with another heavy hinge.
5,trap_bar_deadlift,Trap Bar Deadlift,Trap Bar Deadlift,Trap Bar Deadlift,movement,weights,strength; weights,strength,,,Trap Bar · Plates,glutes; quads; hamstrings; lowerBack; neckTraps,hip_hinge,resistance_dynamic,tempo_reps,4,7,reps,120,false,true,2.5,true,false,false,lumbar_flexion,2,false,true,hamstring_eccentric,internally_reviewed,,no,,,,"Easier to keep a neutral spine than a straight bar, so it is the default heavy hinge for a novice."
6,hip_thrust_barbell,Barbell Hip Thrust,Hip thrust cu bara,ฮิปทรัสต์ด้วยบาร์เบล,movement,weights,strength; weights,strength,,,Barbell · Plates · Bench,glutes; hamstrings,hip_hinge,resistance_dynamic,tempo_reps,4,10,reps,90,false,true,2.5,true,false,false,,3,false,true,glute_lockout,internally_reviewed,,no,,,Hip Thrust,"Setup is slow, which matters in a short session."
7,hip_thrust_dumbbell,Dumbbell Hip Thrust,Dumbbell Hip Thrust,Dumbbell Hip Thrust,movement,weights,strength; weights,strength,,,Dumbbells · Bench,glutes; hamstrings,hip_hinge,resistance_dynamic,tempo_reps,4,13,reps,60,false,true,2,true,false,false,,2,false,true,glute_lockout,internally_reviewed,,no,,,,
8,machine_hip_thrust,Machine Hip Thrust,Machine Hip Thrust,Machine Hip Thrust,movement,machine,strength; machine,strength,,,Hip Thrust Machine,glutes; hamstrings,hip_hinge,resistance_dynamic,tempo_reps,4,10,reps,90,false,true,5,true,false,false,,1,false,true,glute_lockout,internally_reviewed,,no,,,,
9,b_stance_hip_thrust,B-Stance Hip Thrust,B-Stance Hip Thrust,B-Stance Hip Thrust,movement,weights,strength; weights,strength,,,Dumbbells · Bench,glutes; hamstrings,hip_hinge,resistance_dynamic,tempo_reps,4,10,reps,60,true,true,2,true,false,false,,3,false,true,glute_lockout,internally_reviewed,,no,,,B-Stance or Single-Leg Hip Thrust,
10,glute_bridge,Glute Bridge,Glute Bridge,Glute Bridge,movement,calisthenics,strength; calisthenics,strength; calisthenics,,,Bodyweight,glutes; hamstrings,hip_hinge,resistance_dynamic,tempo_reps,3,16,reps,60,false,false,0,true,false,false,,1,false,true,glute_lockout,internally_reviewed,,no,,,,
11,frog_pump,Frog Pump,Frog Pump,Frog Pump,movement,calisthenics,strength; calisthenics,strength; calisthenics,,,Bodyweight,glutes,hip_hinge,resistance_dynamic,tempo_reps,3,28,reps,60,false,false,0,true,false,false,,1,false,true,glute_lockout,internally_reviewed,,yes,already_canonical,Frog Pump,,
12,back_extension,Back Extension,Back Extension,Back Extension,movement,strength,strength,strength,,,Back Extension Bench,lowerBack; glutes; hamstrings,hip_hinge,resistance_dynamic,tempo_reps,4,13,reps,60,false,true,2.5,true,false,false,,2,false,true,spinal_erector,internally_reviewed,,no,,,,
13,kettlebell_swing,Kettlebell Swing,Balans cu kettlebell,เคตเทิลเบลสวิง,movement,weights,strength; hiit; weights,strength; hiit; conditioning,,,Kettlebell,glutes; hamstrings; lowerBack; forearms; abs,hip_hinge,resistance_dynamic,quality_reps,4,16,reps,90,false,true,4,true,false,false,lumbar_flexion,3,false,false,hamstring_eccentric,internally_reviewed,,no,,,,
14,good_morning,Good Morning,Good Morning,Good Morning,movement,weights,strength; weights,strength,,,Barbell · Plates · Rack,hamstrings; lowerBack; glutes,hip_hinge,resistance_dynamic,tempo_reps,4,10,reps,120,false,true,2.5,true,false,false,lumbar_flexion,4,false,true,standard_compound,internally_reviewed,,no,,,,
15,backpack_rdl,Backpack Romanian Deadlift,Backpack Romanian Deadlift,Backpack Romanian Deadlift,movement,weights,strength; weights,strength,,,Backpack,hamstrings; glutes; lowerBack,hip_hinge,resistance_dynamic,tempo_reps,4,10,reps,90,false,true,2.5,true,false,false,lumbar_flexion,2,false,true,hamstring_eccentric,internally_reviewed,,no,,,Backpack RDL,Home substitute. Load is capped by what the bag holds.
16,barbell_back_squat,Barbell Back Squat,Genuflexiuni cu bara la spate,แบ็กสควอตด้วยบาร์เบล,movement,weights,powerlifting; strength; weights,strength,,,Barbell · Plates · Rack,quads; glutes; lowerBack; adductors; hamstrings; abs,squat,resistance_dynamic,tempo_reps,4,8,reps,150,false,true,2.5,false,false,true,ankle_dorsiflexion; hip_deep_flexion; knee_deep_flexion; lumbar_flexion,4,false,true,standard_compound,internally_reviewed,,no,,,,Needs safeties to be failed. Without a rack the generator must not prescribe it.
17,barbell_front_squat,Barbell Front Squat,Genuflexiuni cu bara în față,ฟรอนต์สควอตด้วยบาร์เบล,movement,weights,strength; weights,strength,,,Barbell · Plates · Rack,quads; glutes; upperBack; abs,squat,resistance_dynamic,tempo_reps,4,7,reps,120,false,true,2.5,false,false,true,ankle_dorsiflexion; hip_deep_flexion; knee_deep_flexion; wrist,5,true,true,standard_compound,internally_reviewed,,no,,,,
18,goblet_squat,Goblet Squat,Genuflexiuni goblet,กอบเล็ตสควอต,movement,weights,strength; weights,strength,,,Dumbbells,quads; glutes; upperBack; abs; obliques,squat,resistance_dynamic,tempo_reps,4,12,reps,90,false,true,2,true,false,false,ankle_dorsiflexion; hip_deep_flexion; knee_deep_flexion,2,false,true,standard_compound,internally_reviewed,,no,,,Weighted Squat,The safest loaded squat: you simply put it down.
19,heel_elevated_goblet_squat,Heel-Elevated Goblet Squat,Heel-Elevated Goblet Squat,Heel-Elevated Goblet Squat,movement,weights,strength; weights,strength,,,Dumbbells,quads; glutes,squat,resistance_dynamic,tempo_reps,4,12,reps,90,false,true,2,true,false,false,hip_deep_flexion,2,false,true,standard_compound,internally_reviewed,,no,,,Heel-Elevated Goblet Squat (backpack),Elevating the heels lets a stiff ankle reach depth without the knee wandering.
20,hack_squat,Hack Squat,Genuflexiuni la hack squat,แฮ็กสควอต,movement,machine,strength; machine,strength,,,Hack Squat Machine,quads; glutes,squat,resistance_dynamic,tempo_reps,4,10,reps,120,false,true,5,true,false,false,hip_deep_flexion; knee_deep_flexion,1,false,true,standard_compound,internally_reviewed,,no,,,,
21,leg_press,Leg Press,Presă pentru picioare,เลกเพรส,movement,machine,strength; machine,strength,,,Leg Press Machine,quads; glutes; hamstrings,squat,resistance_dynamic,tempo_reps,4,13,reps,90,false,true,5,true,false,false,hip_deep_flexion; knee_deep_flexion,1,false,true,standard_compound,internally_reviewed,,no,,,,Lowest skill loaded squat pattern. Good first exposure for a novice in a gym.
22,bodyweight_squat,Bodyweight Squat,Bodyweight Squat,Bodyweight Squat,movement,calisthenics,strength; calisthenics,calisthenics; strength,,,Bodyweight,quads; glutes,squat,resistance_dynamic,tempo_reps,4,19,reps,60,false,false,0,true,false,false,ankle_dorsiflexion; hip_deep_flexion,1,false,true,standard_compound,internally_reviewed,,no,,,,
23,sit_to_stand,Sit-to-Stand,Sit-to-Stand,Sit-to-Stand,movement,strength,strength,strength,,,Chair,quads; glutes,squat,resistance_dynamic,tempo_reps,4,9,reps,60,false,false,0,true,false,false,hip_deep_flexion,1,false,true,standard_compound,internally_reviewed,,no,,,Supported Sit-to-Stand,The capability version: getting out of a chair without hands.
24,pistol_squat,Pistol Squat,Genuflexiuni pistol,พิสตอลสควอต,movement,calisthenics,calisthenics,calisthenics,,,Bodyweight,quads; glutes; abs; obliques; hamstrings,squat,resistance_dynamic,tempo_reps,4,6,reps,120,true,false,0,true,false,false,ankle_dorsiflexion; hip_deep_flexion; knee_deep_flexion,5,true,true,standard_compound,internally_reviewed,,no,,,,
25,smith_machine_squat,Smith Machine Squat,Smith Machine Squat,Smith Machine Squat,movement,machine,strength; machine,strength,,,Smith Machine,quads; glutes,squat,resistance_dynamic,tempo_reps,4,10,reps,120,false,true,2.5,true,false,false,knee_deep_flexion,2,false,true,standard_compound,internally_reviewed,,no,,,,
26,bulgarian_split_squat,Bulgarian Split Squat,Genuflexiuni bulgărești,บัลแกเรียนสปลิตสควอต,movement,weights,strength; weights,strength,,,Dumbbells · Bench,quads; glutes; adductors; hamstrings,lunge,resistance_dynamic,tempo_reps,4,10,reps,120,true,true,2,true,false,false,knee_deep_flexion,3,false,true,standard_compound,internally_reviewed,,no,,,Bulgarian Split Squat (backpack),Brutal for its load. Rarely belongs in a thirty-minute session next to a squat.
27,split_squat,Split Squat,Split Squat,Split Squat,movement,weights,strength; weights,strength,,,Dumbbells,quads; glutes,lunge,resistance_dynamic,tempo_reps,4,10,reps,90,true,true,2,true,false,false,knee_deep_flexion,2,false,true,standard_compound,internally_reviewed,,no,,,,
28,reverse_lunge,Reverse Lunge,Fandări inverse cu gantere,ลันจ์ถอยหลังด้วยดัมเบล,movement,weights,strength; weights,strength,,,Dumbbells,quads; glutes; hamstrings,lunge,resistance_dynamic,tempo_reps,4,10,reps,90,true,true,2,true,false,false,knee_deep_flexion,2,false,true,standard_compound,internally_reviewed,,no,,,Reverse Lunge; Supported Reverse Lunge,"Kinder to the knee than a forward lunge, so it is the default lunge for anyone reporting knee niggles."
29,walking_lunge,Walking Lunge,Fandări din mers cu gantere,เดินลันจ์ด้วยดัมเบล,movement,weights,strength; weights,strength,,,Dumbbells · Floor Space,quads; glutes; hamstrings,lunge,resistance_dynamic,tempo_reps,4,10,reps,120,true,true,2,true,false,false,knee_deep_flexion,3,false,true,standard_compound,internally_reviewed,,no,,,Walking Front Lunge; Walking Lunges (backpack),
30,forward_lunge,Forward Lunge,Forward Lunge,Forward Lunge,movement,weights,strength; weights,strength,,,Dumbbells,quads; glutes,lunge,resistance_dynamic,tempo_reps,4,10,reps,90,true,true,2,true,false,false,knee_deep_flexion,3,false,true,standard_compound,internally_reviewed,,no,,,Front Lunge,
31,step_up,Step-Up,Step-Up,Step-Up,movement,weights,strength; weights,strength,,,Dumbbells,quads; glutes,lunge,resistance_dynamic,tempo_reps,4,10,reps,90,true,true,2,true,false,false,,2,false,true,standard_compound,internally_reviewed,,no,,,,Box height is the hidden variable: higher means more glute.
32,smith_split_squat,Smith Machine Split Squat,Smith Machine Split Squat,Smith Machine Split Squat,movement,machine,strength; machine,strength,,,Smith Machine,quads; glutes,lunge,resistance_dynamic,tempo_reps,4,10,reps,90,true,true,2.5,true,false,false,,2,false,true,standard_compound,internally_reviewed,,yes,already_canonical,Smith Machine Split Squat,,"Removes the balance limit, so the legs fail before the stance does."
33,barbell_bench_press,Barbell Bench Press,Împins la piept cu bara,เบนช์เพรสด้วยบาร์เบล,movement,weights,powerlifting; strength; weights,strength,,,Barbell · Plates · Bench · Rack,chest; triceps; frontDelts,horizontal_push,resistance_dynamic,tempo_reps,4,8,reps,120,false,true,2.5,false,true,true,shoulder_press,3,false,true,standard_compound,internally_reviewed,,no,,,,Cannot be failed alone without safeties. The generator checks this before prescribing near failure.
34,dumbbell_bench_press,Flat Dumbbell Press,Flat Dumbbell Press,Flat Dumbbell Press,movement,weights,strength; weights,strength,,,Dumbbells · Bench,chest; triceps; frontDelts,horizontal_push,resistance_dynamic,tempo_reps,4,10,reps,90,false,true,2,true,false,false,shoulder_press,2,false,true,standard_compound,internally_reviewed,,no,,,,
35,incline_dumbbell_press,Incline Dumbbell Press,Împins înclinat cu gantere,อินไคลน์ดัมเบลเพรส,movement,weights,strength; weights,strength,,,Dumbbells · Adjustable Bench,chest; frontDelts; triceps,horizontal_push,resistance_dynamic,tempo_reps,4,10,reps,90,false,true,2,true,false,false,shoulder_press,2,false,true,standard_compound,internally_reviewed,,no,,,,
36,dumbbell_floor_press,Dumbbell Floor Press,Dumbbell Floor Press,Dumbbell Floor Press,movement,weights,strength; weights,strength,,,Dumbbells,chest; triceps; frontDelts,horizontal_push,resistance_dynamic,tempo_reps,4,12,reps,60,false,true,2,true,false,false,,1,false,true,standard_compound,internally_reviewed,,no,,,,"The floor limits the range, which is why it suits a cranky shoulder and a home gym with no bench."
37,machine_chest_press,Machine Chest Press,Împins la piept la aparat,เครื่องดันอก,movement,machine,strength; machine,strength,,,Chest Press Machine,chest; triceps; frontDelts,horizontal_push,resistance_dynamic,tempo_reps,4,13,reps,90,false,true,2.5,true,false,false,,1,false,true,standard_compound,internally_reviewed,,no,,,,
38,incline_smith_press,Incline Smith Machine Press,Incline Smith Machine Press,Incline Smith Machine Press,movement,machine,strength; machine,strength,,,Smith Machine · Adjustable Bench,chest; frontDelts; triceps,horizontal_push,resistance_dynamic,tempo_reps,4,10,reps,90,false,true,2.5,true,false,false,shoulder_press,2,false,true,standard_compound,internally_reviewed,,no,,,,
39,push_up,Push-Up,Flotări,วิดพื้น,movement,calisthenics,strength; calisthenics; hiit,calisthenics; strength; hiit,,,Bodyweight,chest; triceps; frontDelts; abs; obliques,horizontal_push,resistance_dynamic,tempo_reps,4,15,reps,60,false,false,0,true,false,false,,1,false,true,standard_compound,internally_reviewed,,no,,,Push-Ups; Strict Push-Up; Tempo Push-Up,
40,incline_push_up,Incline Push-Up,Incline Push-Up,Incline Push-Up,movement,calisthenics,strength; calisthenics,calisthenics; strength,,,Bodyweight,chest; triceps; frontDelts,horizontal_push,resistance_dynamic,tempo_reps,4,15,reps,60,false,false,0,true,false,false,,1,false,true,standard_compound,internally_reviewed,,no,,,,The regression that keeps the movement rather than replacing it.
41,knee_push_up,Knee Push-Up,Knee Push-Up,Knee Push-Up,movement,calisthenics,calisthenics,calisthenics,,,Bodyweight,chest; triceps,horizontal_push,resistance_dynamic,tempo_reps,4,12,reps,60,false,false,0,true,false,false,,1,false,true,standard_compound,internally_reviewed,,no,,,,
42,feet_elevated_push_up,Feet-Elevated Push-Up,Flotări declinate,วิดพื้นยกเท้า,movement,calisthenics,strength; calisthenics,calisthenics; strength,,,Bodyweight,chest; frontDelts; triceps; abs; obliques,horizontal_push,resistance_dynamic,tempo_reps,4,12,reps,90,false,false,0,true,false,false,,2,false,true,standard_compound,internally_reviewed,,no,,,Feet-Elevated Push-Up; Feet-Elevated Push-Ups,
43,weighted_push_up,Weighted Push-Up,Weighted Push-Up,Weighted Push-Up,movement,weights,strength; calisthenics; weights,calisthenics; strength,,,Backpack,chest; triceps; frontDelts; abs; obliques,horizontal_push,resistance_dynamic,tempo_reps,4,9,reps,90,false,true,2.5,true,false,false,,2,false,true,standard_compound,internally_reviewed,,no,,,"Weighted Push-Up on Handles; Weighted Pushups; Weighted Pushups (handles, backpack)",
44,diamond_push_up,Diamond Push-Up,Flotări diamant,วิดพื้นไดมอนด์,movement,calisthenics,calisthenics,calisthenics,,,Bodyweight,triceps; chest; frontDelts,horizontal_push,resistance_dynamic,tempo_reps,4,12,reps,60,false,false,0,true,false,false,elbow; wrist,2,false,true,standard_compound,internally_reviewed,,no,,,Diamond Pushups; Diamond or Close-Grip Push-Up,
45,dip,Parallel Bar Dip,Flotări la paralele,ดิพบนบาร์คู่,movement,calisthenics,street; strength; calisthenics,calisthenics; strength,,,Dip Bars,chest; triceps; frontDelts,horizontal_push,resistance_dynamic,tempo_reps,4,9,reps,90,false,true,2.5,true,false,false,shoulder_press,3,false,true,standard_compound,internally_reviewed,,no,,,Straight-Bar Dip,Hard on the shoulder at depth. Excluded whenever the front of the shoulder is symptomatic.
46,cable_fly,Cable Fly,Fluturări cu gantere,ดัมเบลฟลาย,movement,machine,strength; machine,strength,,,Cable Stack,chest; frontDelts,isolation_upper,resistance_dynamic,tempo_reps,3,13,reps,60,false,true,1,true,false,false,shoulder_press,2,false,true,single_joint,internally_reviewed,,no,,,Cable Fly; cable_crossover,
47,barbell_overhead_press,Barbell Overhead Press,Împins deasupra capului cu bara,โอเวอร์เฮดเพรสด้วยบาร์เบล,movement,weights,strength; weights,strength,,,Barbell · Plates · Rack,frontDelts; triceps; chest; abs; obliques; sideDelts,vertical_push,resistance_dynamic,tempo_reps,4,7,reps,120,false,true,2.5,true,false,false,shoulder_overhead,4,false,true,standard_compound,internally_reviewed,,no,,,,2.5 kg is a large jump here. Fractional plates matter more on this lift than anywhere else.
48,dumbbell_overhead_press,Seated Dumbbell Press,Seated Dumbbell Press,Seated Dumbbell Press,movement,weights,strength; weights,strength,,,Dumbbells · Adjustable Bench,frontDelts; triceps,vertical_push,resistance_dynamic,tempo_reps,4,10,reps,90,false,true,2,true,false,false,shoulder_overhead,2,false,true,standard_compound,internally_reviewed,,no,,,Dumbbell Overhead Press,
49,machine_shoulder_press,Machine Shoulder Press,Împins pentru umeri la aparat,เครื่องดันไหล่,movement,machine,strength; machine,strength,,,Shoulder Press Machine,frontDelts; triceps; sideDelts,vertical_push,resistance_dynamic,tempo_reps,4,10,reps,90,false,true,2.5,true,false,false,shoulder_overhead,1,false,true,standard_compound,internally_reviewed,,no,,,,
50,landmine_press,Landmine Press,Landmine Press,Landmine Press,movement,weights,strength; weights,strength,,,Landmine · Barbell,frontDelts; chest; triceps,vertical_push,resistance_dynamic,tempo_reps,4,10,reps,90,true,true,2.5,true,false,false,,2,false,true,standard_compound,internally_reviewed,,no,,,,"The angle keeps the shoulder out of full overhead, so it survives most overhead restrictions."
51,pike_push_up,Pike Push-Up,Flotări pike,ไพก์พุชอัพ,movement,calisthenics,calisthenics,calisthenics,,,Bodyweight,frontDelts; triceps; sideDelts,vertical_push,resistance_dynamic,tempo_reps,4,9,reps,90,false,false,0,true,false,false,shoulder_overhead; wrist,3,false,true,standard_compound,internally_reviewed,,no,,,,
52,elevated_pike_push_up,Feet-Elevated Pike Push-Up,Feet-Elevated Pike Push-Up,Feet-Elevated Pike Push-Up,movement,calisthenics,calisthenics,calisthenics,,,Bodyweight,frontDelts; triceps,vertical_push,resistance_dynamic,tempo_reps,4,8,reps,90,false,false,0,true,false,false,shoulder_overhead; wrist,4,false,true,standard_compound,internally_reviewed,,no,,,Pike Pushups (feet on chair),
53,handstand_push_up,Handstand Push-Up,Flotări în stând pe mâini,วิดพื้นแฮนด์สแตนด์,movement,calisthenics,street; calisthenics,calisthenics,,,Wall,frontDelts; triceps; abs; obliques; sideDelts; upperBack,vertical_push,resistance_dynamic,tempo_reps,4,6,reps,120,false,false,0,false,false,false,shoulder_overhead; wrist,5,true,true,standard_compound,internally_reviewed,,no,,,,
54,barbell_row,Barbell Row,Ramat cu bara,บาร์เบลโรว์,movement,weights,strength; weights,strength,,,Barbell · Plates,lats; upperBack; biceps; lowerBack; rearDelts,horizontal_pull,resistance_dynamic,tempo_reps,4,8,reps,120,false,true,2.5,true,false,false,lumbar_flexion,4,false,true,standard_compound,internally_reviewed,,no,,,,
55,one_arm_dumbbell_row,One-Arm Dumbbell Row,Ramat cu o ganteră,ดัมเบลโรว์ข้างเดียว,movement,weights,strength; weights,strength,,,Dumbbells · Bench,lats; upperBack; biceps; rearDelts,horizontal_pull,resistance_dynamic,tempo_reps,4,12,reps,60,true,true,2,true,false,false,,2,false,true,standard_compound,internally_reviewed,,no,,,One-Arm Supported Dumbbell Row,
56,chest_supported_row,Chest-Supported Dumbbell Row,Chest-Supported Dumbbell Row,Chest-Supported Dumbbell Row,movement,weights,strength; weights,strength,,,Dumbbells · Adjustable Bench,upperBack; lats; biceps,horizontal_pull,resistance_dynamic,tempo_reps,4,10,reps,60,false,true,2,true,false,false,,1,false,true,standard_compound,internally_reviewed,,no,,,,"The back works without the lower back paying for it, which is why it survives most lumbar restrictions."
57,machine_row,Chest-Supported Machine Row,Ramat la aparat cu pieptul sprijinit,เครื่องพายพิงอก,movement,machine,strength; machine,strength,,,Row Machine,upperBack; lats; biceps; rearDelts,horizontal_pull,resistance_dynamic,tempo_reps,4,10,reps,60,false,true,2.5,true,false,false,,1,false,true,standard_compound,internally_reviewed,,no,,,back machine rows; machine rows,
58,t_bar_row,Chest-Supported T-Bar Row,Chest-Supported T-Bar Row,Chest-Supported T-Bar Row,movement,machine,strength; machine,strength,,,T Bar Row Machine,upperBack; lats; biceps,horizontal_pull,resistance_dynamic,tempo_reps,4,9,reps,90,false,true,2.5,true,false,false,,2,false,true,standard_compound,internally_reviewed,,no,,,,
59,cable_row,Seated Cable Row,Ramat la cablu din șezut,นั่งพายเคเบิล,movement,machine,strength; machine,strength,,,Cable Stack,lats; upperBack; biceps; rearDelts,horizontal_pull,resistance_dynamic,tempo_reps,4,13,reps,60,false,true,2.5,true,false,false,,1,false,true,standard_compound,internally_reviewed,,no,,,machine row,
60,single_arm_cable_row,Single-Arm Cable Row,Single-Arm Cable Row,Single-Arm Cable Row,movement,machine,strength; machine,strength,,,Cable Stack,lats; upperBack; biceps,horizontal_pull,resistance_dynamic,tempo_reps,4,12,reps,60,true,true,1,true,false,false,,2,false,true,standard_compound,internally_reviewed,,no,,,,
61,inverted_row,Inverted Row,Ramat invers,อินเวิร์ทโรว์,movement,machine,strength; calisthenics; machine; weights,calisthenics; strength,,,Bodyweight,upperBack; lats; biceps; abs; obliques; rearDelts,horizontal_pull,resistance_dynamic,tempo_reps,4,12,reps,60,false,false,0,true,false,false,,2,false,true,standard_compound,internally_reviewed,,no,,,australian_pull_up; ring_row,"Foot position is the load dial, which makes it the most scalable pull for a beginner."
62,band_row,Band Row,Band Row,Band Row,movement,strength,strength,strength,,,Bands,upperBack; lats; biceps,horizontal_pull,resistance_dynamic,tempo_reps,4,16,reps,60,false,true,0,true,false,false,,1,false,true,standard_compound,internally_reviewed,,no,,,,
63,backpack_row,Backpack Row,Backpack Row,Backpack Row,movement,weights,strength; weights,strength,,,Backpack,lats; upperBack; biceps,horizontal_pull,resistance_dynamic,tempo_reps,4,12,reps,60,false,true,2.5,true,false,false,lumbar_flexion,2,false,true,standard_compound,internally_reviewed,,no,,,,
64,pull_up,Pull-Up,Tracțiuni la bară,ดึงข้อ,movement,calisthenics,strength; calisthenics,calisthenics; strength,,,Pull Up Bar,lats; biceps; upperBack; forearms,vertical_pull,resistance_dynamic,tempo_reps,4,8,reps,90,false,true,2.5,true,false,false,,3,false,true,standard_compound,internally_reviewed,,no,,,Pull-Ups; Pull-Ups (different grip than Wed),
65,chin_up,Chin-Up,Tracțiuni cu priză inversă,ชินอัพ,movement,calisthenics,strength; calisthenics,calisthenics; strength,,,Pull Up Bar,lats; biceps; upperBack; forearms,vertical_pull,resistance_dynamic,tempo_reps,4,8,reps,90,false,true,2.5,true,false,false,elbow,3,false,true,standard_compound,internally_reviewed,,no,,,,
66,band_assisted_pull_up,Band-Assisted Pull-Up,Band-Assisted Pull-Up,Band-Assisted Pull-Up,movement,calisthenics,strength; calisthenics,calisthenics; strength,,,Pull Up Bar · Bands,lats; biceps,vertical_pull,resistance_dynamic,tempo_reps,4,8,reps,60,false,false,0,true,false,false,,2,false,true,standard_compound,internally_reviewed,,no,,,Band-Assisted Pull-Up · Alternate Grip,"The honest bridge to a first pull-up: the band unloads the bottom, which is where it fails."
67,lat_pulldown,Neutral-Grip Lat Pulldown,Tracțiuni la helcometru,ดึงข้อด้วยสายเคเบิล,movement,machine,strength; machine,strength,,,Lat Pulldown Machine,lats; biceps; upperBack,vertical_pull,resistance_dynamic,tempo_reps,4,10,reps,60,false,true,2.5,true,false,false,,1,false,true,standard_compound,internally_reviewed,,no,,,Neutral-Grip Lat Pulldown,
68,band_lat_pulldown,Band Lat Pulldown,Band Lat Pulldown,Band Lat Pulldown,movement,strength,strength,strength,,,Bands · Anchor Point,lats; biceps,vertical_pull,resistance_dynamic,tempo_reps,4,13,reps,60,false,true,0,true,false,false,,1,false,true,standard_compound,internally_reviewed,,no,,,Prone Lat Sweep,
69,dead_hang,Dead Hang,Dead Hang,Dead Hang,movement,calisthenics,calisthenics; mobility,calisthenics; mobility,,,Pull Up Bar,forearms; lats,vertical_pull,resistance_isometric,hold,3,30,seconds,60,false,false,0,true,false,false,,1,false,false,standard_compound,internally_reviewed,,no,,,Dead Hangs,Grip and shoulder decompression. Often the first honest step for someone who cannot yet pull.
70,scapular_pull_up,Scapular Pull-Up,Scapular Pull-Up,Scapular Pull-Up,movement,calisthenics,calisthenics,calisthenics,,,Pull Up Bar,lats,vertical_pull,resistance_dynamic,tempo_reps,3,8,reps,60,false,false,0,true,false,false,,2,false,true,standard_compound,internally_reviewed,,no,,,Hanging Scapular Depression,
71,muscle_up_practice,Muscle-Up Transition Practice,Muscle-up la bară,บาร์มัสเซิลอัพ,movement,calisthenics,street; calisthenics,calisthenics,,,Pull Up Bar,lats; chest; triceps; abs; obliques; upperBack; biceps; forearms,skill,skill_drill,quality,4,3,reps,90,false,false,0,true,false,false,,5,true,false,standard_compound,internally_reviewed,,no,,,Muscle-Up Transition Practice,
72,suitcase_carry,Suitcase Carry,Suitcase Carry,Suitcase Carry,movement,weights,strength; weights,strength,,,Dumbbells · Floor Space,obliques; forearms; neckTraps; glutes,carry,resistance_isometric,carry,4,38,seconds,60,true,true,2,true,false,false,,1,false,false,loaded_carry,internally_reviewed,,no,,,Suitcase Hold or March,The most transferable thing in the library: this is carrying the shopping.
73,farmers_carry,Farmer's Carry,Mersul fermierului,ฟาร์เมอร์แคร์รี,movement,weights,hyrox; strength; weights,strength,6,Farmer's Carry,Dumbbells · Floor Space,forearms; neckTraps; abs; obliques; glutes,carry,resistance_isometric,carry,4,45,seconds,90,false,true,2,true,false,false,,1,false,false,loaded_carry,internally_reviewed,,no,,,,
74,plank,Plank,Plank,Plank,movement,calisthenics,strength; calisthenics; yoga,calisthenics; strength; yoga,,,Bodyweight,abs; obliques; frontDelts,core_anti_extension,resistance_isometric,hold,4,40,seconds,60,false,false,0,true,false,false,,1,false,false,core_braced,internally_reviewed,,no,,,Gimbal Front Hold,
75,rkc_plank,RKC Plank,RKC Plank,RKC Plank,movement,strength,strength,strength,,,Bodyweight,abs; obliques; glutes,core_anti_extension,resistance_isometric,hold,4,20,seconds,60,false,false,0,true,false,false,,2,false,false,core_braced,internally_reviewed,,no,,,,"A short, maximal-tension plank. Twenty honest seconds beats three slack minutes."
76,side_plank,Side Plank,Planșă laterală,แพลงก์ด้านข้าง,movement,calisthenics,calisthenics; yoga,calisthenics; yoga,,,Bodyweight,obliques; glutes; abs,core_anti_lateral_flexion,resistance_isometric,hold,4,33,seconds,60,true,false,0,true,false,false,,2,false,false,core_braced,internally_reviewed,,no,,,,
77,dead_bug,Dead Bug,Dead bug,เดดบั๊ก,movement,strength,strength,strength,,,Bodyweight,abs; obliques; lowerBack,core_anti_extension,resistance_dynamic,tempo_reps,4,10,reps,60,true,false,0,true,false,false,,1,false,true,core_braced,internally_reviewed,,no,,,,"Safe with almost any back complaint, which is why it is the default core movement when the lumbar spine is flagged."
78,bird_dog,Bird-Dog,Bird dog,เบิร์ดด็อก,movement,mobility,strength; mobility,strength; mobility,,,Bodyweight,abs; obliques; lowerBack; glutes,core_anti_rotation,resistance_dynamic,tempo_reps,4,8,reps,60,true,false,0,true,false,false,,1,false,true,core_braced,internally_reviewed,,no,,,,
79,pallof_press,Pallof Press,Pallof Press,Pallof Press,movement,machine,strength; machine,strength,,,Bodyweight,obliques; abs,core_anti_rotation,resistance_dynamic,tempo_reps,4,10,reps,60,true,true,1,true,false,false,,2,false,true,core_braced,internally_reviewed,,no,,,,
80,hanging_knee_raise,Hanging Knee Raise,Ridicări de picioare la bară,ยกขาห้อยบาร์,movement,calisthenics,strength; calisthenics,calisthenics; strength,,,Pull Up Bar,abs; obliques; forearms,core_flexion,resistance_dynamic,tempo_reps,4,12,reps,60,false,false,0,true,false,false,,2,false,true,core_braced,internally_reviewed,,no,,,Hanging Knee Raise,
81,hollow_body_hold,Hollow Body Hold,Menținere hollow body,ฮอลโลว์บอดี้โฮลด์,movement,calisthenics,calisthenics,calisthenics,,,Bodyweight,abs; obliques,core_anti_extension,resistance_isometric,hold,4,30,seconds,60,false,false,0,true,false,false,,3,false,false,core_braced,internally_reviewed,,no,,,,
82,dumbbell_curl,Dumbbell Curl,Flexii cu bara pentru biceps,บาร์เบลเคิร์ล,movement,weights,strength; weights,strength,,,Dumbbells,biceps; forearms,isolation_upper,resistance_dynamic,tempo_reps,3,10,reps,60,false,true,1,true,false,false,elbow,1,false,true,single_joint,internally_reviewed,,no,,,Band or DB Curls,
83,incline_dumbbell_curl,Incline Dumbbell Curl,Incline Dumbbell Curl,Incline Dumbbell Curl,movement,weights,strength; weights,strength,,,Dumbbells · Adjustable Bench,biceps,isolation_upper,resistance_dynamic,tempo_reps,3,11,reps,60,false,true,1,true,false,false,elbow,1,false,true,single_joint,internally_reviewed,,no,,,,
84,hammer_curl,Hammer Curl,Flexii ciocan,แฮมเมอร์เคิร์ล,movement,weights,strength; weights,strength,,,Dumbbells,biceps; forearms,isolation_upper,resistance_dynamic,tempo_reps,3,13,reps,60,false,true,1,true,false,false,,1,false,true,single_joint,internally_reviewed,,no,,,Hammer or Incline DB Curls,Kinder to a sore elbow than a supinated curl.
85,cable_curl,Cable Curl,Flexii biceps la cablu,เคเบิลเคิร์ล,movement,machine,strength; machine,strength,,,Cable Stack,biceps; forearms,isolation_upper,resistance_dynamic,tempo_reps,3,13,reps,60,false,true,1,true,false,false,elbow,1,false,true,single_joint,internally_reviewed,,no,,,Cable Curl + Rope Pressdown,
86,band_curl,Band Curl,Band Curl,Band Curl,movement,strength,strength,strength,,,Bands,biceps,isolation_upper,resistance_dynamic,tempo_reps,3,16,reps,60,false,true,0,true,false,false,,1,false,true,single_joint,internally_reviewed,,no,,,,
87,overhead_triceps_extension,Overhead Triceps Extension,Extensii triceps culcat cu gantere,ดัมเบลสกัลครัชเชอร์,movement,weights,strength; weights,strength,,,Dumbbells,triceps,isolation_upper,resistance_dynamic,tempo_reps,3,13,reps,60,false,true,1,true,false,false,elbow; shoulder_overhead,2,false,true,single_joint,internally_reviewed,,no,,,,
88,lateral_raise,Lateral Raise,Ridicări laterale cu gantere,ยกแขนข้างด้วยดัมเบล,movement,weights,strength; weights,strength,,,Dumbbells,sideDelts,isolation_upper,resistance_dynamic,tempo_reps,3,16,reps,60,false,true,0.5,true,false,false,shoulder_overhead,1,false,true,lateral_delt,internally_reviewed,,no,,,Lateral Raise,
89,cable_lateral_raise,Cable Lateral Raise,Ridicări laterale la cablu,ยกแขนข้างด้วยเคเบิล,movement,machine,strength; machine,strength,,,Cable Stack,sideDelts,isolation_upper,resistance_dynamic,tempo_reps,3,16,reps,60,false,true,1,true,false,false,shoulder_overhead,1,false,true,lateral_delt,internally_reviewed,,no,,,,
90,band_lateral_raise,Band Lateral Raise,Band Lateral Raise,Band Lateral Raise,movement,strength,strength,strength,,,Bands,sideDelts,isolation_upper,resistance_dynamic,tempo_reps,3,20,reps,60,false,true,0,true,false,false,,1,false,true,lateral_delt,internally_reviewed,,no,,,,
91,face_pull,Cable Face Pull,Trageri la față la cablu,เฟซพูลด้วยเคเบิล,movement,machine,strength; machine,strength,,,Cable Stack,rearDelts; upperBack; neckTraps,isolation_upper,resistance_dynamic,tempo_reps,3,18,reps,60,false,true,1,true,false,false,,2,false,true,single_joint,internally_reviewed,,no,,,,The single best insurance policy for a shoulder that presses a lot.
92,band_face_pull,Band Face Pull,Band Face Pull,Band Face Pull,movement,strength,strength,strength,,,Bands · Anchor Point,rearDelts,isolation_upper,resistance_dynamic,tempo_reps,3,18,reps,60,false,true,0,true,false,false,,1,false,true,single_joint,internally_reviewed,,no,,,Band Face Pulls,
93,band_pull_apart,Band Pull-Apart,Band Pull-Apart,Band Pull-Apart,movement,strength,strength,strength,,,Bands,rearDelts,isolation_upper,resistance_dynamic,tempo_reps,3,20,reps,60,false,true,0,true,false,false,,1,false,true,single_joint,internally_reviewed,,no,,,Band Pull-Aparts; Band Pull-Aparts (finisher if fresh); Band Pull-Aparts (posture closer),
94,reverse_pec_deck,Reverse Pec Deck,Fluturări pentru deltoid posterior,รีเวิร์สดัมเบลฟลาย,movement,machine,strength; machine,strength,,,Pec Deck Machine,rearDelts; upperBack,isolation_upper,resistance_dynamic,tempo_reps,3,15,reps,60,false,true,1,true,false,false,,1,false,true,single_joint,internally_reviewed,,no,,,Reverse Pec Deck; machine_rear_delt,
95,cable_external_rotation,Cable External Rotation,Cable External Rotation,Cable External Rotation,movement,machine,strength; machine,strength,,,Bodyweight,,isolation_upper,resistance_dynamic,tempo_reps,3,15,reps,60,true,true,0.5,true,false,false,,2,false,true,rotator_cuff,internally_reviewed,,no,,,,"Prescribed as insurance, never as rehabilitation for a symptomatic shoulder."
96,lying_leg_curl,Lying Leg Curl,Flexii femurali din culcat,นอนงอขาด้วยเครื่อง,movement,machine,strength; machine,strength,,,Leg Curl Machine,hamstrings,isolation_lower,resistance_dynamic,tempo_reps,3,11,reps,60,false,true,2.5,true,false,false,,1,false,true,hamstring_eccentric,internally_reviewed,,no,,,,
97,seated_leg_curl,Seated Leg Curl,Flexii femurali din șezut,นั่งงอขาด้วยเครื่อง,movement,machine,strength; machine,strength,,,Leg Curl Machine,hamstrings,isolation_lower,resistance_dynamic,tempo_reps,3,11,reps,60,false,true,2.5,true,false,false,,1,false,true,hamstring_eccentric,internally_reviewed,,no,,,,
98,sliding_leg_curl,Sliding Leg Curl,Sliding Leg Curl,Sliding Leg Curl,movement,calisthenics,strength; calisthenics,calisthenics; strength,,,Bodyweight,hamstrings; glutes,isolation_lower,resistance_dynamic,tempo_reps,3,12,reps,90,false,false,0,true,false,false,,3,false,true,hamstring_eccentric,internally_reviewed,,no,,,Sliding Leg Curl (towel),"The home hamstring curl. Deceptively hard, so it starts with fewer reps than people expect."
99,nordic_curl,Nordic Hamstring Curl,Flexii nordice pentru femurali,นอร์ดิกแฮมสตริงเคิร์ล,movement,calisthenics,strength; calisthenics,calisthenics; strength,,,Anchor For Feet,hamstrings; glutes,isolation_lower,resistance_dynamic,tempo_reps,3,6,reps,120,false,false,0,true,false,false,,4,false,true,hamstring_eccentric,internally_reviewed,,no,,,,
100,leg_extension,Leg Extension,Extensii pentru picioare,เหยียดขาด้วยเครื่อง,movement,machine,strength; machine,strength,,,Leg Extension Machine,quads,isolation_lower,resistance_dynamic,tempo_reps,3,15,reps,60,false,true,2.5,true,false,false,knee_deep_flexion,1,false,true,single_joint,internally_reviewed,,no,,,,
101,hip_abduction,Hip Abduction,Abducții de șold la aparat,เครื่องกางสะโพก,movement,machine,strength; machine,strength,,,Bodyweight,glutes,isolation_lower,resistance_dynamic,tempo_reps,3,20,reps,60,false,true,2.5,true,false,false,,1,false,true,glute_lockout,internally_reviewed,,no,,,Band Abduction; band_abduction,
102,standing_calf_raise,Standing Calf Raise,Gambe la aparat din picioare,เครื่องยืนเขย่งน่อง,movement,machine,strength; machine,strength,,,Calf Raise Machine,calves,calf,resistance_dynamic,tempo_reps,3,11,reps,60,false,true,5,true,false,false,ankle_loaded,1,false,true,calf_gastroc,internally_reviewed,,no,,,Calf Raise; Elevated Calf Raise; Standing Calf Raise Machine; Supported Calf Raise; calves; calf raise; calf raise on step,
103,seated_calf_raise,Seated Calf Raise,Gambe din șezut la aparat,นั่งเขย่งน่องด้วยเครื่อง,movement,machine,strength; machine,strength,,,Calf Raise Machine,calves,calf,resistance_dynamic,tempo_reps,3,13,reps,60,false,true,2.5,true,false,false,ankle_loaded,1,false,true,calf_soleus,internally_reviewed,,no,,,calves; seated calves,
104,single_leg_calf_raise,Single-Leg Calf Raise,Single-Leg Calf Raise,Single-Leg Calf Raise,movement,calisthenics,strength; calisthenics,calisthenics; strength,,,Step,calves,calf,resistance_dynamic,tempo_reps,3,16,reps,60,true,true,2,true,false,false,ankle_loaded,1,false,true,calf_gastroc,internally_reviewed,,no,,,"Calf Raises (backpack, off a step); Calf Raises (single-leg or backpack)",
105,l_sit,L-Sit,Menținere L-sit,แอลซิตโฮลด์,movement,calisthenics,street; calisthenics,calisthenics,,,Bodyweight,abs; obliques; triceps; quads; frontDelts,skill,skill_drill,quality,4,20,seconds,90,false,false,0,true,false,false,,4,false,false,standard_compound,internally_reviewed,,no,,,,
106,tuck_planche_hold,Tuck Planche Hold,Tuck Planche Hold,Tuck Planche Hold,movement,calisthenics,calisthenics,calisthenics,,,Bodyweight,frontDelts; abs; obliques; chest,skill,skill_drill,quality,4,13,seconds,120,false,false,0,true,false,false,shoulder_press; wrist,5,true,false,standard_compound,internally_reviewed,,no,,,,
107,wall_handstand_hold,Wall Handstand Hold,Wall Handstand Hold,Wall Handstand Hold,movement,calisthenics,calisthenics,calisthenics,,,Wall,frontDelts; abs; obliques; triceps,skill,skill_drill,quality,4,40,seconds,60,false,false,0,true,false,false,shoulder_overhead; wrist,4,false,false,standard_compound,internally_reviewed,,no,,,,
108,archer_push_up,Archer Push-Up,Archer Push-Up,Archer Push-Up,movement,calisthenics,calisthenics,calisthenics,,,Bodyweight,chest; triceps; abs; obliques,horizontal_push,resistance_dynamic,tempo_reps,4,6,reps,90,true,false,0,true,false,false,,4,false,true,standard_compound,internally_reviewed,,yes,already_canonical,Archer Push-up,,
109,ring_dip,Ring Dip,Ring Dip,Ring Dip,movement,calisthenics,calisthenics,calisthenics,,,Rings,chest; triceps; frontDelts; abs; obliques,horizontal_push,resistance_dynamic,tempo_reps,4,6,reps,120,false,false,0,true,false,false,shoulder_press,5,true,true,standard_compound,internally_reviewed,,no,,,,
110,burpee,Burpee,Burpee,เบอร์พี,movement,hiit,hiit,hiit; conditioning,,,Bodyweight,chest; upperBack; abs; glutes; quads; triceps; calves,conditioning,conditioning_complex,interval,4,33,seconds,60,false,false,0,true,false,false,ankle_impact; knee_deep_flexion; knee_impact; wrist,2,false,false,standard_compound,internally_reviewed,,no,,,Any 10-min HIIT video,
111,squat_thrust,Squat Thrust,Squat Thrust,Squat Thrust,movement,hiit,hiit,hiit; conditioning,,,Bodyweight,chest; upperBack; abs; glutes; quads,conditioning,conditioning_complex,interval,4,33,seconds,60,false,false,0,true,false,false,,1,false,false,standard_compound,internally_reviewed,,no,,,,A burpee without the jump or the push-up. The default when knees or wrists are flagged.
112,mountain_climber,Mountain Climber,Cățărătorul,เมาน์เทนไคลม์เบอร์,movement,hiit,hiit,hiit; conditioning,,,Bodyweight,abs; obliques; frontDelts; quads,conditioning,conditioning_complex,interval,4,33,seconds,60,false,false,0,true,false,false,ankle_impact; knee_impact; wrist,1,false,false,standard_compound,internally_reviewed,,no,,,,
113,high_knees,High Knees,High Knees,High Knees,movement,hiit,hiit,hiit; conditioning,,,Bodyweight,calves,conditioning,conditioning_complex,interval,4,33,seconds,60,false,false,0,true,false,false,ankle_impact; knee_impact,1,false,false,standard_compound,internally_reviewed,,no,,,,
114,marching_in_place,Marching in Place,Marching in Place,Marching in Place,movement,hiit,hiit,hiit; conditioning,,,Bodyweight,,conditioning,conditioning_complex,interval,4,45,seconds,60,false,false,0,true,false,false,,1,false,false,standard_compound,internally_reviewed,,no,,,,The low-impact HIIT substitute. Keeps the interval structure without the landing.
115,jumping_jack,Jumping Jack,Jumping Jack,Jumping Jack,movement,hiit,hiit,hiit; conditioning,,,Bodyweight,chest; upperBack; abs; glutes; quads,conditioning,conditioning_complex,interval,4,45,seconds,60,false,false,0,true,false,false,ankle_impact; knee_impact,1,false,false,standard_compound,internally_reviewed,,no,,,,
116,box_jump,Box Jump,Sărituri pe cutie,บ็อกซ์จัมป์,movement,hiit,strength; hiit,strength; hiit,,,Plyo Box,quads; glutes; calves; hamstrings,plyometric,plyometric,contacts,4,5,reps,60,false,false,0,true,false,false,ankle_impact; knee_deep_flexion; knee_impact,3,false,false,standard_compound,internally_reviewed,,no,,,,"Stopped on landing quality, never on reps in reserve."
117,squat_jump,Squat Jump,Genuflexiuni cu săritură,จัมป์สควอต,movement,hiit,strength; hiit,strength; hiit,,,Bodyweight,quads; glutes; calves; hamstrings,plyometric,plyometric,contacts,4,6,reps,60,false,false,0,true,false,false,ankle_impact; knee_impact,2,false,false,standard_compound,internally_reviewed,,no,,,,
118,broad_jump,Broad Jump,Broad Jump,Broad Jump,movement,hiit,strength; hiit,strength,,,Floor Space,glutes; quads; hamstrings,plyometric,plyometric,contacts,4,5,reps,60,false,false,0,true,false,false,ankle_impact; knee_impact,3,false,false,standard_compound,internally_reviewed,,no,,,,
119,battle_ropes,Battle Ropes,Valuri cu frânghiile,แบทเทิลโรปเวฟ,movement,hiit,hiit,hiit; conditioning,,,Battle Ropes,frontDelts; abs; obliques; forearms; sideDelts,conditioning,conditioning_complex,interval,4,30,seconds,60,false,false,0,true,false,false,,1,false,false,standard_compound,internally_reviewed,,no,,,,
120,downward_dog,Downward-Facing Dog,Downward-Facing Dog,Downward-Facing Dog,movement,mobility,yoga; mobility,yoga; mobility,,,Mat,hamstrings; lats; calves,yoga_pose,yoga_pose,breath,2,45,seconds,15,false,false,0,true,false,false,ankle_dorsiflexion; wrist,1,false,false,standard_compound,internally_reviewed,,no,,,,
121,childs_pose,Child's Pose,Child's Pose,Child's Pose,movement,mobility,yoga; mobility,yoga; mobility,,,Mat,lats,yoga_pose,yoga_pose,breath,2,60,seconds,15,false,false,0,true,false,false,knee_deep_flexion,1,false,false,standard_compound,internally_reviewed,,no,,,,
122,cat_cow,Cat-Cow,Mobilizare pisică-vacă,ท่าแมวสลับวัว,movement,mobility,yoga; mobility,yoga; mobility,,,Mat,lowerBack; abs; obliques; upperBack,yoga_pose,yoga_pose,breath,2,10,reps,15,false,false,0,true,false,false,wrist,1,false,false,standard_compound,internally_reviewed,,no,,,,
123,cobra_pose,Cobra,Cobra,Cobra,movement,mobility,yoga; mobility,yoga; mobility,,,Mat,lowerBack; chest,yoga_pose,yoga_pose,breath,2,33,seconds,15,false,false,0,true,false,false,lumbar_extension,1,false,false,standard_compound,internally_reviewed,,no,,,,
124,warrior_two,Warrior II,Warrior II,Warrior II,movement,yoga,yoga,yoga,,,Mat,quads; glutes; adductors,yoga_pose,yoga_pose,breath,2,45,seconds,15,true,false,0,true,false,false,,2,false,false,standard_compound,internally_reviewed,,no,,,,
125,triangle_pose,Triangle Pose,Triangle Pose,Triangle Pose,movement,yoga,yoga,yoga,,,Mat,hamstrings; obliques,yoga_pose,yoga_pose,breath,2,45,seconds,15,true,false,0,true,false,false,,2,false,false,standard_compound,internally_reviewed,,no,,,,
126,pigeon_pose,Pigeon Pose,Pigeon Pose,Pigeon Pose,movement,mobility,yoga; mobility,yoga; mobility,,,Mat,glutes,yoga_pose,yoga_pose,breath,2,68,seconds,15,true,false,0,true,false,false,hip_end_range; knee_deep_flexion,2,false,false,standard_compound,internally_reviewed,,no,,,,
127,forward_fold,Standing Forward Fold,Standing Forward Fold,Standing Forward Fold,movement,mobility,yoga; mobility,yoga; mobility,,,Bodyweight,hamstrings,yoga_pose,yoga_pose,breath,2,45,seconds,15,false,false,0,true,false,false,lumbar_flexion,1,false,false,standard_compound,internally_reviewed,,no,,,,
128,bridge_pose,Bridge Pose,Bridge Pose,Bridge Pose,movement,mobility,yoga; mobility,yoga; mobility,,,Mat,glutes; lowerBack,yoga_pose,yoga_pose,breath,2,45,seconds,15,false,false,0,true,false,false,,1,false,false,glute_lockout,internally_reviewed,,no,,,,
129,sun_salutation,Sun Salutation,Sun Salutation,Sun Salutation,movement,mobility,yoga; mobility,yoga; mobility,,,Mat,chest; upperBack; abs; glutes; quads,yoga_pose,yoga_pose,breath,2,7,minutes,15,false,false,0,true,false,false,wrist,2,false,false,standard_compound,internally_reviewed,,no,,,,
130,ninety_ninety_hip,90/90 Hip Mobility,Schimbare de șold 90/90,สลับสะโพก 90/90,movement,mobility,yoga; mobility,mobility; yoga,,,Mat,glutes; hamstrings,mobility,mobility_drill,quality,2,8,reps,15,true,false,0,true,false,false,hip_end_range,2,false,false,standard_compound,internally_reviewed,,no,,,90/90 Hip Mobility,
131,figure_four_stretch,Figure-Four Stretch,Figure-Four Stretch,Figure-Four Stretch,movement,mobility,yoga; mobility,mobility; yoga,,,Bodyweight,glutes,mobility,mobility_drill,quality,2,45,seconds,15,true,false,0,true,false,false,hip_end_range,1,false,false,standard_compound,internally_reviewed,,no,,,,
132,couch_stretch,Couch Stretch,Întindere couch,คาวช์สเตรตช์,movement,mobility,mobility,mobility,,,Wall,quads; glutes,mobility,mobility_drill,quality,2,68,seconds,15,true,false,0,true,false,false,hip_end_range; knee_deep_flexion,2,false,false,standard_compound,internally_reviewed,,no,,,,
133,hip_flexor_stretch,Hip Flexor Stretch,Hip Flexor Stretch,Hip Flexor Stretch,movement,mobility,yoga; mobility,mobility; yoga,,,Bodyweight,,mobility,mobility_drill,quality,2,45,seconds,15,true,false,0,true,false,false,,1,false,false,standard_compound,internally_reviewed,,no,,,Hip Flexor + Lat Reset; Hip Flexor Mobility,
134,thoracic_extension,Thoracic Extension,Rotație toracică,หมุนกระดูกสันหลังช่วงอก,movement,mobility,mobility,mobility,,,Bodyweight,upperBack; obliques,mobility,mobility_drill,quality,2,68,seconds,15,false,false,0,true,false,false,,1,false,false,standard_compound,internally_reviewed,,no,,,Breathing + Thoracic Reset; Thoracic Extension over chair edge,
135,wall_slide,Wall Slide,Wall Slide,Wall Slide,movement,mobility,mobility,mobility,,,Wall,,mobility,mobility_drill,quality,2,10,reps,15,false,false,0,true,false,false,,1,false,false,standard_compound,internally_reviewed,,no,,,Wall Shoulder Slide,
136,mobility_flow,Sun Salutation A,Sun Salutation A,Sun Salutation A,movement,mobility,yoga; mobility,mobility; yoga,,,Bodyweight,chest; upperBack; abs; glutes; quads,mobility,movement_sequence,breath,1,9,minutes,15,false,false,0,true,false,false,,1,false,false,standard_compound,internally_reviewed,,no,,,Functional stretch flow (saved YouTube favorite); Gentle Mobility Flow; Mobility Flow; Mobility Reset; Shoulder + Hip Mobility,"Was a category masquerading as a movement. It is now one named sequence with a defined order, which is the only form a generator can actually prescribe."
137,diaphragmatic_breathing,Diaphragmatic Breathing,Diaphragmatic Breathing,Diaphragmatic Breathing,movement,mobility,yoga; mobility,mobility; yoga,,,Bodyweight,,mobility,mobility_drill,quality,2,90,seconds,15,false,false,0,true,false,false,,1,false,false,standard_compound,internally_reviewed,,no,,,,"Used to close a hard session, and as the first thing offered on a genuinely low-recovery day."
138,joint_circles,Controlled Articular Rotations,Mobilizare de gleznă,โยกข้อเท้าเพิ่มความคล่องตัว,movement,mobility,mobility,mobility,,,Bodyweight,chest; upperBack; abs; glutes; quads; calves,mobility,mobility_drill,quality,2,8,reps,15,true,false,0,true,false,false,,1,false,false,standard_compound,internally_reviewed,,no,,,Big Hammer Loop; Pain-Free Joint Circles; Wrist Extensor Isometric,"The established name for slow end-range circles at one joint. Prescribed per joint, never as a vague whole-body instruction."
139,pec_deck,Pec Deck,Fluturări la pec deck,เครื่องบริหารอกเพ็กเด็ค,movement,machine,strength; machine,strength,,,Pec Deck Machine,chest; frontDelts,isolation_upper,resistance_dynamic,tempo_reps,3,13,reps,60,false,true,2.5,true,false,false,shoulder_press,1,false,true,single_joint,internally_reviewed,,no,,,,
140,incline_chest_press_machine,Incline Chest Press Machine,Incline Chest Press Machine,Incline Chest Press Machine,movement,machine,strength; machine,strength,,,Chest Press Machine,chest; frontDelts; triceps,horizontal_push,resistance_dynamic,tempo_reps,4,10,reps,90,false,true,2.5,true,false,false,,1,false,true,standard_compound,internally_reviewed,,no,,,,
141,converging_row_machine,Converging Row Machine,Converging Row Machine,Converging Row Machine,movement,machine,strength; machine,strength,,,Row Machine,lats; upperBack; biceps,horizontal_pull,resistance_dynamic,tempo_reps,4,10,reps,60,false,true,2.5,true,false,false,,1,false,true,standard_compound,internally_reviewed,,no,,,,
142,straight_arm_pulldown,Straight-Arm Pulldown,Straight-Arm Pulldown,Straight-Arm Pulldown,movement,machine,strength; machine,strength,,,Cable Stack,lats,isolation_upper,resistance_dynamic,tempo_reps,3,15,reps,60,false,true,1,true,false,false,,2,false,true,single_joint,internally_reviewed,,no,,,,
143,pullover_machine,Pullover Machine,Pullover Machine,Pullover Machine,movement,machine,strength; machine,strength,,,Pullover Machine,lats; chest,isolation_upper,resistance_dynamic,tempo_reps,3,13,reps,60,false,true,2.5,true,false,false,,1,false,true,single_joint,internally_reviewed,,no,,,,
144,assisted_pull_up_machine,Assisted Pull-Up Machine,Assisted Pull-Up Machine,Assisted Pull-Up Machine,movement,machine,strength; machine,strength,,,Assisted Pull Up Machine,lats; biceps,vertical_pull,resistance_dynamic,tempo_reps,4,9,reps,60,false,true,2.5,true,false,false,,1,false,true,standard_compound,internally_reviewed,,no,,,,"Counterweight rises as you get weaker, which is the opposite of what a band does. Both are honest bridges to a pull-up."
145,preacher_curl_machine,Preacher Curl Machine,Flexii la banca Scott cu bara dreaptă,พรีชเชอร์เคิร์ลด้วยบาร์ตรง,movement,machine,strength; machine,strength,,,Preacher Curl Machine,biceps; forearms,isolation_upper,resistance_dynamic,tempo_reps,3,13,reps,60,false,true,2.5,true,false,false,elbow,1,false,true,single_joint,internally_reviewed,,no,,,preacher curls straight barbell,
146,triceps_pushdown,Triceps Pushdown,Extensii triceps la scripete,กดไตรเซ็ปส์ด้วยเคเบิล,movement,machine,strength; machine,strength,,,Cable Stack,triceps,isolation_upper,resistance_dynamic,tempo_reps,3,13,reps,60,false,true,1,true,false,false,elbow,1,false,true,single_joint,internally_reviewed,,no,,,Cable Triceps Extension; cable_triceps_extension,
147,dip_machine,Seated Dip Machine,Seated Dip Machine,Seated Dip Machine,movement,machine,strength; machine,strength,,,Dip Machine,triceps; chest,isolation_upper,resistance_dynamic,tempo_reps,3,13,reps,60,false,true,2.5,true,false,false,,1,false,true,single_joint,internally_reviewed,,no,,,,
148,shrug,Dumbbell Shrug,Ridicări din umeri cu bara,ยักไหล่ด้วยบาร์เบล,movement,weights,strength; weights,strength,,,Dumbbells,neckTraps; forearms,isolation_upper,resistance_dynamic,tempo_reps,3,13,reps,60,false,true,2,true,false,false,,1,false,true,single_joint,internally_reviewed,,no,,,trap shrug,"Named by the implement, because a barbell shrug and a trap-bar shrug load the traps at different angles."
149,upright_row,Cable Upright Row,Cable Upright Row,Cable Upright Row,movement,machine,strength; machine,strength,,,Cable Stack,sideDelts; neckTraps,isolation_upper,resistance_dynamic,tempo_reps,3,13,reps,60,false,true,1,true,false,false,shoulder_overhead,2,false,true,lateral_delt,internally_reviewed,,no,,,,
150,machine_lateral_raise,Machine Lateral Raise,Machine Lateral Raise,Machine Lateral Raise,movement,machine,strength; machine,strength,,,Lateral Raise Machine,sideDelts,isolation_upper,resistance_dynamic,tempo_reps,3,15,reps,60,false,true,2.5,true,false,false,shoulder_overhead,1,false,true,lateral_delt,internally_reviewed,,no,,,,
151,hip_adduction,Hip Adduction Machine,Aductori la aparat,เครื่องหุบสะโพก,movement,machine,strength; machine,strength,,,Adduction Machine,adductors,isolation_lower,resistance_dynamic,tempo_reps,3,16,reps,60,false,true,2.5,true,false,false,,1,false,true,adductor,internally_reviewed,,no,,,Cable Hip Adduction; adductors; inner thigh; inner thigh cable,
152,copenhagen_plank,Copenhagen Plank,Planșă Copenhagen pentru aductori,โคเปนเฮเกนแพลงก์,movement,strength,strength,strength,,,Bench,adductors; abs; obliques,isolation_lower,resistance_isometric,hold,3,23,seconds,60,true,false,0,true,false,false,,3,false,false,adductor,internally_reviewed,,no,,,adductors; inner thigh,
153,cable_kickback,Cable Glute Kickback,Extensii pentru fesieri la aparat,เครื่องเตะขาไปด้านหลัง,movement,machine,strength; machine,strength,,,Cable Stack,glutes; hamstrings,isolation_lower,resistance_dynamic,tempo_reps,3,15,reps,60,true,true,1,true,false,false,,2,false,true,glute_lockout,internally_reviewed,,no,,,,
154,cable_pull_through,Cable Pull-Through,Cable Pull-Through,Cable Pull-Through,movement,machine,strength; machine,strength,,,Cable Stack,glutes; hamstrings,hip_hinge,resistance_dynamic,tempo_reps,4,15,reps,60,false,true,2.5,true,false,false,,2,false,true,glute_lockout,internally_reviewed,,yes,already_canonical,Cable Pull-through,,"A hinge with the load pulling backwards rather than down, which spares the lower back."
155,belt_squat,Belt Squat,Belt Squat,Belt Squat,movement,machine,strength; machine,strength,,,Belt Squat Machine,quads; glutes,squat,resistance_dynamic,tempo_reps,4,12,reps,90,false,true,5,true,false,false,,2,false,true,standard_compound,internally_reviewed,,no,,,,"Loads the legs with nothing on the spine, so it survives most lumbar restrictions."
156,pendulum_squat,Pendulum Squat,Pendulum Squat,Pendulum Squat,movement,machine,strength; machine,strength,,,Pendulum Squat Machine,quads; glutes,squat,resistance_dynamic,tempo_reps,4,10,reps,120,false,true,5,true,false,false,hip_deep_flexion; knee_deep_flexion,1,false,true,standard_compound,internally_reviewed,,no,,,,
157,calf_press_leg_press,Calf Press on Leg Press,Gambe la presă,เขย่งน่องบนเลกเพรส,movement,machine,strength; machine,strength,,,Leg Press Machine,calves,calf,resistance_dynamic,tempo_reps,3,13,reps,60,false,true,5,true,false,false,ankle_loaded,1,false,true,calf_gastroc,internally_reviewed,,no,,,calves; leg press calf raise,
158,machine_crunch,Machine Crunch,Abdomene la aparat,ครันช์หน้าท้องด้วยเครื่อง,movement,machine,strength; machine,strength,,,Ab Machine,abs; obliques,core_flexion,resistance_dynamic,tempo_reps,4,15,reps,60,false,true,2.5,true,false,false,lumbar_flexion,1,false,true,core_braced,internally_reviewed,,no,,,abs; abdominals,
159,cable_crunch,Cable Crunch,Abdomene la cablu,ครันช์หน้าท้องด้วยเคเบิล,movement,machine,strength; machine,strength,,,Cable Stack,abs; obliques,core_flexion,resistance_dynamic,tempo_reps,4,15,reps,60,false,true,2.5,true,false,false,lumbar_flexion,2,false,true,core_braced,internally_reviewed,,no,,,abs; abdominals,
160,back_extension_machine,Back Extension Machine,Back Extension Machine,Back Extension Machine,movement,machine,strength; machine,strength,,,Back Extension Machine,lowerBack; glutes,hip_hinge,resistance_dynamic,tempo_reps,4,15,reps,60,false,true,2.5,true,false,false,,1,false,true,spinal_erector,internally_reviewed,,no,,,,
161,hip_thrust_smith,Smith Machine Hip Thrust,Smith Machine Hip Thrust,Smith Machine Hip Thrust,movement,machine,strength; machine,strength,,,Smith Machine · Bench,glutes; hamstrings,hip_hinge,resistance_dynamic,tempo_reps,4,10,reps,90,false,true,2.5,true,false,false,,2,false,true,glute_lockout,internally_reviewed,,yes,already_canonical,Smith Machine Hip Thrust,,
162,landmine_row,Landmine Row,Landmine Row,Landmine Row,movement,weights,strength; weights,strength,,,Landmine · Barbell,lats; upperBack; biceps,horizontal_pull,resistance_dynamic,tempo_reps,4,10,reps,90,false,true,2.5,true,false,false,,2,false,true,standard_compound,internally_reviewed,,no,,,,
163,landmine_squat,Landmine Squat,Landmine Squat,Landmine Squat,movement,weights,strength; weights,strength,,,Landmine · Barbell,quads; glutes,squat,resistance_dynamic,tempo_reps,4,10,reps,90,false,true,2.5,true,false,false,,2,false,true,standard_compound,internally_reviewed,,yes,already_canonical,Landmine Squat,,
164,pilates_hundred,The Hundred,The Hundred,The Hundred,movement,pilates,pilates,pilates,,,Mat,abs; obliques,core_anti_extension,resistance_isometric,hold,4,73,seconds,60,false,false,0,true,false,false,lumbar_flexion,2,false,false,core_braced,internally_reviewed,,no,,,,
165,pilates_roll_up,Roll-Up,Roll-Up,Roll-Up,movement,pilates,pilates,pilates,,,Mat,abs; obliques,core_flexion,resistance_dynamic,tempo_reps,4,8,reps,60,false,false,0,true,false,false,lumbar_flexion,3,false,true,core_braced,internally_reviewed,,no,,,,
166,pilates_single_leg_circle,Single Leg Circles,Single Leg Circles,Single Leg Circles,movement,mobility,pilates; mobility,pilates; mobility,,,Mat,abs; obliques,mobility,mobility_drill,quality,2,7,reps,15,true,false,0,true,false,false,,2,false,false,standard_compound,internally_reviewed,,no,,,,
167,pilates_single_leg_stretch,Single Leg Stretch,Single Leg Stretch,Single Leg Stretch,movement,pilates,pilates,pilates,,,Mat,abs; obliques,core_flexion,resistance_dynamic,tempo_reps,4,10,reps,60,true,false,0,true,false,false,lumbar_flexion,2,false,true,core_braced,internally_reviewed,,no,,,,
168,pilates_double_leg_stretch,Double Leg Stretch,Double Leg Stretch,Double Leg Stretch,movement,pilates,pilates,pilates,,,Mat,abs; obliques,core_anti_extension,resistance_dynamic,tempo_reps,4,8,reps,60,false,false,0,true,false,false,lumbar_flexion,3,false,true,core_braced,internally_reviewed,,no,,,,
169,pilates_scissors,Pilates Scissors,Pilates Scissors,Pilates Scissors,movement,pilates,pilates,pilates,,,Mat,abs; obliques; hamstrings,core_anti_extension,resistance_dynamic,tempo_reps,4,8,reps,60,true,false,0,true,false,false,,2,false,true,core_braced,internally_reviewed,,no,,,,
170,pilates_teaser,Teaser,Teaser,Teaser,movement,pilates,pilates,pilates,,,Mat,abs; obliques,core_flexion,resistance_dynamic,tempo_reps,4,6,reps,90,false,false,0,true,false,false,lumbar_flexion,4,false,true,core_braced,internally_reviewed,,no,,,,
171,pilates_swan,Swan,Swan,Swan,movement,mobility,pilates; mobility,pilates; mobility,,,Mat,lowerBack; chest,mobility,mobility_drill,quality,2,8,reps,15,false,false,0,true,false,false,lumbar_extension,2,false,false,standard_compound,internally_reviewed,,no,,,,
172,pilates_saw,Saw,Saw,Saw,movement,mobility,pilates; mobility,pilates; mobility,,,Mat,obliques; hamstrings,mobility,mobility_drill,quality,2,7,reps,15,true,false,0,true,false,false,,2,false,false,standard_compound,internally_reviewed,,no,,,,
173,pilates_spine_stretch,Spine Stretch Forward,Spine Stretch Forward,Spine Stretch Forward,movement,mobility,pilates; mobility,pilates; mobility,,,Mat,lowerBack; hamstrings,mobility,mobility_drill,quality,2,7,reps,15,false,false,0,true,false,false,,1,false,false,standard_compound,internally_reviewed,,no,,,,
174,pilates_side_kick,Side Kick Series,Side Kick Series,Side Kick Series,movement,pilates,pilates,pilates,,,Mat,glutes; abs; obliques,isolation_lower,resistance_dynamic,tempo_reps,3,13,reps,60,true,false,0,true,false,false,,2,false,true,glute_lockout,internally_reviewed,,no,,,,
175,pilates_clam,Clam,Clam,Clam,movement,pilates,pilates,pilates,,,Mat,glutes,isolation_lower,resistance_dynamic,tempo_reps,3,16,reps,60,true,false,0,true,false,false,,1,false,true,glute_lockout,internally_reviewed,,no,,,,
176,pilates_swimming,Pilates Swimming,Pilates Swimming,Pilates Swimming,movement,pilates,pilates,pilates,,,Mat,lowerBack; glutes,core_anti_extension,resistance_isometric,hold,4,33,seconds,60,false,false,0,true,false,false,lumbar_extension,2,false,false,core_braced,internally_reviewed,,no,,,,
177,reformer_footwork,Reformer Footwork,Reformer Footwork,Reformer Footwork,movement,machine,pilates; machine,pilates,,,Reformer,quads; glutes; calves,squat,resistance_dynamic,tempo_reps,4,15,reps,60,false,true,0,true,false,false,,2,false,true,standard_compound,internally_reviewed,,no,,,,
178,reformer_long_stretch,Reformer Long Stretch,Reformer Long Stretch,Reformer Long Stretch,movement,machine,pilates; machine,pilates,,,Reformer,abs; obliques; frontDelts; lats,core_anti_extension,resistance_dynamic,tempo_reps,4,8,reps,90,false,false,0,true,false,false,,4,false,true,core_braced,internally_reviewed,,no,,,,
179,reformer_elephant,Reformer Elephant,Reformer Elephant,Reformer Elephant,movement,machine,pilates; mobility; machine,pilates; mobility,,,Reformer,hamstrings; abs; obliques; lats,mobility,mobility_drill,quality,2,9,reps,15,false,false,0,true,false,false,,3,false,false,standard_compound,internally_reviewed,,no,,,,
180,reformer_knee_stretch,Reformer Knee Stretch,Reformer Knee Stretch,Reformer Knee Stretch,movement,machine,pilates; machine,pilates,,,Reformer,abs; obliques,core_flexion,resistance_dynamic,tempo_reps,4,10,reps,60,false,false,0,true,false,false,,3,false,true,core_braced,internally_reviewed,,no,,,,
181,reformer_short_box,Reformer Short Box,Reformer Short Box,Reformer Short Box,movement,machine,pilates; machine,pilates,,,Reformer,abs; obliques; lowerBack,core_flexion,resistance_dynamic,tempo_reps,4,8,reps,60,false,false,0,true,false,false,lumbar_flexion,3,false,true,core_braced,internally_reviewed,,no,,,,
182,reformer_mermaid,Reformer Mermaid,Reformer Mermaid,Reformer Mermaid,movement,machine,pilates; mobility; machine,pilates; mobility,,,Reformer,obliques; lats,mobility,mobility_drill,quality,2,30,seconds,15,true,false,0,true,false,false,,2,false,false,standard_compound,internally_reviewed,,no,,,,
183,chair_pose,Chair Pose,Chair Pose,Chair Pose,movement,yoga,yoga,yoga,,,Mat,quads; glutes; frontDelts,yoga_pose,yoga_pose,breath,2,33,seconds,15,false,false,0,true,false,false,,1,false,false,standard_compound,internally_reviewed,,no,,,,
184,tree_pose,Tree Pose,Tree Pose,Tree Pose,movement,yoga,yoga,yoga,,,Mat,glutes; abs; obliques,yoga_pose,yoga_pose,breath,2,40,seconds,15,true,false,0,true,false,false,,2,false,false,standard_compound,internally_reviewed,,no,,,,
185,warrior_one,Warrior I,Warrior I,Warrior I,movement,yoga,yoga,yoga,,,Mat,quads; frontDelts,yoga_pose,yoga_pose,breath,2,45,seconds,15,true,false,0,true,false,false,shoulder_overhead,2,false,false,standard_compound,internally_reviewed,,no,,,,
186,warrior_three,Warrior III,Warrior III,Warrior III,movement,yoga,yoga,yoga,,,Mat,glutes; hamstrings; abs; obliques,yoga_pose,yoga_pose,breath,2,28,seconds,15,true,false,0,true,false,false,,3,false,false,standard_compound,internally_reviewed,,no,,,,
187,half_moon,Half Moon,Half Moon,Half Moon,movement,yoga,yoga,yoga,,,Mat,glutes; obliques; hamstrings,yoga_pose,yoga_pose,breath,2,28,seconds,15,true,false,0,true,false,false,,4,false,false,standard_compound,internally_reviewed,,no,,,,
188,extended_side_angle,Extended Side Angle,Extended Side Angle,Extended Side Angle,movement,yoga,yoga,yoga,,,Mat,obliques; adductors; quads,yoga_pose,yoga_pose,breath,2,45,seconds,15,true,false,0,true,false,false,,2,false,false,standard_compound,internally_reviewed,,no,,,,
189,revolved_triangle,Revolved Triangle,Revolved Triangle,Revolved Triangle,movement,mobility,yoga; mobility,yoga; mobility,,,Mat,hamstrings; obliques,yoga_pose,yoga_pose,breath,2,33,seconds,15,true,false,0,true,false,false,lumbar_flexion,3,false,false,standard_compound,internally_reviewed,,no,,,,
190,crow_pose,Crow Pose,Crow Pose,Crow Pose,movement,calisthenics,calisthenics; yoga,yoga; calisthenics,,,Mat,frontDelts; abs; obliques; forearms,skill,skill_drill,quality,4,15,seconds,60,false,false,0,true,false,false,wrist,4,false,false,standard_compound,internally_reviewed,,no,,,,
191,boat_pose,Boat Pose,Boat Pose,Boat Pose,movement,yoga,yoga,yoga,,,Mat,abs; obliques,core_anti_extension,resistance_isometric,hold,4,33,seconds,60,false,false,0,true,false,false,,2,false,false,core_braced,internally_reviewed,,no,,,,
192,camel_pose,Camel Pose,Camel Pose,Camel Pose,movement,mobility,yoga; mobility,yoga; mobility,,,Mat,chest; lowerBack,yoga_pose,yoga_pose,breath,2,30,seconds,15,false,false,0,true,false,false,knee_deep_flexion; lumbar_extension,3,false,false,standard_compound,internally_reviewed,,no,,,,
193,bow_pose,Bow Pose,Bow Pose,Bow Pose,movement,yoga,yoga,yoga,,,Mat,chest; lowerBack,yoga_pose,yoga_pose,breath,2,23,seconds,15,false,false,0,true,false,false,lumbar_extension,3,false,false,standard_compound,internally_reviewed,,no,,,,
194,locust_pose,Locust Pose,Locust Pose,Locust Pose,movement,yoga,yoga,yoga,,,Mat,lowerBack; glutes; rearDelts,yoga_pose,yoga_pose,breath,2,30,seconds,15,false,false,0,true,false,false,lumbar_extension,2,false,false,standard_compound,internally_reviewed,,no,,,,
195,seated_forward_fold,Seated Forward Fold,Seated Forward Fold,Seated Forward Fold,movement,mobility,yoga; mobility,yoga; mobility,,,Mat,hamstrings; lowerBack,yoga_pose,yoga_pose,breath,2,68,seconds,15,false,false,0,true,false,false,hip_end_range; lumbar_flexion,1,false,false,standard_compound,internally_reviewed,,no,,,,
196,butterfly_stretch,Butterfly,Butterfly,Butterfly,movement,mobility,yoga; mobility,yoga; mobility,,,Mat,adductors,mobility,mobility_drill,quality,2,68,seconds,15,false,false,0,true,false,false,hip_end_range,1,false,false,standard_compound,internally_reviewed,,no,,,,
197,happy_baby,Happy Baby,Happy Baby,Happy Baby,movement,mobility,yoga; mobility,yoga; mobility,,,Mat,adductors,mobility,mobility_drill,quality,2,45,seconds,15,false,false,0,true,false,false,hip_end_range,1,false,false,standard_compound,internally_reviewed,,no,,,,
198,supine_twist,Supine Twist,Supine Twist,Supine Twist,movement,mobility,yoga; mobility,yoga; mobility,,,Mat,obliques,mobility,mobility_drill,quality,2,45,seconds,15,true,false,0,true,false,false,,1,false,false,standard_compound,internally_reviewed,,no,,,,
199,legs_up_wall,Legs Up the Wall,Legs Up the Wall,Legs Up the Wall,movement,mobility,yoga; mobility,yoga; mobility,,,Wall · Mat,hamstrings,yoga_pose,yoga_pose,breath,2,180,seconds,15,false,false,0,true,false,false,,1,false,false,standard_compound,internally_reviewed,,no,,,,"Often the right answer on a genuinely low-recovery day, when the honest prescription is to do very little."
200,corpse_pose,Corpse Pose,Corpse Pose,Corpse Pose,movement,yoga,yoga,yoga,,,Mat,chest; upperBack; abs; glutes; quads,yoga_pose,yoga_pose,breath,2,180,seconds,15,false,false,0,true,false,false,,1,false,false,standard_compound,internally_reviewed,,no,,,,
201,chaturanga,Chaturanga,Chaturanga,Chaturanga,movement,yoga,yoga,yoga,,,Mat,triceps; chest; abs; obliques,horizontal_push,resistance_dynamic,tempo_reps,4,6,reps,60,false,false,0,true,false,false,shoulder_press; wrist,4,false,true,standard_compound,internally_reviewed,,no,,,,
202,upward_dog,Upward-Facing Dog,Upward-Facing Dog,Upward-Facing Dog,movement,yoga,yoga,yoga,,,Mat,chest; lowerBack,yoga_pose,yoga_pose,breath,2,23,seconds,15,false,false,0,true,false,false,lumbar_extension; wrist,2,false,false,standard_compound,internally_reviewed,,no,,,,
203,low_lunge,Low Lunge,Low Lunge,Low Lunge,movement,mobility,yoga; mobility,yoga; mobility,,,Mat,quads,yoga_pose,yoga_pose,breath,2,45,seconds,15,true,false,0,true,false,false,hip_end_range,1,false,false,standard_compound,internally_reviewed,,no,,,,
204,lizard_pose,Lizard Pose,Lizard Pose,Lizard Pose,movement,mobility,yoga; mobility,yoga; mobility,,,Mat,adductors,mobility,mobility_drill,quality,2,45,seconds,15,true,false,0,true,false,false,hip_end_range,2,false,false,standard_compound,internally_reviewed,,no,,,,
205,garland_pose,Garland Pose,Garland Pose,Garland Pose,movement,mobility,yoga; mobility,yoga; mobility,,,Mat,adductors; quads,yoga_pose,yoga_pose,breath,2,45,seconds,15,false,false,0,true,false,false,ankle_dorsiflexion; hip_deep_flexion; hip_end_range; knee_deep_flexion,2,false,false,standard_compound,internally_reviewed,,no,,,,
206,eagle_pose,Eagle Pose,Eagle Pose,Eagle Pose,movement,yoga,yoga,yoga,,,Mat,glutes; rearDelts,yoga_pose,yoga_pose,breath,2,30,seconds,15,true,false,0,true,false,false,hip_end_range,3,false,false,standard_compound,internally_reviewed,,no,,,,
207,dancer_pose,Dancer Pose,Dancer Pose,Dancer Pose,movement,yoga,yoga,yoga,,,Mat,chest; glutes,yoga_pose,yoga_pose,breath,2,25,seconds,15,true,false,0,true,false,false,lumbar_extension,4,false,false,standard_compound,internally_reviewed,,no,,,,
208,sled_push,Sled Push,Împins sania,ดันสเลด,movement,hiit,hyrox; hiit,conditioning; hiit,2,Sled Push,Sled,quads; glutes; calves; abs; obliques; frontDelts; triceps,conditioning,conditioning_complex,interval,4,60,seconds,60,false,true,10,true,false,false,,2,false,false,standard_compound,internally_reviewed,,no,,,,"The station that ends most first races. Legs empty in seconds, and the run after it is the one that hurts."
209,sled_pull,Sled Pull,Sled Pull,Sled Pull,movement,hiit,hyrox; hiit,conditioning; hiit,3,Sled Pull,Sled · Rope,lats; upperBack; glutes; forearms,conditioning,conditioning_complex,interval,4,60,seconds,60,false,true,10,true,false,false,,3,false,false,standard_compound,internally_reviewed,,no,,,,
210,burpee_broad_jump,Burpee Broad Jump,Burpee Broad Jump,Burpee Broad Jump,movement,hiit,hyrox; hiit,conditioning; hiit,4,Burpee Broad Jump,Floor Space,chest; upperBack; abs; glutes; quads,conditioning,conditioning_complex,interval,4,83,seconds,60,false,false,0,true,false,false,ankle_impact; knee_impact; wrist,3,false,false,standard_compound,internally_reviewed,,no,,,,"Pacing here decides the race more than fitness does. Practised at a rhythm that can be held, never sprinted."
211,sandbag_lunge,Sandbag Lunge,Sandbag Lunge,Sandbag Lunge,movement,weights,hyrox; strength; hiit; weights,conditioning; strength,7,Sandbag Lunges,Sandbag · Floor Space,quads; glutes; abs; obliques; upperBack,lunge,resistance_dynamic,tempo_reps,4,30,reps,150,true,true,5,true,false,false,knee_deep_flexion,3,false,true,standard_compound,internally_reviewed,,no,,,,
212,wall_ball,Wall Ball,Wall Ball,Wall Ball,movement,weights,hyrox; crossfit; hiit; weights,conditioning; hiit; crossfit,8,Wall Balls,Medicine Ball · Wall,quads; glutes; frontDelts; abs; obliques,squat,resistance_dynamic,tempo_reps,4,23,reps,120,false,true,2,true,false,false,ankle_dorsiflexion; hip_deep_flexion; knee_deep_flexion; shoulder_overhead,3,false,true,standard_compound,internally_reviewed,,no,,,,A squat and a press that never lets the shoulders rest. The last station of a Hyrox race for a reason.
213,thruster,Thruster,Thruster,Thruster,movement,weights,crossfit; hiit; weights,crossfit; conditioning,,,Barbell · Plates,quads; frontDelts; glutes; triceps,squat,resistance_dynamic,tempo_reps,4,9,reps,150,false,true,2.5,true,false,false,ankle_dorsiflexion; hip_deep_flexion; knee_deep_flexion; shoulder_overhead,4,false,true,standard_compound,internally_reviewed,,no,,,,
214,power_clean,Power Clean,Power Clean,Power Clean,movement,weights,olympic_weightlifting; crossfit; strength; hiit; weights,crossfit; strength,,,Barbell · Plates · Lifting Platform,glutes; hamstrings; neckTraps; quads,hip_hinge,resistance_dynamic,quality_reps,4,4,reps,120,false,true,2.5,true,false,false,lumbar_flexion; wrist,5,true,false,hamstring_eccentric,internally_reviewed,,no,,,,"Stopped on bar speed and technical quality, never on reps in reserve."
215,power_snatch,Power Snatch,Power Snatch,Power Snatch,movement,weights,olympic_weightlifting; crossfit; strength; hiit; weights,crossfit; strength,,,Barbell · Plates · Lifting Platform,glutes; hamstrings; neckTraps; frontDelts,hip_hinge,resistance_dynamic,quality_reps,4,3,reps,120,false,true,2.5,true,false,false,lumbar_flexion; shoulder_overhead; wrist,5,true,false,hamstring_eccentric,internally_reviewed,,no,,,,
216,clean_and_jerk,Clean and Jerk,Clean and Jerk,Clean and Jerk,movement,weights,olympic_weightlifting; crossfit; strength; hiit; weights,crossfit; strength,,,Barbell · Plates · Lifting Platform,glutes; quads; frontDelts; neckTraps; triceps,hip_hinge,resistance_dynamic,quality_reps,4,2,reps,150,false,true,2.5,true,false,false,lumbar_flexion; shoulder_overhead,5,true,false,standard_compound,internally_reviewed,,no,,,,
217,push_press,Push Press,Push Press,Push Press,movement,weights,crossfit; strength; hiit; weights,crossfit; strength,,,Barbell · Plates · Rack,frontDelts; triceps; quads,vertical_push,resistance_dynamic,tempo_reps,4,6,reps,120,false,true,2.5,true,false,false,shoulder_overhead,3,false,true,standard_compound,internally_reviewed,,no,,,,
218,overhead_squat,Overhead Squat,Overhead Squat,Overhead Squat,movement,weights,crossfit; hiit; weights,crossfit,,,Barbell · Plates · Rack,quads; frontDelts; abs; obliques,squat,resistance_dynamic,tempo_reps,4,6,reps,120,false,true,2.5,true,false,false,ankle_dorsiflexion; hip_deep_flexion; knee_deep_flexion; shoulder_overhead,5,true,true,standard_compound,internally_reviewed,,no,,,,
219,front_rack_lunge,Front Rack Lunge,Front Rack Lunge,Front Rack Lunge,movement,weights,crossfit; strength; hiit; weights,crossfit; strength,,,Barbell · Plates · Rack,quads; glutes; abs; obliques; upperBack,lunge,resistance_dynamic,tempo_reps,4,8,reps,120,true,true,2.5,true,false,false,knee_deep_flexion; wrist,4,false,true,standard_compound,internally_reviewed,,no,,,,
220,double_under,Double Under,Double Under,Double Under,movement,hiit,crossfit; hiit,crossfit; hiit,,,Skipping Rope,calves; forearms,conditioning,conditioning_complex,interval,4,75,seconds,60,false,false,0,true,false,false,ankle_impact; knee_impact,4,false,false,standard_compound,internally_reviewed,,no,,,,
221,single_under,Skipping,Sărit coarda,กระโดดเชือก,movement,hiit,crossfit; hiit,crossfit; hiit; conditioning,,,Skipping Rope,calves; forearms; frontDelts,conditioning,conditioning_complex,interval,4,113,seconds,60,false,false,0,true,false,false,ankle_impact; knee_impact,1,false,false,standard_compound,internally_reviewed,,no,,,,
222,toes_to_bar,Toes to Bar,Toes to Bar,Toes to Bar,movement,calisthenics,crossfit; calisthenics; hiit,crossfit; calisthenics,,,Pull Up Bar,abs; obliques; lats,core_flexion,resistance_dynamic,tempo_reps,4,9,reps,90,false,false,0,true,false,false,,4,false,true,core_braced,internally_reviewed,,no,,,,
223,kettlebell_clean,Kettlebell Clean,Kettlebell Clean,Kettlebell Clean,movement,weights,crossfit; kettlebell_sport; strength; hiit; weights,crossfit; strength; kettlebell_sport,,,Kettlebell,glutes; hamstrings; neckTraps; forearms,hip_hinge,resistance_dynamic,quality_reps,4,8,reps,90,true,true,4,true,false,false,lumbar_flexion; wrist,4,false,false,hamstring_eccentric,internally_reviewed,,yes,already_canonical,Kettlebell Clean,,
224,turkish_get_up,Turkish Get-Up,Turkish Get-Up,Turkish Get-Up,movement,weights,crossfit; strength; hiit; weights,crossfit; strength,,,Kettlebell,abs; obliques; frontDelts; glutes,skill,skill_drill,quality,4,4,reps,90,true,true,4,true,false,false,shoulder_overhead,5,true,false,standard_compound,internally_reviewed,,no,,,,
225,devils_press,Devil's Press,Devil's Press,Devil's Press,movement,weights,crossfit; hiit; weights,crossfit; hiit,,,Dumbbells,chest; upperBack; abs; glutes; quads; frontDelts,conditioning,conditioning_complex,interval,4,60,seconds,60,false,true,2,true,false,false,lumbar_flexion; shoulder_overhead,4,false,false,standard_compound,internally_reviewed,,no,,,,
226,man_maker,Man Maker,Man Maker,Man Maker,movement,weights,crossfit; hiit; weights,crossfit; hiit,,,Dumbbells,chest; upperBack; abs; glutes; quads,conditioning,conditioning_complex,interval,4,60,seconds,60,false,true,2,true,false,false,lumbar_flexion; shoulder_overhead,4,false,false,standard_compound,internally_reviewed,,no,,,,
227,sandbag_clean,Sandbag Clean,Sandbag Clean,Sandbag Clean,movement,weights,strength; hiit; weights,conditioning; strength,,,Sandbag,glutes; hamstrings; upperBack; abs; obliques,hip_hinge,resistance_dynamic,quality_reps,4,8,reps,120,false,true,5,true,false,false,lumbar_flexion,3,false,false,hamstring_eccentric,internally_reviewed,,no,,,,
228,tire_flip,Tire Flip,Tire Flip,Tire Flip,movement,hiit,hiit,conditioning,,,Tire · Outdoor Space,glutes; quads; upperBack; abs; obliques,hip_hinge,resistance_isometric,hold,4,40,seconds,150,false,false,0,true,false,false,lumbar_flexion,4,false,false,standard_compound,internally_reviewed,,no,,,,
229,bear_crawl,Bear Crawl,Bear Crawl,Bear Crawl,movement,calisthenics,crossfit; calisthenics; hiit,calisthenics; hiit; conditioning; crossfit,,,Floor Space,abs; obliques; frontDelts; quads,conditioning,conditioning_complex,interval,4,40,seconds,60,false,false,0,true,false,false,wrist,2,false,false,standard_compound,internally_reviewed,,yes,already_canonical,Bear Crawl,,
230,sled_drag,Sled Drag,Sled Drag,Sled Drag,movement,hiit,hiit,conditioning,,,Sled,quads; glutes; hamstrings,conditioning,conditioning_complex,interval,4,60,seconds,60,false,true,10,true,false,false,,1,false,false,standard_compound,internally_reviewed,,no,,,,"All concentric, so it builds legs with almost no soreness. Useful the week before a race."
231,overhead_carry,Overhead Carry,Overhead Carry,Overhead Carry,movement,weights,strength; weights,strength,,,Dumbbells · Floor Space,frontDelts; abs; obliques; neckTraps; forearms,carry,resistance_isometric,carry,4,33,seconds,90,false,true,2,true,false,false,shoulder_overhead,3,false,false,loaded_carry,internally_reviewed,,no,,,,"The most demanding carry for the shoulder, and the first one dropped when overhead is restricted."
232,front_rack_carry,Front Rack Carry,Front Rack Carry,Front Rack Carry,movement,weights,strength; weights,strength,,,Kettlebell · Floor Space,abs; obliques; upperBack; quads,carry,resistance_isometric,carry,4,45,seconds,90,false,true,4,true,false,false,,2,false,false,loaded_carry,internally_reviewed,,no,,,,
233,sandbag_carry,Sandbag Carry,Sandbag Carry,Sandbag Carry,movement,weights,strength; hiit; weights,conditioning; strength,,,Sandbag · Floor Space,abs; obliques; upperBack; glutes; forearms,carry,resistance_isometric,carry,4,60,seconds,120,false,true,5,true,false,false,lumbar_flexion,2,false,false,loaded_carry,internally_reviewed,,no,,,,"An awkward load that shifts, which is exactly why it transfers to a race and to real life."
234,yoke_walk,Yoke Walk,Yoke Walk,Yoke Walk,movement,strongman,strongman,strongman,,,Yoke · Floor Space,abs; obliques; neckTraps; quads; lowerBack,carry,resistance_isometric,carry,4,28,seconds,150,false,true,10,true,false,false,lumbar_flexion,4,false,false,loaded_carry,internally_reviewed,,no,,,,
235,zercher_carry,Zercher Carry,Zercher Carry,Zercher Carry,movement,weights,strongman; strength; weights,strongman; strength,,,Barbell · Plates · Floor Space,abs; obliques; upperBack; biceps,carry,resistance_isometric,carry,4,33,seconds,120,false,true,2.5,true,false,false,lumbar_flexion,4,false,false,loaded_carry,internally_reviewed,,no,,,,
236,waiter_walk,Waiter Walk,Waiter Walk,Waiter Walk,movement,weights,strength; weights,strength,,,Kettlebell · Floor Space,frontDelts; abs; obliques,carry,resistance_isometric,carry,4,33,seconds,60,true,true,4,true,false,false,shoulder_overhead,3,false,false,loaded_carry,internally_reviewed,,no,,,,
237,bottoms_up_carry,Bottoms-Up Carry,Bottoms-Up Carry,Bottoms-Up Carry,movement,weights,strength; weights,strength,,,Kettlebell · Floor Space,forearms; abs; obliques,carry,resistance_isometric,carry,4,28,seconds,60,true,true,4,true,false,false,,4,false,false,loaded_carry,internally_reviewed,,no,,,,Grip and shoulder stability before load. The bell falls long before the muscle does.
238,mixed_carry,Mixed Carry,Mixed Carry,Mixed Carry,movement,weights,strength; weights,strength,,,Kettlebell · Floor Space,obliques; forearms; abs; frontDelts,carry,resistance_isometric,carry,4,33,seconds,90,true,true,4,true,false,false,shoulder_overhead,3,false,false,loaded_carry,internally_reviewed,,no,,,,
239,depth_jump,Depth Jump,Depth Jump,Depth Jump,movement,hiit,strength; hiit,strength,,,Bodyweight,quads; glutes; calves,plyometric,plyometric,contacts,4,5,reps,60,false,false,0,true,false,false,ankle_impact; knee_deep_flexion; knee_impact,4,false,false,standard_compound,internally_reviewed,,no,,,,The highest-force plyometric here. Needs a real base and a landing that has been coached.
240,bounding,Bounding,Bounding,Bounding,movement,hiit,strength; hiit,strength,,,Floor Space,glutes; hamstrings; calves,plyometric,plyometric,contacts,4,28,seconds,60,true,false,0,true,false,false,ankle_impact; knee_impact,3,false,false,standard_compound,internally_reviewed,,no,,,,
241,lateral_bound,Lateral Bound,Lateral Bound,Lateral Bound,movement,hiit,strength; hiit,strength,,,Floor Space,glutes; quads; calves,plyometric,plyometric,contacts,4,6,reps,60,true,false,0,true,false,false,ankle_impact; knee_impact,3,false,false,standard_compound,internally_reviewed,,no,,,,"The only jumping in the library that trains the sideways direction, which is where a lot of knees are hurt."
242,lateral_hop,Lateral Hop,Lateral Hop,Lateral Hop,movement,hiit,strength; hiit,strength,,,Bodyweight,calves; glutes,plyometric,plyometric,contacts,4,23,seconds,60,true,false,0,true,false,false,ankle_impact; knee_impact,2,false,false,standard_compound,internally_reviewed,,no,,,,
243,pogo_hop,Pogo Hop,Pogo Hop,Pogo Hop,movement,hiit,strength; hiit,strength,,,Bodyweight,calves,plyometric,plyometric,contacts,4,28,seconds,60,false,false,0,true,false,false,ankle_impact; knee_impact,2,false,false,standard_compound,internally_reviewed,,no,,,,"Stiff ankles, quick ground contact. The gentlest entry into jumping and the best preparation for running."
244,tuck_jump,Tuck Jump,Tuck Jump,Tuck Jump,movement,hiit,strength; hiit,strength; hiit,,,Bodyweight,quads; calves,plyometric,plyometric,contacts,4,6,reps,60,false,false,0,true,false,false,ankle_impact; knee_impact,3,false,false,standard_compound,internally_reviewed,,no,,,,
245,split_jump,Split Jump,Split Jump,Split Jump,movement,hiit,strength; hiit,strength,,,Bodyweight,quads; glutes,plyometric,plyometric,contacts,4,6,reps,60,true,false,0,true,false,false,ankle_impact; knee_impact,3,false,false,standard_compound,internally_reviewed,,no,,,,
246,single_leg_hop,Single-Leg Hop,Single-Leg Hop,Single-Leg Hop,movement,hiit,strength; hiit,strength,,,Floor Space,calves; quads; glutes,plyometric,plyometric,contacts,4,7,reps,60,true,false,0,true,false,false,ankle_impact; knee_impact,3,false,false,standard_compound,internally_reviewed,,no,,,,
247,hurdle_hop,Hurdle Hop,Hurdle Hop,Hurdle Hop,movement,hiit,strength; hiit,strength,,,Bodyweight,quads; calves,plyometric,plyometric,contacts,4,8,reps,60,false,false,0,true,false,false,ankle_impact; knee_impact,3,false,false,standard_compound,internally_reviewed,,no,,,,
248,medicine_ball_slam,Medicine Ball Slam,Medicine Ball Slam,Medicine Ball Slam,movement,weights,strength; hiit; weights,strength; hiit,,,Medicine Ball,abs; obliques; lats; frontDelts,plyometric,plyometric,contacts,4,9,reps,60,false,true,2,true,false,false,ankle_impact; knee_impact; lumbar_flexion,2,false,false,standard_compound,internally_reviewed,,no,,,,
249,medicine_ball_chest_pass,Medicine Ball Chest Pass,Medicine Ball Chest Pass,Medicine Ball Chest Pass,movement,weights,strength; hiit; weights,strength,,,Medicine Ball · Wall,chest; triceps; abs; obliques,plyometric,plyometric,contacts,4,8,reps,60,false,true,2,true,false,false,ankle_impact; knee_impact,2,false,false,standard_compound,internally_reviewed,,no,,,,
250,medicine_ball_rotational_throw,Rotational Throw,Rotational Throw,Rotational Throw,movement,weights,strength; hiit; weights,strength,,,Medicine Ball · Wall,obliques; abs; chest,plyometric,plyometric,contacts,4,8,reps,60,true,true,2,true,false,false,ankle_impact; knee_impact; lumbar_flexion,3,false,false,standard_compound,internally_reviewed,,no,,,,The only true rotational power movement here. Slow and controlled defeats the point.
251,broad_jump_repeat,Repeat Broad Jump,Repeat Broad Jump,Repeat Broad Jump,movement,hiit,strength; hiit,strength,,,Floor Space,glutes; quads; hamstrings,plyometric,plyometric,contacts,4,5,reps,60,false,false,0,true,false,false,ankle_impact; knee_impact,3,false,false,standard_compound,internally_reviewed,,no,,,,
252,landmine_rotation,Landmine Rotation,Landmine Rotation,Landmine Rotation,movement,weights,strength; weights,strength,,,Landmine · Barbell,obliques; abs; frontDelts,core_anti_rotation,resistance_dynamic,tempo_reps,4,10,reps,60,false,true,2.5,true,false,false,lumbar_flexion,3,false,true,core_braced,internally_reviewed,,no,,,,
253,cable_chop,Cable Chop,Cable Chop,Cable Chop,movement,machine,strength; machine,strength,,,Cable Stack,obliques; abs; lats,core_anti_rotation,resistance_dynamic,tempo_reps,4,13,reps,60,true,true,1,true,false,false,,2,false,true,core_braced,internally_reviewed,,no,,,,
254,cable_lift,Cable Lift,Cable Lift,Cable Lift,movement,machine,strength; machine,strength,,,Cable Stack,obliques; abs; frontDelts,core_anti_rotation,resistance_dynamic,tempo_reps,4,13,reps,60,true,true,1,true,false,false,shoulder_overhead,2,false,true,core_braced,internally_reviewed,,no,,,,
255,renegade_row,Renegade Row,Renegade Row,Renegade Row,movement,weights,strength; weights,strength,,,Dumbbells,abs; obliques; lats; frontDelts,core_anti_rotation,resistance_dynamic,tempo_reps,4,8,reps,90,true,true,2,true,false,false,wrist,3,false,true,core_braced,internally_reviewed,,no,,,,
256,suitcase_deadlift,Suitcase Deadlift,Suitcase Deadlift,Suitcase Deadlift,movement,weights,strength; weights,strength,,,Dumbbells,obliques; glutes; forearms; lowerBack,core_anti_rotation,resistance_dynamic,tempo_reps,4,8,reps,90,true,true,2,true,false,false,lumbar_flexion,3,false,true,core_braced,internally_reviewed,,no,,,,
257,half_kneeling_press,Half-Kneeling Press,Half-Kneeling Press,Half-Kneeling Press,movement,weights,strength; weights,strength,,,Dumbbells,abs; obliques; frontDelts,core_anti_rotation,resistance_dynamic,tempo_reps,4,10,reps,60,true,true,2,true,false,false,shoulder_overhead,2,false,true,core_braced,internally_reviewed,,no,,,,
258,plank_pull_through,Plank Pull-Through,Plank Pull-Through,Plank Pull-Through,movement,weights,strength; weights,strength,,,Dumbbells,abs; obliques; frontDelts,core_anti_rotation,resistance_dynamic,tempo_reps,4,11,reps,60,true,true,2,true,false,false,wrist,2,false,true,core_braced,internally_reviewed,,no,,,,
259,bird_dog_row,Bird-Dog Row,Bird-Dog Row,Bird-Dog Row,movement,weights,strength; weights,strength,,,Dumbbells · Bench,abs; obliques; lats,core_anti_rotation,resistance_dynamic,tempo_reps,4,10,reps,60,true,true,2,true,false,false,,3,false,true,core_braced,internally_reviewed,,no,,,,
260,single_arm_dumbbell_press,Single-Arm Dumbbell Press,Single-Arm Dumbbell Press,Single-Arm Dumbbell Press,movement,weights,strength; weights,strength,,,Dumbbells,frontDelts; abs; obliques; triceps,vertical_push,resistance_dynamic,tempo_reps,4,10,reps,90,true,true,2,true,false,false,shoulder_overhead,2,false,true,standard_compound,internally_reviewed,,no,,,,"The answer when one shoulder is restricted and the other is fine, which a bilateral press cannot serve."
261,single_arm_floor_press,Single-Arm Floor Press,Single-Arm Floor Press,Single-Arm Floor Press,movement,weights,strength; weights,strength,,,Dumbbells,chest; triceps; abs; obliques,horizontal_push,resistance_dynamic,tempo_reps,4,10,reps,60,true,true,2,true,false,false,,2,false,true,standard_compound,internally_reviewed,,no,,,,
262,single_arm_bench_press,Single-Arm Dumbbell Bench Press,Single-Arm Dumbbell Bench Press,Single-Arm Dumbbell Bench Press,movement,weights,strength; weights,strength,,,Dumbbells · Bench,chest; abs; obliques; triceps,horizontal_push,resistance_dynamic,tempo_reps,4,10,reps,90,true,true,2,true,false,false,shoulder_press,3,false,true,standard_compound,internally_reviewed,,no,,,,
263,single_arm_landmine_press,Single-Arm Landmine Press,Single-Arm Landmine Press,Single-Arm Landmine Press,movement,weights,strength; weights,strength,,,Landmine · Barbell,frontDelts; chest; abs; obliques,vertical_push,resistance_dynamic,tempo_reps,4,10,reps,90,true,true,2.5,true,false,false,,2,false,true,standard_compound,internally_reviewed,,no,,,,
264,single_arm_machine_press,Single-Arm Machine Press,Single-Arm Machine Press,Single-Arm Machine Press,movement,machine,strength; machine,strength,,,Chest Press Machine,chest; triceps,horizontal_push,resistance_dynamic,tempo_reps,4,13,reps,60,true,true,2.5,true,false,false,,1,false,true,standard_compound,internally_reviewed,,no,,,,
265,arnold_press,Arnold Press,Împins Arnold,อาร์โนลด์เพรส,movement,weights,strength; weights,strength,,,Dumbbells · Adjustable Bench,frontDelts; sideDelts; triceps,vertical_push,resistance_dynamic,tempo_reps,4,10,reps,90,false,true,2,true,false,false,shoulder_overhead,3,false,true,standard_compound,internally_reviewed,,no,,,,
266,front_raise,Front Raise,Front Raise,Front Raise,movement,weights,strength; weights,strength,,,Dumbbells,frontDelts,isolation_upper,resistance_dynamic,tempo_reps,3,13,reps,60,false,true,1,true,false,false,shoulder_overhead,1,false,true,single_joint,internally_reviewed,,no,,,,
267,svend_press,Svend Press,Svend Press,Svend Press,movement,weights,strength; weights,strength,,,Plates,chest,isolation_upper,resistance_dynamic,tempo_reps,3,16,reps,60,false,true,1.25,true,false,false,,1,false,true,single_joint,internally_reviewed,,no,,,,
268,decline_press,Decline Press,Decline Press,Decline Press,movement,weights,strength; weights,strength,,,Dumbbells · Adjustable Bench,chest; triceps,horizontal_push,resistance_dynamic,tempo_reps,4,10,reps,90,false,true,2,true,false,false,,2,false,true,standard_compound,internally_reviewed,,no,,,,
269,ab_wheel_rollout,Ab-Wheel Rollout,Abdomene cu roata abdominală,ลูกกลิ้งหน้าท้อง,movement,strength,strength,strength,,,Ab Wheel,abs; obliques; lats; frontDelts; lowerBack,core_anti_extension,resistance_dynamic,tempo_reps,4,8,reps,90,false,false,0,true,false,false,lumbar_extension; shoulder_overhead,4,false,true,core_braced,internally_reviewed,,no,,,abs; abdominals,The lower back gives out before the abs do if the range is rushed. Extend only as far as the ribs stay down.
270,reverse_crunch,Reverse Crunch,Abdomene inverse,รีเวิร์สครันช์,movement,strength,strength,strength,,,Mat,abs; obliques,core_flexion,resistance_dynamic,tempo_reps,4,15,reps,60,false,false,0,true,false,false,,1,false,true,core_braced,internally_reviewed,,no,,,abs; abdominals,"Curl the pelvis rather than swinging the legs, which is what turns this into hip flexor work."
271,decline_sit_up,Decline Sit-Up,Abdomene pe bancă declinată,ซิตอัพบนม้านั่งลาด,movement,strength,strength,strength,,,Adjustable Bench,abs; obliques,core_flexion,resistance_dynamic,tempo_reps,4,12,reps,90,false,true,2.5,true,false,false,lumbar_flexion,2,false,true,core_braced,internally_reviewed,,no,,,abs; abdominals,
272,front_lever_row,Front Lever Row,Ramat în front lever,ฟรอนต์ลีเวอร์โรว์,movement,calisthenics,street; calisthenics,calisthenics,,,Pull Up Bar,lats; abs; obliques; biceps; upperBack; rearDelts,horizontal_pull,resistance_dynamic,tempo_reps,4,5,reps,120,false,false,0,true,false,false,,5,true,true,standard_compound,internally_reviewed,,no,,,,A straight-body pull that the core fails long before the back does.
273,human_flag_progression,Human Flag Progression,Progresie steagul uman,ฝึกฮิวแมนแฟลก,movement,calisthenics,street; calisthenics,calisthenics,,,Pull Up Bar,obliques; lats; frontDelts; sideDelts; abs; forearms,skill,skill_drill,quality,4,13,seconds,120,false,false,0,true,false,false,,5,true,false,standard_compound,internally_reviewed,,no,,,,
274,worlds_greatest_stretch,World's Greatest Stretch,Întinderea completă a corpului,เวิลด์เกรเทสต์สเตรตช์,movement,mobility,mobility,mobility,,,Floor Space,hamstrings; adductors; glutes; obliques; lowerBack,mobility,mobility_drill,quality,2,6,reps,15,true,false,0,true,false,false,,2,false,false,standard_compound,internally_reviewed,,no,,,,"Covers hip, thoracic spine and hamstring in one sequence, which is why it survives a warm-up nobody has time for."
275,band_shoulder_dislocate,Band Shoulder Dislocate,Mobilizare umeri cu banda,หมุนไหล่ด้วยยางยืด,movement,mobility,mobility,mobility,,,Bands,frontDelts; rearDelts; upperBack,mobility,mobility_drill,quality,2,10,reps,15,false,false,0,true,false,false,shoulder_overhead,2,false,false,standard_compound,internally_reviewed,,no,,,,Hands wide enough that the shoulders never shrug up to get around. Narrowing the grip is the progression.
276,lower_body_foam_roll,Lower-Body Foam Roll,Foam rolling pentru partea inferioară,โฟมโรลช่วงล่าง,movement,mobility,mobility,mobility,,,Foam Roller,quads; calves; glutes; hamstrings,mobility,mobility_drill,quality,2,45,seconds,15,false,false,0,true,false,false,,1,false,false,standard_compound,internally_reviewed,,no,,,,Useful for how it feels afterwards rather than for changing the tissue. Short and unhurried beats grinding.
277,single_leg_stand,Single-Leg Stand,Single-Leg Stand,Single-Leg Stand,movement,mobility,balance; mobility,balance; mobility,,,Bodyweight,glutes; abs; obliques,balance,balance_drill,quality,2,33,seconds,30,true,false,0,true,false,false,,1,false,false,standard_compound,internally_reviewed,,no,,,,"Timed per side, eyes open first. Progress by closing the eyes, not by adding time past a minute."
278,tandem_stance,Tandem Stance,Tandem Stance,Tandem Stance,movement,balance,balance,balance,,,Bodyweight,abs; obliques,balance,balance_drill,quality,2,40,seconds,30,false,false,0,true,false,false,,1,false,false,standard_compound,internally_reviewed,,no,,,,"Heel to toe, both feet down. The regression when a single-leg stand is not yet holdable for twenty seconds."
279,heel_toe_walk,Heel-to-Toe Walk,Heel-to-Toe Walk,Heel-to-Toe Walk,movement,balance,balance,balance,,,Floor Space,abs; obliques; glutes,balance,balance_drill,quality,2,15,steps,30,false,false,0,true,false,false,,2,false,false,standard_compound,internally_reviewed,,no,,,,
280,single_leg_reach,Single-Leg Reach,Single-Leg Reach,Single-Leg Reach,movement,balance,balance,balance,,,Floor Space,glutes; hamstrings,balance,balance_drill,quality,2,8,reps,30,true,false,0,true,false,false,,2,false,false,standard_compound,internally_reviewed,,no,,,,"Reaching forward, then diagonally, then across. Trains the hip in the directions a stumble actually happens in."
281,airplane_balance,Airplane Balance,Airplane Balance,Airplane Balance,movement,yoga,yoga; balance,balance; yoga,,,Floor Space,glutes; hamstrings,balance,balance_drill,quality,2,23,seconds,30,true,false,0,true,false,false,,3,false,false,standard_compound,internally_reviewed,,no,,,,
282,eyes_closed_balance,"Single-Leg Stand, Eyes Closed","Single-Leg Stand, Eyes Closed","Single-Leg Stand, Eyes Closed",movement,balance,balance,balance,,,Wall,abs; obliques,balance,balance_drill,quality,2,20,seconds,30,true,false,0,true,false,false,,3,false,false,standard_compound,internally_reviewed,,no,,,,Removing vision removes the sense most people were leaning on. Stand within reach of a wall.
283,step_down_control,Controlled Step-Down,Controlled Step-Down,Controlled Step-Down,movement,balance,strength; balance,balance; strength,,,Bodyweight,quads; glutes,balance,balance_drill,quality,2,9,reps,30,true,false,0,true,false,false,,2,false,false,standard_compound,internally_reviewed,,no,,,,"The eccentric half of a step-up, which is the half that stops a fall on stairs."
284,bent_over_dumbbell_row,Bent-Over Dumbbell Row,Bent-Over Dumbbell Row,Bent-Over Dumbbell Row,movement,weights,strength; weights,strength,,,Dumbbells,lats; biceps; rearDelts,horizontal_pull,resistance_dynamic,tempo_reps,4,10,reps,90,false,true,2,true,false,false,lumbar_flexion,2,false,true,standard_compound,internally_reviewed,,no,,,,"Both dumbbells, hinged and held. Needs no bench, which is the entire point of it being here."
285,kettlebell_bent_over_row,Bent-Over Kettlebell Row,Bent-Over Kettlebell Row,Bent-Over Kettlebell Row,movement,weights,strength; weights,strength,,,Kettlebell,lats; biceps; rearDelts,horizontal_pull,resistance_dynamic,tempo_reps,4,10,reps,90,false,true,4,true,false,false,lumbar_flexion,2,false,true,standard_compound,internally_reviewed,,no,,,,
286,band_bent_over_row,Bent-Over Band Row,Bent-Over Band Row,Bent-Over Band Row,movement,strength,strength,strength,,,Bands,lats; biceps; rearDelts,horizontal_pull,resistance_dynamic,tempo_reps,4,16,reps,60,false,false,0,true,false,false,,1,false,true,standard_compound,internally_reviewed,,no,,,,"Standing on the band, so it needs no anchor point and works in a hotel room."
287,prone_floor_row,Prone Floor Row,Prone Floor Row,Prone Floor Row,movement,strength,strength,strength,,,Mat,rearDelts; lats,horizontal_pull,resistance_dynamic,tempo_reps,3,13,reps,60,false,false,0,true,false,false,,1,false,true,standard_compound,internally_reviewed,,no,,,,"Face down, arms dragging along the floor. Almost no load, but it is a genuine horizontal pull for someone who owns nothing."
288,table_row,Table Row,Table Row,Table Row,movement,strength,strength,strength,,,Floor Space,lats; biceps; abs; obliques,horizontal_pull,resistance_dynamic,tempo_reps,4,9,reps,90,false,false,0,true,false,false,,2,false,true,standard_compound,internally_reviewed,,no,,,,"Under a sturdy table, gripping the edge. The honest bodyweight horizontal pull when there is no bar."
289,towel_door_row,Towel Door Row,Towel Door Row,Towel Door Row,movement,strength,strength,strength,,,Towel,lats; biceps; forearms,horizontal_pull,resistance_dynamic,tempo_reps,4,12,reps,60,false,false,0,true,false,false,,1,false,true,standard_compound,internally_reviewed,,no,,,,"Towel round a closed door handle, leaning back. Load is set by foot position, so it scales without any kit."
290,band_lat_pullover,Band Lat Pullover,Band Lat Pullover,Band Lat Pullover,movement,strength,strength,strength,,,Bands,lats; triceps; abs; obliques,vertical_pull,resistance_dynamic,tempo_reps,3,16,reps,60,false,false,0,true,false,false,,1,false,true,standard_compound,internally_reviewed,,no,,,,"Band under the feet, arms sweeping overhead to the hips. Loads the lats in the vertical plane without an anchor."
291,dumbbell_pullover,Dumbbell Pullover,Dumbbell Pullover,Dumbbell Pullover,movement,weights,strength; weights,strength,,,Dumbbells · Bench,lats; triceps,vertical_pull,resistance_dynamic,tempo_reps,3,13,reps,60,false,true,2,true,false,false,shoulder_overhead,2,false,true,standard_compound,internally_reviewed,,no,,,,The only vertical-plane lat loader available to a dumbbell-and-bench kit.
292,floor_pullover,Floor Pullover,Floor Pullover,Floor Pullover,movement,weights,strength; weights,strength,,,Bodyweight,lats; triceps; abs; obliques,vertical_pull,resistance_dynamic,tempo_reps,3,13,reps,60,false,true,2,true,false,false,shoulder_overhead,1,false,true,standard_compound,internally_reviewed,,no,,,,"Lying on the floor, so the range stops where the floor does. Less range than the bench version and the only vertical-plane lat work a dumbbell-only kit has."
293,towel_door_pulldown,Towel Door Pulldown,Towel Door Pulldown,Towel Door Pulldown,movement,strength,strength,strength,,,Towel,lats; biceps; forearms,vertical_pull,resistance_dynamic,tempo_reps,3,15,reps,60,false,false,0,true,false,false,,1,false,true,standard_compound,internally_reviewed,,no,,,,"Towel over the top of a closed door, kneeling. Self-resisted, so the load is honest about being modest."
294,band_straight_arm_pulldown,Band Straight-Arm Pulldown,Band Straight-Arm Pulldown,Band Straight-Arm Pulldown,movement,strength,strength,strength,,,Bands,lats; triceps; abs; obliques,vertical_pull,resistance_dynamic,tempo_reps,3,16,reps,60,false,false,0,true,false,false,,1,false,true,standard_compound,internally_reviewed,,no,,,,
295,wall_sit,Wall Sit,Wall Sit,Wall Sit,movement,strength,strength,strength,,,Wall,quads; glutes,squat,resistance_isometric,hold,3,60,seconds,60,false,false,0,true,false,false,,1,false,false,standard_compound,internally_reviewed,,yes,already_canonical,Wall Sit,,"Progresses by time and by moving the feet forward, so it keeps working long after bodyweight squats stop counting."
296,cossack_squat,Cossack Squat,Cossack Squat,Cossack Squat,movement,mobility,strength; mobility,strength; mobility,,,Floor Space,quads; adductors; glutes,squat,resistance_dynamic,tempo_reps,4,8,reps,90,true,false,0,true,false,false,ankle_dorsiflexion; groin; hip_deep_flexion; knee_deep_flexion,3,false,true,standard_compound,internally_reviewed,,no,,,,"The only common squat that trains the frontal plane, which is where most people have no strength at all."
297,lateral_lunge,Lateral Lunge,Lateral Lunge,Lateral Lunge,movement,strength,strength,strength,,,Floor Space,adductors; glutes; quads,lunge,resistance_dynamic,tempo_reps,4,10,reps,60,true,false,0,true,false,false,groin,2,false,true,standard_compound,internally_reviewed,,no,,,,
298,shrimp_squat,Shrimp Squat,Shrimp Squat,Shrimp Squat,movement,calisthenics,strength; calisthenics,calisthenics; strength,,,Floor Space,quads; glutes; abs; obliques,squat,resistance_dynamic,tempo_reps,4,6,reps,120,true,false,0,true,false,false,ankle_dorsiflexion; hip_deep_flexion; knee_deep_flexion,4,false,true,standard_compound,internally_reviewed,,yes,already_canonical,Shrimp Squat,,"The single-leg squat that needs no balance beam and no ankle mobility miracle, unlike the pistol."
299,chair_step_up,Chair Step-Up,Chair Step-Up,Chair Step-Up,movement,strength,strength,strength,,,Chair,quads; glutes; calves,lunge,resistance_dynamic,tempo_reps,4,12,reps,60,true,false,0,true,false,false,,1,false,true,standard_compound,internally_reviewed,,no,,,,The hotel-room lower-body loader. A desk chair is not one: it has to be a chair that cannot roll.
300,single_leg_glute_bridge,Single-Leg Glute Bridge,Podul fesier pe un picior,สะพานก้นขาเดียว,movement,strength,strength,strength,,,Mat,glutes; hamstrings; abs; obliques,hip_hinge,resistance_dynamic,tempo_reps,4,12,reps,60,true,false,0,true,false,false,,2,false,true,glute_lockout,internally_reviewed,,no,,,,"Roughly doubles the load on a bridge without adding a gram, which is the whole trick of unilateral work."
301,nordic_eccentric,"Nordic Curl, Eccentric","Nordic Curl, Eccentric","Nordic Curl, Eccentric",movement,strength,strength,strength,,,Mat · Anchor For Feet,hamstrings; glutes; calves,hip_hinge,resistance_dynamic,tempo_reps,4,5,reps,120,false,false,0,true,false,false,knee_deep_flexion,4,false,true,hamstring_eccentric,internally_reviewed,,no,,,,"The best-evidenced hamstring-injury reducer there is, and brutally hard on the first attempt. Lowered slowly, hands ready to catch."
302,hamstring_walkout,Hamstring Walkout,Hamstring Walkout,Hamstring Walkout,movement,strength,strength,strength,,,Mat,hamstrings; glutes; abs; obliques,hip_hinge,resistance_dynamic,tempo_reps,4,8,reps,90,false,false,0,true,false,false,,2,false,true,hamstring_eccentric,internally_reviewed,,no,,,,"From a bridge, walking the heels out and back. The regression that makes the Nordic reachable."
303,band_good_morning,Band Good Morning,Band Good Morning,Band Good Morning,movement,strength,strength,strength,,,Bands,hamstrings; glutes,hip_hinge,resistance_dynamic,tempo_reps,4,16,reps,60,false,false,0,true,false,false,lumbar_flexion,2,false,true,hamstring_eccentric,internally_reviewed,,no,,,,Band round the neck and under the feet. Teaches the hinge with the resistance in the right place and nothing to drop.
304,band_overhead_press,Band Overhead Press,Band Overhead Press,Band Overhead Press,movement,strength,strength,strength,,,Bands,frontDelts; triceps; abs; obliques,vertical_push,resistance_dynamic,tempo_reps,4,16,reps,60,false,false,0,true,false,false,shoulder_overhead,1,false,true,standard_compound,internally_reviewed,,no,,,,"Standing on the band. The resistance rises through the range, which happens to match where the shoulder is strongest."
305,wall_walk,Wall Walk,Wall Walk,Wall Walk,movement,calisthenics,calisthenics; hiit,calisthenics; conditioning,,,Wall · Floor Space,frontDelts; triceps; abs; obliques,vertical_push,resistance_dynamic,tempo_reps,4,5,reps,120,false,false,0,true,false,false,shoulder_overhead; wrist,3,false,true,standard_compound,internally_reviewed,,no,,,,
306,backpack_carry,Loaded Backpack Carry,Loaded Backpack Carry,Loaded Backpack Carry,movement,weights,strength; weights,strength,,,Backpack,abs; obliques; forearms; neckTraps; glutes,carry,resistance_isometric,carry,4,45,seconds,60,false,true,2,true,false,false,,1,false,false,loaded_carry,internally_reviewed,,no,,,,Books and water bottles are a perfectly good load. The carry pattern is too useful to reserve for people who own handles.
307,suitcase_hold,Suitcase Hold,Suitcase Hold,Suitcase Hold,movement,weights,strength; weights,strength,,,Bodyweight,obliques; forearms; neckTraps,carry,resistance_isometric,carry,4,33,seconds,60,true,true,2,true,false,false,,1,false,false,loaded_carry,internally_reviewed,,no,,,,Standing still under an uneven load. The version for anyone without twenty metres of floor.
308,tibialis_raise,Tibialis Raise,Tibialis Raise,Tibialis Raise,movement,strength,strength,strength,,,Wall,,isolation_lower,resistance_dynamic,tempo_reps,3,20,reps,60,false,false,0,true,false,false,,1,false,true,grip_and_small,internally_reviewed,,no,,,,"The muscle on the front of the shin, which almost nobody trains and which is implicated in shin splints and in slowing down safely."
309,heel_walk,Heel Walk,Heel Walk,Heel Walk,movement,strength,strength,strength,,,Floor Space,,isolation_lower,resistance_dynamic,distance,3,23,steps,60,false,false,0,true,false,false,,1,false,false,grip_and_small,internally_reviewed,,no,,,,
310,short_foot,Short Foot Drill,Short Foot Drill,Short Foot Drill,movement,mobility,balance; mobility,mobility; balance,,,Bodyweight,,isolation_lower,skill_drill,quality,3,20,seconds,60,false,false,0,true,false,false,,2,false,false,grip_and_small,internally_reviewed,,no,,,,Drawing the ball of the foot toward the heel without curling the toes. Feels like nothing and changes how a single-leg stand behaves.
311,plate_pinch,Plate Pinch,Plate Pinch,Plate Pinch,movement,weights,strength; weights,strength,,,Plates,forearms,isolation_upper,resistance_isometric,hold,3,33,seconds,60,false,true,1.25,true,false,false,,1,false,false,grip_and_small,internally_reviewed,,no,,,,"Pinch grip, which is the one that fails first on a deadlift and never gets trained by straps."
312,towel_hang,Towel Hang,Towel Hang,Towel Hang,movement,strength,strength,strength,,,Pull Up Bar · Towel,forearms; lats,isolation_upper,resistance_isometric,hold,3,28,seconds,60,false,false,0,true,false,false,,2,false,false,grip_and_small,internally_reviewed,,no,,,,
313,wrist_roller,Wrist Roller,Wrist Roller,Wrist Roller,movement,weights,strength; weights,strength,,,Rope · Plates,forearms,isolation_upper,resistance_dynamic,distance,3,3,rounds,60,false,true,1.25,true,false,false,,1,false,false,grip_and_small,internally_reviewed,,no,,,,
314,neck_isometric,Neck Isometric,Neck Isometric,Neck Isometric,movement,strength,strength,strength,,,Bodyweight,,isolation_upper,resistance_isometric,hold,3,15,seconds,60,false,false,0,true,false,false,,1,false,false,grip_and_small,internally_reviewed,,no,,,,Hand-resisted in four directions. Relevant to contact sports and to anyone whose neck complains under a loaded carry.
315,chin_tuck,Chin Tuck,Chin Tuck,Chin Tuck,movement,mobility,mobility,mobility,,,Bodyweight,,isolation_upper,mobility_drill,quality,2,8,seconds,15,false,false,0,true,false,false,,1,false,false,grip_and_small,internally_reviewed,,no,,,,
316,side_plank_knees,Side Plank from Knees,Side Plank from Knees,Side Plank from Knees,movement,strength,strength,strength,,,Mat,obliques; glutes,core_anti_lateral_flexion,resistance_isometric,hold,4,33,seconds,60,true,false,0,true,false,false,,1,false,false,core_braced,internally_reviewed,,no,,,,
317,dumbbell_side_bend,Dumbbell Side Bend,Dumbbell Side Bend,Dumbbell Side Bend,movement,weights,strength; weights,strength,,,Dumbbells,obliques,core_anti_lateral_flexion,resistance_dynamic,tempo_reps,3,13,reps,60,false,true,2,true,false,false,,1,false,true,core_braced,internally_reviewed,,no,,,,"Loaded on one side only. Trains the side that resists, not the side that bends."
318,kettlebell_turkish_get_up,Kettlebell Turkish Get-Up,Kettlebell Turkish Get-Up,Kettlebell Turkish Get-Up,movement,weights,kettlebell_sport; strength; weights,strength; kettlebell_sport,,,Kettlebell,chest; upperBack; abs; glutes; quads; obliques; frontDelts,lunge,resistance_dynamic,tempo_reps,4,9,reps,90,false,true,2,true,false,false,knee_deep_flexion; shoulder_overhead; shoulder_press,4,false,true,standard_compound,internally_reviewed,acsm_resistance_2002; acsm_resistance_2026; ace_kettlebell_study,yes,enriched_from_review_queue,Kettlebell Turkish Get-Up,,"Controlled resistance repetitions; use the APEX tempo for this movement family and stop before technique changes. Evidence: acsm_resistance_2002, acsm_resistance_2026, ace_kettlebell_study."
319,half_turkish_get_up,Half Turkish Get-Up,Half Turkish Get-Up,Half Turkish Get-Up,movement,weights,strength; weights,strength,,,Kettlebell,chest; upperBack; abs; glutes; quads; obliques; frontDelts,lunge,resistance_dynamic,tempo_reps,4,9,reps,90,false,true,2,true,false,false,knee_deep_flexion; shoulder_overhead; shoulder_press,2,false,true,standard_compound,internally_reviewed,acsm_resistance_2002; acsm_resistance_2026; ace_kettlebell_study,yes,enriched_from_review_queue,Half Turkish Get-Up,,"Controlled resistance repetitions; use the APEX tempo for this movement family and stop before technique changes. Evidence: acsm_resistance_2002, acsm_resistance_2026, ace_kettlebell_study."
320,kettlebell_windmill,Kettlebell Windmill,Kettlebell Windmill,Kettlebell Windmill,movement,weights,kettlebell_sport; strength; weights,strength; kettlebell_sport,,,Kettlebell,obliques; hamstrings; glutes,hip_hinge,resistance_dynamic,tempo_reps,4,9,reps,90,false,true,2,true,false,false,lumbar_flexion,4,false,true,hamstring_eccentric,internally_reviewed,acsm_resistance_2002; acsm_resistance_2026; ace_kettlebell_study,yes,enriched_from_review_queue,Kettlebell Windmill,,"Controlled resistance repetitions; use the APEX tempo for this movement family and stop before technique changes. Evidence: acsm_resistance_2002, acsm_resistance_2026, ace_kettlebell_study."
321,kettlebell_around_the_world,Kettlebell Around-the-World,Kettlebell Around-the-World,Kettlebell Around-the-World,movement,weights,strength; weights,strength,,,Kettlebell,abs; obliques,core_flexion,resistance_dynamic,tempo_reps,4,12,reps,60,false,true,2,true,false,false,,2,false,true,core_braced,internally_reviewed,acsm_resistance_2002; acsm_resistance_2026; ace_kettlebell_study,yes,enriched_from_review_queue,Kettlebell Around-the-World,,"Controlled resistance repetitions; use the APEX tempo for this movement family and stop before technique changes. Evidence: acsm_resistance_2002, acsm_resistance_2026, ace_kettlebell_study."
322,kettlebell_halo,Kettlebell Halo,Kettlebell Halo,Kettlebell Halo,movement,weights,mobility; weights,mobility,,,Kettlebell,lats,mobility,mobility_drill,quality,2,20,seconds,15,false,true,2,true,false,false,shoulder_overhead,1,false,false,standard_compound,internally_reviewed,aha_flexibility; ace_kettlebell_study,yes,enriched_from_review_queue,Kettlebell Halo,,"Move slowly into a comfortable, pain-free range; hold 10–30 seconds and never bounce. Evidence: aha_flexibility, ace_kettlebell_study."
323,kettlebell_figure_8,Kettlebell Figure-8,Kettlebell Figure-8,Kettlebell Figure-8,movement,weights,hiit; weights,conditioning,,,Kettlebell,hamstrings; glutes; lowerBack; abs; obliques,hip_hinge,conditioning_complex,interval,4,30,seconds,60,false,true,2,true,false,false,lumbar_flexion,2,false,false,hamstring_eccentric,internally_reviewed,acsm_resistance_2002; acsm_resistance_2026; ace_kettlebell_study,yes,enriched_from_review_queue,Kettlebell Figure-8,,"Controlled resistance repetitions; use the APEX tempo for this movement family and stop before technique changes. Evidence: acsm_resistance_2002, acsm_resistance_2026, ace_kettlebell_study."
324,kettlebell_figure_8_to_hold,Kettlebell Figure-8 to Hold,Kettlebell Figure-8 to Hold,Kettlebell Figure-8 to Hold,movement,weights,hiit; weights,conditioning,,,Kettlebell,hamstrings; glutes; lowerBack; abs; obliques,hip_hinge,conditioning_complex,interval,4,30,seconds,60,false,true,2,true,false,false,lumbar_flexion,2,false,false,hamstring_eccentric,internally_reviewed,acsm_resistance_2002; acsm_resistance_2026; ace_kettlebell_study,yes,enriched_from_review_queue,Kettlebell Figure-8 to Hold,,"Controlled resistance repetitions; use the APEX tempo for this movement family and stop before technique changes. Evidence: acsm_resistance_2002, acsm_resistance_2026, ace_kettlebell_study."
325,dual_kettlebell_clean,Dual-Kettlebell Clean,Dual-Kettlebell Clean,Dual-Kettlebell Clean,movement,weights,crossfit; kettlebell_sport; strength; hiit; weights,strength; crossfit; kettlebell_sport,,,Kettlebell,hamstrings; glutes; lowerBack; abs; obliques,hip_hinge,resistance_dynamic,quality_reps,4,5,reps,120,false,true,2,true,false,false,lumbar_flexion,3,false,false,hamstring_eccentric,internally_reviewed,acsm_resistance_2002; acsm_resistance_2026; ace_kettlebell_study; ace_kettlebell_swing; ikmf_kettlebell_rules,yes,enriched_from_review_queue,Dual-Kettlebell Clean,,"Explosive quality repetitions: no artificial lifting cadence; stop when speed, catch or fixation changes. Evidence: acsm_resistance_2002, acsm_resistance_2026, ace_kettlebell_study, ace_kettlebell_swing, ikmf_kettlebell_rules."
326,kettlebell_clean_and_jerk,Kettlebell Clean and Jerk,Kettlebell Clean and Jerk,Kettlebell Clean and Jerk,movement,weights,crossfit; kettlebell_sport; strength; hiit; weights,strength; crossfit; kettlebell_sport,,,Kettlebell,hamstrings; glutes; lowerBack; abs; obliques,hip_hinge,resistance_dynamic,quality_reps,4,5,reps,120,false,true,2,false,false,false,lumbar_flexion; shoulder_overhead; shoulder_press,5,true,false,hamstring_eccentric,internally_reviewed,acsm_resistance_2002; acsm_resistance_2026; ace_kettlebell_study; ace_kettlebell_swing; ikmf_kettlebell_rules,yes,enriched_from_review_queue,Kettlebell Clean and Jerk,,"Explosive quality repetitions: no artificial lifting cadence; stop when speed, catch or fixation changes. Requires qualified coaching in APEX. Evidence: acsm_resistance_2002, acsm_resistance_2026, ace_kettlebell_study, ace_kettlebell_swing, ikmf_kettlebell_rules."
327,kettlebell_clean_and_push_press,Kettlebell Clean and Push Press,Kettlebell Clean and Push Press,Kettlebell Clean and Push Press,movement,weights,crossfit; strength; hiit; weights,strength; crossfit,,,Kettlebell,hamstrings; glutes; lowerBack; abs; obliques,hip_hinge,resistance_dynamic,quality_reps,4,5,reps,120,false,true,2,true,false,false,lumbar_flexion,3,false,false,hamstring_eccentric,internally_reviewed,acsm_resistance_2002; acsm_resistance_2026; ace_kettlebell_study; ace_kettlebell_swing; ikmf_kettlebell_rules,yes,enriched_from_review_queue,Kettlebell Clean and Push Press,,"Explosive quality repetitions: no artificial lifting cadence; stop when speed, catch or fixation changes. Evidence: acsm_resistance_2002, acsm_resistance_2026, ace_kettlebell_study, ace_kettlebell_swing, ikmf_kettlebell_rules."
328,kettlebell_snatch,Kettlebell Snatch,Kettlebell Snatch,Kettlebell Snatch,movement,weights,crossfit; kettlebell_sport; strength; hiit; weights,strength; crossfit; kettlebell_sport,,,Kettlebell,hamstrings; glutes; lowerBack; abs; obliques,hip_hinge,resistance_dynamic,quality_reps,4,5,reps,120,false,true,2,false,false,false,lumbar_flexion; shoulder_overhead; shoulder_press,5,true,false,hamstring_eccentric,internally_reviewed,acsm_resistance_2002; acsm_resistance_2026; ace_kettlebell_study; ace_kettlebell_swing; ikmf_kettlebell_rules,yes,enriched_from_review_queue,Kettlebell Snatch,,"Explosive quality repetitions: no artificial lifting cadence; stop when speed, catch or fixation changes. Requires qualified coaching in APEX. Evidence: acsm_resistance_2002, acsm_resistance_2026, ace_kettlebell_study, ace_kettlebell_swing, ikmf_kettlebell_rules."
329,kettlebell_snatch_to_overhead_carry,Kettlebell Snatch to Overhead Carry,Kettlebell Snatch to Overhead Carry,Kettlebell Snatch to Overhead Carry,movement,weights,crossfit; strength; hiit; weights,strength; crossfit,,,Kettlebell,forearms; abs; obliques; neckTraps; glutes,carry,resistance_isometric,carry,4,30,metres,120,false,true,2,false,false,false,shoulder_overhead; shoulder_press,5,true,false,loaded_carry,internally_reviewed,acsm_resistance_2002; acsm_resistance_2026; ace_kettlebell_study; ace_kettlebell_swing; ikmf_kettlebell_rules; nsca_loaded_carries,yes,enriched_from_review_queue,Kettlebell Snatch to Overhead Carry,,"Walk upright without trunk lean; prescribe the measured distance or duration, never a stored pace. Requires qualified coaching in APEX. Evidence: acsm_resistance_2002, acsm_resistance_2026, ace_kettlebell_study, ace_kettlebell_swing, ikmf_kettlebell_rules, nsca_loaded_carries."
330,kettlebell_swing_to_squat,Kettlebell Swing to Squat,Kettlebell Swing to Squat,Kettlebell Swing to Squat,movement,weights,crossfit; hiit; weights,conditioning; crossfit,,,Kettlebell,hamstrings; glutes; lowerBack; abs; obliques,hip_hinge,conditioning_complex,interval,4,30,seconds,60,false,true,2,true,false,false,lumbar_flexion,3,false,false,hamstring_eccentric,internally_reviewed,acsm_resistance_2002; acsm_resistance_2026; ace_kettlebell_study; ace_kettlebell_swing,yes,enriched_from_review_queue,Kettlebell Swing to Squat,,"Explosive quality repetitions: no artificial lifting cadence; stop when speed, catch or fixation changes. Evidence: acsm_resistance_2002, acsm_resistance_2026, ace_kettlebell_study, ace_kettlebell_swing."
331,kettlebell_squat_to_press,Kettlebell Squat to Press,Kettlebell Squat to Press,Kettlebell Squat to Press,movement,weights,crossfit; strength; hiit; weights,strength; crossfit,,,Kettlebell,quads; glutes; hamstrings; adductors,squat,resistance_dynamic,tempo_reps,4,9,reps,90,false,true,2,true,false,false,knee_deep_flexion,2,false,true,standard_compound,internally_reviewed,acsm_resistance_2002; acsm_resistance_2026; ace_kettlebell_study,yes,enriched_from_review_queue,Kettlebell Squat to Press,,"Controlled resistance repetitions; use the APEX tempo for this movement family and stop before technique changes. Evidence: acsm_resistance_2002, acsm_resistance_2026, ace_kettlebell_study."
332,kettlebell_front_rack_squat,Kettlebell Front Rack Squat,Kettlebell Front Rack Squat,Kettlebell Front Rack Squat,movement,weights,crossfit; strength; hiit; weights,strength; crossfit,,,Kettlebell,quads; glutes; hamstrings; adductors,squat,resistance_dynamic,tempo_reps,4,9,reps,90,false,true,2,true,false,false,knee_deep_flexion,2,false,true,standard_compound,internally_reviewed,acsm_resistance_2002; acsm_resistance_2026; ace_kettlebell_study; ikmf_kettlebell_rules,yes,enriched_from_review_queue,Kettlebell Front Rack Squat,,"Controlled resistance repetitions; use the APEX tempo for this movement family and stop before technique changes. Evidence: acsm_resistance_2002, acsm_resistance_2026, ace_kettlebell_study, ikmf_kettlebell_rules."
333,kettlebell_lateral_squat,Kettlebell Lateral Squat,Kettlebell Lateral Squat,Kettlebell Lateral Squat,movement,weights,strength; weights,strength,,,Kettlebell,quads; glutes; hamstrings; adductors,squat,resistance_dynamic,tempo_reps,4,9,reps,90,true,true,2,true,false,false,knee_deep_flexion,2,false,true,standard_compound,internally_reviewed,acsm_resistance_2002; acsm_resistance_2026; ace_kettlebell_study,yes,enriched_from_review_queue,Kettlebell Lateral Squat,,"Controlled resistance repetitions; use the APEX tempo for this movement family and stop before technique changes. Evidence: acsm_resistance_2002, acsm_resistance_2026, ace_kettlebell_study."
334,kettlebell_curtsy_lunge,Kettlebell Curtsy Lunge,Kettlebell Curtsy Lunge,Kettlebell Curtsy Lunge,movement,weights,strength; weights,strength,,,Kettlebell,quads; glutes; hamstrings,lunge,resistance_dynamic,tempo_reps,4,9,reps,90,true,true,2,true,false,false,knee_deep_flexion,2,false,true,standard_compound,internally_reviewed,acsm_resistance_2002; acsm_resistance_2026; ace_kettlebell_study,yes,enriched_from_review_queue,Kettlebell Curtsy Lunge,,"Controlled resistance repetitions; use the APEX tempo for this movement family and stop before technique changes. Evidence: acsm_resistance_2002, acsm_resistance_2026, ace_kettlebell_study."
335,kettlebell_lunge_with_rotation,Kettlebell Lunge with Rotation,Kettlebell Lunge with Rotation,Kettlebell Lunge with Rotation,movement,weights,strength; weights,strength,,,Kettlebell,quads; glutes; hamstrings,lunge,resistance_dynamic,tempo_reps,4,9,reps,90,false,true,2,true,false,false,knee_deep_flexion,2,false,true,standard_compound,internally_reviewed,acsm_resistance_2002; acsm_resistance_2026; ace_kettlebell_study,yes,enriched_from_review_queue,Kettlebell Lunge with Rotation,,"Controlled resistance repetitions; use the APEX tempo for this movement family and stop before technique changes. Evidence: acsm_resistance_2002, acsm_resistance_2026, ace_kettlebell_study."
336,kettlebell_reverse_lunge_to_press,Kettlebell Reverse Lunge to Press,Kettlebell Reverse Lunge to Press,Kettlebell Reverse Lunge to Press,movement,weights,crossfit; strength; hiit; weights,strength; crossfit,,,Kettlebell,quads; glutes; hamstrings,lunge,resistance_dynamic,tempo_reps,4,9,reps,90,true,true,2,true,false,false,knee_deep_flexion,2,false,true,standard_compound,internally_reviewed,acsm_resistance_2002; acsm_resistance_2026; ace_kettlebell_study,yes,enriched_from_review_queue,Kettlebell Reverse Lunge to Press,,"Controlled resistance repetitions; use the APEX tempo for this movement family and stop before technique changes. Evidence: acsm_resistance_2002, acsm_resistance_2026, ace_kettlebell_study."
337,kettlebell_step_up,Kettlebell Step-up,Kettlebell Step-up,Kettlebell Step-up,movement,weights,crossfit; strength; hiit; weights,strength; crossfit,,,Kettlebell,quads; glutes; hamstrings,lunge,resistance_dynamic,tempo_reps,4,9,reps,90,true,true,2,true,false,false,knee_deep_flexion,2,false,true,standard_compound,internally_reviewed,acsm_resistance_2002; acsm_resistance_2026; ace_kettlebell_study,yes,enriched_from_review_queue,Kettlebell Step-up,,"Controlled resistance repetitions; use the APEX tempo for this movement family and stop before technique changes. Evidence: acsm_resistance_2002, acsm_resistance_2026, ace_kettlebell_study."
338,kettlebell_walking_lunge,Kettlebell Walking Lunge,Kettlebell Walking Lunge,Kettlebell Walking Lunge,movement,weights,hiit; weights,conditioning,,,Kettlebell,quads; glutes; hamstrings,lunge,conditioning_complex,interval,4,30,seconds,60,false,true,2,true,false,false,knee_deep_flexion,2,false,false,standard_compound,internally_reviewed,acsm_resistance_2002; acsm_resistance_2026; ace_kettlebell_study,yes,enriched_from_review_queue,Kettlebell Walking Lunge,,"Controlled resistance repetitions; use the APEX tempo for this movement family and stop before technique changes. Evidence: acsm_resistance_2002, acsm_resistance_2026, ace_kettlebell_study."
339,kettlebell_suitcase_deadlift,Kettlebell Suitcase Deadlift,Kettlebell Suitcase Deadlift,Kettlebell Suitcase Deadlift,movement,weights,strength; weights,strength,,,Kettlebell,hamstrings; glutes; lowerBack; abs; obliques,hip_hinge,resistance_dynamic,tempo_reps,4,9,reps,90,true,true,2,true,false,false,lumbar_flexion,2,false,true,hamstring_eccentric,internally_reviewed,acsm_resistance_2002; acsm_resistance_2026; ace_kettlebell_study,yes,enriched_from_review_queue,Kettlebell Suitcase Deadlift,,"Controlled resistance repetitions; use the APEX tempo for this movement family and stop before technique changes. Evidence: acsm_resistance_2002, acsm_resistance_2026, ace_kettlebell_study."
340,kettlebell_romanian_deadlift,Kettlebell Romanian Deadlift,Kettlebell Romanian Deadlift,Kettlebell Romanian Deadlift,movement,weights,strength; weights,strength,,,Kettlebell,hamstrings; glutes; lowerBack; abs; obliques,hip_hinge,resistance_dynamic,tempo_reps,4,9,reps,90,false,true,2,true,false,false,lumbar_flexion,2,false,true,hamstring_eccentric,internally_reviewed,acsm_resistance_2002; acsm_resistance_2026; ace_kettlebell_study,yes,enriched_from_review_queue,Kettlebell Romanian Deadlift,,"Controlled resistance repetitions; use the APEX tempo for this movement family and stop before technique changes. Evidence: acsm_resistance_2002, acsm_resistance_2026, ace_kettlebell_study."
341,single_leg_kettlebell_deadlift,Single-leg Kettlebell Deadlift,Single-leg Kettlebell Deadlift,Single-leg Kettlebell Deadlift,movement,weights,strength; weights,strength,,,Kettlebell,hamstrings; glutes; lowerBack; abs; obliques,hip_hinge,resistance_dynamic,tempo_reps,4,9,reps,90,true,true,2,true,false,false,lumbar_flexion,2,false,true,hamstring_eccentric,internally_reviewed,acsm_resistance_2002; acsm_resistance_2026; ace_kettlebell_study,yes,enriched_from_review_queue,Single-leg Kettlebell Deadlift,,"Controlled resistance repetitions; use the APEX tempo for this movement family and stop before technique changes. Evidence: acsm_resistance_2002, acsm_resistance_2026, ace_kettlebell_study."
342,kettlebell_sumo_deadlift,Kettlebell Sumo Deadlift,Kettlebell Sumo Deadlift,Kettlebell Sumo Deadlift,movement,weights,strength; weights,strength,,,Kettlebell,hamstrings; glutes; lowerBack; abs; obliques,hip_hinge,resistance_dynamic,tempo_reps,4,9,reps,90,false,true,2,true,false,false,lumbar_flexion,2,false,true,hamstring_eccentric,internally_reviewed,acsm_resistance_2002; acsm_resistance_2026; ace_kettlebell_study,yes,enriched_from_review_queue,Kettlebell Sumo Deadlift,,"Controlled resistance repetitions; use the APEX tempo for this movement family and stop before technique changes. Evidence: acsm_resistance_2002, acsm_resistance_2026, ace_kettlebell_study."
343,kettlebell_good_morning,Kettlebell Good Morning,Kettlebell Good Morning,Kettlebell Good Morning,movement,weights,strength; weights,strength,,,Kettlebell,hamstrings; glutes; lowerBack; abs; obliques,hip_hinge,resistance_dynamic,tempo_reps,4,9,reps,90,false,true,2,true,false,false,lumbar_flexion,2,false,true,hamstring_eccentric,internally_reviewed,acsm_resistance_2002; acsm_resistance_2026; ace_kettlebell_study,yes,enriched_from_review_queue,Kettlebell Good Morning,,"Controlled resistance repetitions; use the APEX tempo for this movement family and stop before technique changes. Evidence: acsm_resistance_2002, acsm_resistance_2026, ace_kettlebell_study."
344,kettlebell_row,Kettlebell Row,Kettlebell Row,Kettlebell Row,movement,weights,strength; weights,strength,,,Kettlebell,lats; upperBack; biceps; rearDelts,horizontal_pull,resistance_dynamic,tempo_reps,4,9,reps,60,false,true,2,true,false,false,,2,false,true,standard_compound,internally_reviewed,acsm_resistance_2002; acsm_resistance_2026; ace_kettlebell_study,yes,enriched_from_review_queue,Kettlebell Row,,"Controlled resistance repetitions; use the APEX tempo for this movement family and stop before technique changes. Evidence: acsm_resistance_2002, acsm_resistance_2026, ace_kettlebell_study."
345,kettlebell_renegade_row,Kettlebell Renegade Row,Kettlebell Renegade Row,Kettlebell Renegade Row,movement,weights,crossfit; strength; hiit; weights,strength; crossfit,,,Kettlebell,lats; chest; biceps; triceps,horizontal_pull,resistance_dynamic,tempo_reps,4,9,reps,60,false,true,2,true,false,false,,2,false,true,standard_compound,internally_reviewed,acsm_resistance_2002; acsm_resistance_2026; ace_kettlebell_study,yes,enriched_from_review_queue,Kettlebell Renegade Row,,"Controlled resistance repetitions; use the APEX tempo for this movement family and stop before technique changes. Evidence: acsm_resistance_2002, acsm_resistance_2026, ace_kettlebell_study."
346,kettlebell_gorilla_row,Kettlebell Gorilla Row,Kettlebell Gorilla Row,Kettlebell Gorilla Row,movement,weights,strength; weights,strength,,,Kettlebell,lats; upperBack; biceps; rearDelts,horizontal_pull,resistance_dynamic,tempo_reps,4,9,reps,60,false,true,2,true,false,false,,2,false,true,standard_compound,internally_reviewed,acsm_resistance_2002; acsm_resistance_2026; ace_kettlebell_study,yes,enriched_from_review_queue,Kettlebell Gorilla Row,,"Controlled resistance repetitions; use the APEX tempo for this movement family and stop before technique changes. Evidence: acsm_resistance_2002, acsm_resistance_2026, ace_kettlebell_study."
347,kettlebell_suitcase_row,Kettlebell Suitcase Row,Kettlebell Suitcase Row,Kettlebell Suitcase Row,movement,weights,strength; weights,strength,,,Kettlebell,lats; upperBack; biceps; rearDelts,horizontal_pull,resistance_dynamic,tempo_reps,4,9,reps,60,true,true,2,true,false,false,,2,false,true,standard_compound,internally_reviewed,acsm_resistance_2002; acsm_resistance_2026; ace_kettlebell_study,yes,enriched_from_review_queue,Kettlebell Suitcase Row,,"Controlled resistance repetitions; use the APEX tempo for this movement family and stop before technique changes. Evidence: acsm_resistance_2002, acsm_resistance_2026, ace_kettlebell_study."
348,kettlebell_chest_supported_row,Kettlebell Chest-Supported Row,Kettlebell Chest-Supported Row,Kettlebell Chest-Supported Row,movement,weights,strength; weights,strength,,,Kettlebell,lats; upperBack; biceps; rearDelts,horizontal_pull,resistance_dynamic,tempo_reps,4,9,reps,60,false,true,2,true,false,false,,2,false,true,standard_compound,internally_reviewed,acsm_resistance_2002; acsm_resistance_2026; ace_kettlebell_study,yes,enriched_from_review_queue,Kettlebell Chest-Supported Row,,"Controlled resistance repetitions; use the APEX tempo for this movement family and stop before technique changes. Evidence: acsm_resistance_2002, acsm_resistance_2026, ace_kettlebell_study."
349,kettlebell_floor_press,Kettlebell Floor Press,Kettlebell Floor Press,Kettlebell Floor Press,movement,weights,strength; weights,strength,,,Kettlebell,chest; triceps; frontDelts,horizontal_push,resistance_dynamic,tempo_reps,4,9,reps,60,false,true,2,true,false,false,shoulder_press; wrist,2,false,true,standard_compound,internally_reviewed,acsm_resistance_2002; acsm_resistance_2026; ace_kettlebell_study,yes,enriched_from_review_queue,Kettlebell Floor Press,,"Controlled resistance repetitions; use the APEX tempo for this movement family and stop before technique changes. Evidence: acsm_resistance_2002, acsm_resistance_2026, ace_kettlebell_study."
350,kettlebell_alternating_floor_press,Kettlebell Alternating Floor Press,Kettlebell Alternating Floor Press,Kettlebell Alternating Floor Press,movement,weights,strength; weights,strength,,,Kettlebell,chest; triceps; frontDelts,horizontal_push,resistance_dynamic,tempo_reps,4,9,reps,60,true,true,2,true,false,false,shoulder_press; wrist,2,false,true,standard_compound,internally_reviewed,acsm_resistance_2002; acsm_resistance_2026; ace_kettlebell_study,yes,enriched_from_review_queue,Kettlebell Alternating Floor Press,,"Controlled resistance repetitions; use the APEX tempo for this movement family and stop before technique changes. Evidence: acsm_resistance_2002, acsm_resistance_2026, ace_kettlebell_study."
351,kettlebell_bench_press,Kettlebell Bench Press,Kettlebell Bench Press,Kettlebell Bench Press,movement,weights,strength; weights,strength,,,Kettlebell,chest; triceps; frontDelts,horizontal_push,resistance_dynamic,tempo_reps,4,9,reps,60,false,true,2,true,false,false,shoulder_press; wrist,2,false,true,standard_compound,internally_reviewed,acsm_resistance_2002; acsm_resistance_2026; ace_kettlebell_study,yes,enriched_from_review_queue,Kettlebell Bench Press,,"Controlled resistance repetitions; use the APEX tempo for this movement family and stop before technique changes. Evidence: acsm_resistance_2002, acsm_resistance_2026, ace_kettlebell_study."
352,kettlebell_incline_bench_press,Kettlebell Incline Bench Press,Kettlebell Incline Bench Press,Kettlebell Incline Bench Press,movement,weights,strength; weights,strength,,,Kettlebell,chest; triceps; frontDelts,horizontal_push,resistance_dynamic,tempo_reps,4,9,reps,60,false,true,2,true,false,false,shoulder_press; wrist,2,false,true,standard_compound,internally_reviewed,acsm_resistance_2002; acsm_resistance_2026; ace_kettlebell_study,yes,enriched_from_review_queue,Kettlebell Incline Bench Press,,"Controlled resistance repetitions; use the APEX tempo for this movement family and stop before technique changes. Evidence: acsm_resistance_2002, acsm_resistance_2026, ace_kettlebell_study."
353,kettlebell_see_saw_press,Kettlebell See-Saw Press,Kettlebell See-Saw Press,Kettlebell See-Saw Press,movement,weights,crossfit; strength; hiit; weights,strength; crossfit,,,Kettlebell,frontDelts; triceps; sideDelts; chest,vertical_push,resistance_dynamic,tempo_reps,4,9,reps,60,false,true,2,true,false,false,shoulder_overhead; shoulder_press,2,false,true,standard_compound,internally_reviewed,acsm_resistance_2002; acsm_resistance_2026; ace_kettlebell_study,yes,enriched_from_review_queue,Kettlebell See-Saw Press,,"Controlled resistance repetitions; use the APEX tempo for this movement family and stop before technique changes. Evidence: acsm_resistance_2002, acsm_resistance_2026, ace_kettlebell_study."
354,kettlebell_bottoms_up_press,Kettlebell Bottoms-Up Press,Kettlebell Bottoms-Up Press,Kettlebell Bottoms-Up Press,movement,weights,strength; weights,strength,,,Kettlebell,frontDelts; triceps; sideDelts; chest,vertical_push,resistance_dynamic,tempo_reps,4,9,reps,60,false,true,2,false,false,false,shoulder_overhead; shoulder_press,4,false,true,standard_compound,internally_reviewed,acsm_resistance_2002; acsm_resistance_2026; ace_kettlebell_study,yes,enriched_from_review_queue,Kettlebell Bottoms-Up Press,,"Controlled resistance repetitions; use the APEX tempo for this movement family and stop before technique changes. Evidence: acsm_resistance_2002, acsm_resistance_2026, ace_kettlebell_study."
355,kettlebell_bottoms_up_clean,Kettlebell Bottoms-Up Clean,Kettlebell Bottoms-Up Clean,Kettlebell Bottoms-Up Clean,movement,weights,strength; weights,strength,,,Kettlebell,hamstrings; glutes; lowerBack; abs; obliques,hip_hinge,resistance_dynamic,quality_reps,4,5,reps,120,false,true,2,false,false,false,lumbar_flexion,4,false,false,hamstring_eccentric,internally_reviewed,acsm_resistance_2002; acsm_resistance_2026; ace_kettlebell_study; ace_kettlebell_swing; ikmf_kettlebell_rules,yes,enriched_from_review_queue,Kettlebell Bottoms-Up Clean,,"Explosive quality repetitions: no artificial lifting cadence; stop when speed, catch or fixation changes. Evidence: acsm_resistance_2002, acsm_resistance_2026, ace_kettlebell_study, ace_kettlebell_swing, ikmf_kettlebell_rules."
356,kettlebell_bottoms_up_carry,Kettlebell Bottoms-Up Carry,Kettlebell Bottoms-Up Carry,Kettlebell Bottoms-Up Carry,movement,weights,strength; weights,strength,,,Kettlebell,forearms; abs; obliques; neckTraps; glutes,carry,resistance_isometric,carry,4,30,metres,90,false,true,2,false,false,false,,4,false,false,loaded_carry,internally_reviewed,acsm_resistance_2002; acsm_resistance_2026; ace_kettlebell_study; nsca_loaded_carries,yes,enriched_from_review_queue,Kettlebell Bottoms-Up Carry,,"Walk upright without trunk lean; prescribe the measured distance or duration, never a stored pace. Evidence: acsm_resistance_2002, acsm_resistance_2026, ace_kettlebell_study, nsca_loaded_carries."
357,kettlebell_overhead_carry,Kettlebell Overhead Carry,Kettlebell Overhead Carry,Kettlebell Overhead Carry,movement,weights,strength; weights,strength,,,Kettlebell,forearms; abs; obliques; neckTraps; glutes,carry,resistance_isometric,carry,4,30,metres,90,false,true,2,true,false,false,shoulder_overhead; shoulder_press,2,false,false,loaded_carry,internally_reviewed,acsm_resistance_2002; acsm_resistance_2026; ace_kettlebell_study; nsca_loaded_carries,yes,enriched_from_review_queue,Kettlebell Overhead Carry,,"Walk upright without trunk lean; prescribe the measured distance or duration, never a stored pace. Evidence: acsm_resistance_2002, acsm_resistance_2026, ace_kettlebell_study, nsca_loaded_carries."
358,double_overhead_kettlebell_carry,Double Overhead Kettlebell Carry,Double Overhead Kettlebell Carry,Double Overhead Kettlebell Carry,movement,weights,strength; weights,strength,,,Kettlebell,forearms; abs; obliques; neckTraps; glutes,carry,resistance_isometric,carry,4,30,metres,90,false,true,2,true,false,false,shoulder_overhead; shoulder_press,2,false,false,loaded_carry,internally_reviewed,acsm_resistance_2002; acsm_resistance_2026; ace_kettlebell_study; nsca_loaded_carries,yes,enriched_from_review_queue,Double Overhead Kettlebell Carry,,"Walk upright without trunk lean; prescribe the measured distance or duration, never a stored pace. Evidence: acsm_resistance_2002, acsm_resistance_2026, ace_kettlebell_study, nsca_loaded_carries."
359,kettlebell_rack_carry,Kettlebell Rack Carry,Kettlebell Rack Carry,Kettlebell Rack Carry,movement,weights,strength; weights,strength,,,Kettlebell,forearms; abs; obliques; neckTraps; glutes,carry,resistance_isometric,carry,4,30,metres,90,false,true,2,true,false,false,,2,false,false,loaded_carry,internally_reviewed,acsm_resistance_2002; acsm_resistance_2026; ace_kettlebell_study; ikmf_kettlebell_rules; nsca_loaded_carries,yes,enriched_from_review_queue,Kettlebell Rack Carry,,"Walk upright without trunk lean; prescribe the measured distance or duration, never a stored pace. Evidence: acsm_resistance_2002, acsm_resistance_2026, ace_kettlebell_study, ikmf_kettlebell_rules, nsca_loaded_carries."
360,kettlebell_farmers_walk,Kettlebell Farmer's Walk,Kettlebell Farmer's Walk,Kettlebell Farmer's Walk,movement,weights,strength; hiit; weights,strength; hyrox; conditioning,,,Kettlebell,forearms; abs; obliques; neckTraps; glutes,carry,resistance_isometric,carry,4,30,metres,90,false,true,2,true,false,false,,2,false,false,loaded_carry,internally_reviewed,acsm_resistance_2002; acsm_resistance_2026; ace_kettlebell_study; nsca_loaded_carries,yes,enriched_from_review_queue,Kettlebell Farmer's Walk,,"Walk upright without trunk lean; prescribe the measured distance or duration, never a stored pace. Evidence: acsm_resistance_2002, acsm_resistance_2026, ace_kettlebell_study, nsca_loaded_carries."
361,kettlebell_cross_body_carry,Kettlebell Cross-Body Carry,Kettlebell Cross-Body Carry,Kettlebell Cross-Body Carry,movement,weights,strength; weights,strength,,,Kettlebell,forearms; abs; obliques; neckTraps; glutes,carry,resistance_isometric,carry,4,30,metres,90,true,true,2,true,false,false,,2,false,false,loaded_carry,internally_reviewed,acsm_resistance_2002; acsm_resistance_2026; ace_kettlebell_study; nsca_loaded_carries,yes,enriched_from_review_queue,Kettlebell Cross-Body Carry,,"Walk upright without trunk lean; prescribe the measured distance or duration, never a stored pace. Evidence: acsm_resistance_2002, acsm_resistance_2026, ace_kettlebell_study, nsca_loaded_carries."
362,kettlebell_crush_grip_push_up,Kettlebell Crush-Grip Push-up,Kettlebell Crush-Grip Push-up,Kettlebell Crush-Grip Push-up,movement,weights,strength; weights,strength,,,Kettlebell,chest; triceps; frontDelts,horizontal_push,resistance_dynamic,tempo_reps,4,9,reps,60,false,true,2,true,false,false,shoulder_press; wrist,2,false,true,standard_compound,internally_reviewed,acsm_resistance_2002; acsm_resistance_2026; ace_kettlebell_study,yes,enriched_from_review_queue,Kettlebell Crush-Grip Push-up,,"Controlled resistance repetitions; use the APEX tempo for this movement family and stop before technique changes. Evidence: acsm_resistance_2002, acsm_resistance_2026, ace_kettlebell_study."
363,kettlebell_push_up_to_row,Kettlebell Push-up to Row,Kettlebell Push-up to Row,Kettlebell Push-up to Row,movement,weights,crossfit; strength; hiit; weights,strength; crossfit,,,Kettlebell,lats; chest; biceps; triceps,conditioning,resistance_dynamic,tempo_reps,4,9,reps,60,false,true,2,true,false,false,shoulder_press; wrist,2,false,true,standard_compound,internally_reviewed,acsm_resistance_2002; acsm_resistance_2026; ace_kettlebell_study,yes,enriched_from_review_queue,Kettlebell Push-up to Row,,"Controlled resistance repetitions; use the APEX tempo for this movement family and stop before technique changes. Evidence: acsm_resistance_2002, acsm_resistance_2026, ace_kettlebell_study."
364,kettlebell_pullover,Kettlebell Pullover,Kettlebell Pullover,Kettlebell Pullover,movement,weights,strength; weights,strength,,,Kettlebell,lats; chest; triceps,vertical_pull,resistance_dynamic,tempo_reps,3,9,reps,60,false,true,2,true,false,false,elbow; shoulder_overhead,2,false,true,standard_compound,internally_reviewed,acsm_resistance_2002; acsm_resistance_2026; ace_kettlebell_study,yes,enriched_from_review_queue,Kettlebell Pullover,,"Controlled resistance repetitions; use the APEX tempo for this movement family and stop before technique changes. Evidence: acsm_resistance_2002, acsm_resistance_2026, ace_kettlebell_study."
365,kettlebell_russian_twist,Kettlebell Russian Twist,Kettlebell Russian Twist,Kettlebell Russian Twist,movement,weights,strength; weights,strength,,,Kettlebell,obliques; abs; glutes,core_anti_rotation,resistance_dynamic,tempo_reps,3,12,reps,60,false,true,2,true,false,false,,2,false,true,core_braced,internally_reviewed,acsm_resistance_2002; acsm_resistance_2026; ace_kettlebell_study,yes,enriched_from_review_queue,Kettlebell Russian Twist,,"Controlled resistance repetitions; use the APEX tempo for this movement family and stop before technique changes. Evidence: acsm_resistance_2002, acsm_resistance_2026, ace_kettlebell_study."
366,kettlebell_side_bend,Kettlebell Side Bend,Kettlebell Side Bend,Kettlebell Side Bend,movement,weights,strength; weights,strength,,,Kettlebell,obliques; abs; glutes,core_anti_lateral_flexion,resistance_dynamic,tempo_reps,3,12,reps,60,true,true,2,true,false,false,,2,false,true,core_braced,internally_reviewed,acsm_resistance_2002; acsm_resistance_2026; ace_kettlebell_study,yes,enriched_from_review_queue,Kettlebell Side Bend,,"Controlled resistance repetitions; use the APEX tempo for this movement family and stop before technique changes. Evidence: acsm_resistance_2002, acsm_resistance_2026, ace_kettlebell_study."
367,kettlebell_dead_bug,Kettlebell Dead Bug,Kettlebell Dead Bug,Kettlebell Dead Bug,movement,weights,strength; weights,strength,,,Kettlebell,abs; obliques,core_anti_extension,resistance_dynamic,tempo_reps,3,12,reps,60,false,true,2,true,false,false,,2,false,true,core_braced,internally_reviewed,acsm_resistance_2002; acsm_resistance_2026; ace_kettlebell_study,yes,enriched_from_review_queue,Kettlebell Dead Bug,,"Controlled resistance repetitions; use the APEX tempo for this movement family and stop before technique changes. Evidence: acsm_resistance_2002, acsm_resistance_2026, ace_kettlebell_study."
368,kettlebell_hollow_body_hold,Kettlebell Hollow Body Hold,Kettlebell Hollow Body Hold,Kettlebell Hollow Body Hold,movement,weights,strength; weights,strength,,,Kettlebell,abs; obliques,core_anti_extension,resistance_isometric,hold,4,23,seconds,60,false,true,2,true,false,false,,2,false,false,core_braced,internally_reviewed,acsm_resistance_2002; acsm_resistance_2026; ace_kettlebell_study,yes,enriched_from_review_queue,Kettlebell Hollow Body Hold,,"Hold with continuous breathing and end the set when position changes. Evidence: acsm_resistance_2002, acsm_resistance_2026, ace_kettlebell_study."
369,kettlebell_sit_up,Kettlebell Sit-up,Kettlebell Sit-up,Kettlebell Sit-up,movement,weights,strength; weights,strength,,,Kettlebell,abs; obliques,core_flexion,resistance_dynamic,tempo_reps,3,12,reps,60,false,true,2,true,false,false,,2,false,true,core_braced,internally_reviewed,acsm_resistance_2002; acsm_resistance_2026; ace_kettlebell_study,yes,enriched_from_review_queue,Kettlebell Sit-up,,"Controlled resistance repetitions; use the APEX tempo for this movement family and stop before technique changes. Evidence: acsm_resistance_2002, acsm_resistance_2026, ace_kettlebell_study."
370,kettlebell_v_up,Kettlebell V-Up,Kettlebell V-Up,Kettlebell V-Up,movement,weights,strength; weights,strength,,,Kettlebell,abs; obliques,core_flexion,resistance_dynamic,tempo_reps,3,12,reps,60,false,true,2,true,false,false,,2,false,true,core_braced,internally_reviewed,acsm_resistance_2002; acsm_resistance_2026; ace_kettlebell_study,yes,enriched_from_review_queue,Kettlebell V-Up,,"Controlled resistance repetitions; use the APEX tempo for this movement family and stop before technique changes. Evidence: acsm_resistance_2002, acsm_resistance_2026, ace_kettlebell_study."
371,kettlebell_woodchopper,Kettlebell Woodchopper,Kettlebell Woodchopper,Kettlebell Woodchopper,movement,weights,strength; weights,strength,,,Kettlebell,obliques; abs; glutes,core_anti_rotation,resistance_dynamic,tempo_reps,4,12,reps,60,false,true,2,true,false,false,,2,false,true,core_braced,internally_reviewed,acsm_resistance_2002; acsm_resistance_2026; ace_kettlebell_study,yes,enriched_from_review_queue,Kettlebell Woodchopper,,"Controlled resistance repetitions; use the APEX tempo for this movement family and stop before technique changes. Evidence: acsm_resistance_2002, acsm_resistance_2026, ace_kettlebell_study."
372,kettlebell_slasher_to_halo,Kettlebell Slasher-to-Halo,Kettlebell Slasher-to-Halo,Kettlebell Slasher-to-Halo,movement,weights,strength; weights,strength,,,Kettlebell,abs; obliques,core_flexion,resistance_dynamic,tempo_reps,4,12,reps,60,false,true,2,true,false,false,,2,false,true,core_braced,internally_reviewed,acsm_resistance_2002; acsm_resistance_2026; ace_kettlebell_study,yes,enriched_from_review_queue,Kettlebell Slasher-to-Halo,,"Controlled resistance repetitions; use the APEX tempo for this movement family and stop before technique changes. Evidence: acsm_resistance_2002, acsm_resistance_2026, ace_kettlebell_study."
373,kettlebell_armbar,Kettlebell Armbar,Kettlebell Armbar,Kettlebell Armbar,movement,weights,mobility; weights,mobility,,,Kettlebell,lats,mobility,mobility_drill,quality,2,20,seconds,15,false,true,2,true,false,false,shoulder_overhead,3,false,false,standard_compound,internally_reviewed,aha_flexibility; ace_kettlebell_study,yes,enriched_from_review_queue,Kettlebell Armbar,,"Move slowly into a comfortable, pain-free range; hold 10–30 seconds and never bounce. Evidence: aha_flexibility, ace_kettlebell_study."
374,kettlebell_surrender,Kettlebell Surrender,Kettlebell Surrender,Kettlebell Surrender,movement,weights,strength; weights,strength,,,Kettlebell,chest; upperBack; abs; glutes; quads; obliques,conditioning,resistance_dynamic,tempo_reps,4,9,reps,60,false,true,2,true,false,false,,2,false,true,standard_compound,internally_reviewed,acsm_resistance_2002; acsm_resistance_2026; ace_kettlebell_study,yes,enriched_from_review_queue,Kettlebell Surrender,,"Controlled resistance repetitions; use the APEX tempo for this movement family and stop before technique changes. Evidence: acsm_resistance_2002, acsm_resistance_2026, ace_kettlebell_study."
375,kettlebell_deck_squat,Kettlebell Deck Squat,Kettlebell Deck Squat,Kettlebell Deck Squat,movement,weights,strength; weights,strength,,,Kettlebell,quads; glutes; hamstrings; adductors,squat,resistance_dynamic,quality_reps,4,5,reps,120,false,true,2,true,false,false,knee_deep_flexion,4,false,false,standard_compound,internally_reviewed,acsm_resistance_2002; acsm_resistance_2026; ace_kettlebell_study; ace_kettlebell_swing,yes,enriched_from_review_queue,Kettlebell Deck Squat,,"Explosive quality repetitions: no artificial lifting cadence; stop when speed, catch or fixation changes. Evidence: acsm_resistance_2002, acsm_resistance_2026, ace_kettlebell_study, ace_kettlebell_swing."
376,kettlebell_man_maker,Kettlebell Man Maker,Kettlebell Man Maker,Kettlebell Man Maker,movement,weights,crossfit; strength; hiit; weights,strength; crossfit,,,Kettlebell,chest; upperBack; abs; glutes; quads; obliques,conditioning,resistance_dynamic,tempo_reps,4,9,reps,150,false,true,2,true,false,false,,4,false,true,standard_compound,internally_reviewed,acsm_resistance_2002; acsm_resistance_2026; ace_kettlebell_study,yes,enriched_from_review_queue,Kettlebell Man Maker,,"Controlled resistance repetitions; use the APEX tempo for this movement family and stop before technique changes. Evidence: acsm_resistance_2002, acsm_resistance_2026, ace_kettlebell_study."
377,split_squat_jump,Split Squat Jump,Split Squat Jump,Split Squat Jump,movement,hiit,hiit,conditioning,,,Bodyweight,quads; glutes; hamstrings,lunge,plyometric,contacts,4,4,reps,60,true,false,0,true,false,false,ankle_impact; knee_deep_flexion; knee_impact,3,false,false,standard_compound,internally_reviewed,nsca_plyometric,yes,enriched_from_review_queue,Split Squat Jump,,Count crisp contacts only; use full recovery and stop when landing position or rebound quality changes. Evidence: nsca_plyometric.
378,jumping_lunge,Jumping Lunge,Jumping Lunge,Jumping Lunge,movement,hiit,hiit,conditioning,,,Bodyweight,quads; glutes; hamstrings,lunge,plyometric,contacts,4,4,reps,60,false,false,0,true,false,false,ankle_impact; knee_deep_flexion; knee_impact,3,false,false,standard_compound,internally_reviewed,nsca_plyometric,yes,enriched_from_review_queue,Jumping Lunge,,Count crisp contacts only; use full recovery and stop when landing position or rebound quality changes. Evidence: nsca_plyometric.
379,box_step_up_bodyweight,Box Step-up (Bodyweight),Box Step-up (Bodyweight),Box Step-up (Bodyweight),movement,strength,strength,strength,,,Bodyweight,quads; glutes; hamstrings,lunge,resistance_dynamic,tempo_reps,4,9,reps,90,true,false,0,true,false,false,knee_deep_flexion,2,false,true,standard_compound,internally_reviewed,acsm_resistance_2002; acsm_resistance_2026,yes,enriched_from_review_queue,Box Step-up (Bodyweight),,"Controlled resistance repetitions; use the APEX tempo for this movement family and stop before technique changes. Evidence: acsm_resistance_2002, acsm_resistance_2026."
380,curtsy_lunge_bodyweight,Curtsy Lunge (Bodyweight),Curtsy Lunge (Bodyweight),Curtsy Lunge (Bodyweight),movement,strength,strength,strength,,,Bodyweight,quads; glutes; hamstrings,lunge,resistance_dynamic,tempo_reps,4,9,reps,90,true,false,0,true,false,false,knee_deep_flexion,2,false,true,standard_compound,internally_reviewed,acsm_resistance_2002; acsm_resistance_2026,yes,enriched_from_review_queue,Curtsy Lunge (Bodyweight),,"Controlled resistance repetitions; use the APEX tempo for this movement family and stop before technique changes. Evidence: acsm_resistance_2002, acsm_resistance_2026."
381,single_leg_box_squat,Single-leg Box Squat,Single-leg Box Squat,Single-leg Box Squat,movement,calisthenics,strength; calisthenics,strength; calisthenics,,,Bodyweight,quads; glutes; hamstrings; adductors,squat,resistance_dynamic,tempo_reps,4,9,reps,90,true,false,0,true,false,false,knee_deep_flexion,2,false,true,standard_compound,internally_reviewed,acsm_resistance_2002; acsm_resistance_2026; crossfit_gymnastics_guide,yes,enriched_from_review_queue,Single-leg Box Squat,,"Controlled resistance repetitions; use the APEX tempo for this movement family and stop before technique changes. Evidence: acsm_resistance_2002, acsm_resistance_2026, crossfit_gymnastics_guide."
382,assisted_pistol_squat,Assisted Pistol Squat,Assisted Pistol Squat,Assisted Pistol Squat,movement,calisthenics,strength; calisthenics,strength; calisthenics,,,Bodyweight,quads; glutes; hamstrings; adductors,squat,resistance_dynamic,tempo_reps,4,9,reps,90,false,false,0,true,false,false,knee_deep_flexion,2,false,true,standard_compound,internally_reviewed,acsm_resistance_2002; acsm_resistance_2026; crossfit_gymnastics_guide,yes,enriched_from_review_queue,Assisted Pistol Squat,,"Controlled resistance repetitions; use the APEX tempo for this movement family and stop before technique changes. Evidence: acsm_resistance_2002, acsm_resistance_2026, crossfit_gymnastics_guide."
383,jumping_pistol_squat,Jumping Pistol Squat,Jumping Pistol Squat,Jumping Pistol Squat,movement,calisthenics,calisthenics; hiit,conditioning; calisthenics,,,Bodyweight,quads; glutes; hamstrings; adductors,squat,plyometric,contacts,4,4,reps,60,false,false,0,true,false,false,ankle_impact; knee_deep_flexion; knee_impact,4,false,false,standard_compound,internally_reviewed,nsca_plyometric; crossfit_gymnastics_guide,yes,enriched_from_review_queue,Jumping Pistol Squat,,"Count crisp contacts only; use full recovery and stop when landing position or rebound quality changes. Evidence: nsca_plyometric, crossfit_gymnastics_guide."
384,sissy_squat_unloaded,Sissy Squat (Unloaded),Sissy Squat (Unloaded),Sissy Squat (Unloaded),movement,strength,strength,strength,,,Bodyweight,quads; glutes; hamstrings; adductors,squat,resistance_dynamic,tempo_reps,4,9,reps,90,false,false,0,true,false,false,knee_deep_flexion,2,false,true,standard_compound,internally_reviewed,acsm_resistance_2002; acsm_resistance_2026,yes,enriched_from_review_queue,Sissy Squat (Unloaded),,"Controlled resistance repetitions; use the APEX tempo for this movement family and stop before technique changes. Evidence: acsm_resistance_2002, acsm_resistance_2026."
385,glute_ham_walkout,Glute-Ham Walkout,Glute-Ham Walkout,Glute-Ham Walkout,movement,strength,strength,strength,,,Bodyweight,hamstrings; glutes; lowerBack; abs; obliques,hip_hinge,resistance_dynamic,tempo_reps,4,9,reps,90,false,false,0,true,false,false,lumbar_flexion,2,false,true,hamstring_eccentric,internally_reviewed,acsm_resistance_2002; acsm_resistance_2026,yes,enriched_from_review_queue,Glute-Ham Walkout,,"Controlled resistance repetitions; use the APEX tempo for this movement family and stop before technique changes. Evidence: acsm_resistance_2002, acsm_resistance_2026."
386,hip_thrust_bodyweight,Hip Thrust (Bodyweight),Hip Thrust (Bodyweight),Hip Thrust (Bodyweight),movement,strength,strength,strength,,,Bodyweight,hamstrings; glutes; lowerBack; abs; obliques,hip_hinge,resistance_dynamic,tempo_reps,4,9,reps,90,false,false,0,true,false,false,lumbar_flexion,2,false,true,glute_lockout,internally_reviewed,acsm_resistance_2002; acsm_resistance_2026,yes,enriched_from_review_queue,Hip Thrust (Bodyweight),,"Controlled resistance repetitions; use the APEX tempo for this movement family and stop before technique changes. Evidence: acsm_resistance_2002, acsm_resistance_2026."
387,single_leg_hip_thrust_bodyweight,Single-leg Hip Thrust (Bodyweight),Single-leg Hip Thrust (Bodyweight),Single-leg Hip Thrust (Bodyweight),movement,strength,strength,strength,,,Bodyweight,hamstrings; glutes; lowerBack; abs; obliques,hip_hinge,resistance_dynamic,tempo_reps,4,9,reps,90,true,false,0,true,false,false,lumbar_flexion,2,false,true,glute_lockout,internally_reviewed,acsm_resistance_2002; acsm_resistance_2026,yes,enriched_from_review_queue,Single-leg Hip Thrust (Bodyweight),,"Controlled resistance repetitions; use the APEX tempo for this movement family and stop before technique changes. Evidence: acsm_resistance_2002, acsm_resistance_2026."
388,reverse_lunge_to_knee_drive,Reverse Lunge to Knee Drive,Reverse Lunge to Knee Drive,Reverse Lunge to Knee Drive,movement,hiit,hiit,conditioning,,,Bodyweight,quads; glutes; hamstrings,lunge,conditioning_complex,interval,4,30,seconds,60,true,false,0,true,false,false,knee_deep_flexion,2,false,false,standard_compound,internally_reviewed,acsm_resistance_2002; acsm_resistance_2026,yes,enriched_from_review_queue,Reverse Lunge to Knee Drive,,"Controlled resistance repetitions; use the APEX tempo for this movement family and stop before technique changes. Evidence: acsm_resistance_2002, acsm_resistance_2026."
389,step_back_lunge_with_twist,Step-back Lunge with Twist,Step-back Lunge with Twist,Step-back Lunge with Twist,movement,hiit,hiit,conditioning,,,Bodyweight,quads; glutes; hamstrings,lunge,conditioning_complex,interval,4,30,seconds,60,false,false,0,true,false,false,knee_deep_flexion,2,false,false,standard_compound,internally_reviewed,acsm_resistance_2002; acsm_resistance_2026,yes,enriched_from_review_queue,Step-back Lunge with Twist,,"Controlled resistance repetitions; use the APEX tempo for this movement family and stop before technique changes. Evidence: acsm_resistance_2002, acsm_resistance_2026."
390,lateral_step_up,Lateral Step-up,Lateral Step-up,Lateral Step-up,movement,strength,strength,strength,,,Bodyweight,quads; glutes; hamstrings,lunge,resistance_dynamic,tempo_reps,4,9,reps,90,true,false,0,true,false,false,knee_deep_flexion,2,false,true,standard_compound,internally_reviewed,acsm_resistance_2002; acsm_resistance_2026,yes,enriched_from_review_queue,Lateral Step-up,,"Controlled resistance repetitions; use the APEX tempo for this movement family and stop before technique changes. Evidence: acsm_resistance_2002, acsm_resistance_2026."
391,calf_raise_on_step,Calf Raise on Step,Calf Raise on Step,Calf Raise on Step,movement,strength,strength,strength,,,Bodyweight,calves,isolation_lower,resistance_dynamic,tempo_reps,3,12,reps,60,false,false,0,true,false,false,,2,false,true,single_joint,internally_reviewed,acsm_resistance_2002; acsm_resistance_2026,yes,enriched_from_review_queue,Calf Raise on Step,,"Controlled resistance repetitions; use the APEX tempo for this movement family and stop before technique changes. Evidence: acsm_resistance_2002, acsm_resistance_2026."
392,donkey_calf_raise,Donkey Calf Raise,Donkey Calf Raise,Donkey Calf Raise,movement,strength,strength,strength,,,Bodyweight,calves,isolation_lower,resistance_dynamic,tempo_reps,3,12,reps,60,false,false,0,true,false,false,,2,false,true,single_joint,internally_reviewed,acsm_resistance_2002; acsm_resistance_2026,yes,enriched_from_review_queue,Donkey Calf Raise,,"Controlled resistance repetitions; use the APEX tempo for this movement family and stop before technique changes. Evidence: acsm_resistance_2002, acsm_resistance_2026."
393,wall_calf_raise,Wall Calf Raise,Wall Calf Raise,Wall Calf Raise,movement,strength,strength,strength,,,Bodyweight,calves,isolation_lower,resistance_dynamic,tempo_reps,3,12,reps,60,false,false,0,true,false,false,,2,false,true,single_joint,internally_reviewed,acsm_resistance_2002; acsm_resistance_2026,yes,enriched_from_review_queue,Wall Calf Raise,,"Controlled resistance repetitions; use the APEX tempo for this movement family and stop before technique changes. Evidence: acsm_resistance_2002, acsm_resistance_2026."
394,decline_push_up_high_feet,Decline Push-up (High Feet),Decline Push-up (High Feet),Decline Push-up (High Feet),movement,calisthenics,strength; calisthenics,strength; calisthenics,,,Bodyweight,chest; triceps; frontDelts,horizontal_push,resistance_dynamic,tempo_reps,4,9,reps,60,false,false,0,true,false,false,shoulder_press; wrist,2,false,true,standard_compound,internally_reviewed,acsm_resistance_2002; acsm_resistance_2026; crossfit_gymnastics_guide,yes,enriched_from_review_queue,Decline Push-up (High Feet),,"Controlled resistance repetitions; use the APEX tempo for this movement family and stop before technique changes. Evidence: acsm_resistance_2002, acsm_resistance_2026, crossfit_gymnastics_guide."
395,clap_push_up,Clap Push-up,Clap Push-up,Clap Push-up,movement,calisthenics,calisthenics; hiit,conditioning; calisthenics,,,Bodyweight,chest; triceps; frontDelts,horizontal_push,plyometric,contacts,4,4,reps,60,false,false,0,true,false,false,ankle_impact; knee_impact; shoulder_press; wrist,3,false,false,standard_compound,internally_reviewed,nsca_plyometric; crossfit_gymnastics_guide,yes,enriched_from_review_queue,Clap Push-up,,"Count crisp contacts only; use full recovery and stop when landing position or rebound quality changes. Evidence: nsca_plyometric, crossfit_gymnastics_guide."
396,wide_grip_push_up,Wide-Grip Push-up,Wide-Grip Push-up,Wide-Grip Push-up,movement,calisthenics,strength; calisthenics,strength; calisthenics,,,Bodyweight,chest; triceps; frontDelts,horizontal_push,resistance_dynamic,tempo_reps,4,9,reps,60,false,false,0,true,false,false,shoulder_press; wrist,2,false,true,standard_compound,internally_reviewed,acsm_resistance_2002; acsm_resistance_2026; crossfit_gymnastics_guide,yes,enriched_from_review_queue,Wide-Grip Push-up,,"Controlled resistance repetitions; use the APEX tempo for this movement family and stop before technique changes. Evidence: acsm_resistance_2002, acsm_resistance_2026, crossfit_gymnastics_guide."
397,close_grip_push_up,Close-Grip Push-up,Close-Grip Push-up,Close-Grip Push-up,movement,calisthenics,strength; calisthenics,strength; calisthenics,,,Bodyweight,chest; triceps; frontDelts,horizontal_push,resistance_dynamic,tempo_reps,4,9,reps,60,false,false,0,true,false,false,shoulder_press; wrist,2,false,true,standard_compound,internally_reviewed,acsm_resistance_2002; acsm_resistance_2026; crossfit_gymnastics_guide,yes,enriched_from_review_queue,Close-Grip Push-up,,"Controlled resistance repetitions; use the APEX tempo for this movement family and stop before technique changes. Evidence: acsm_resistance_2002, acsm_resistance_2026, crossfit_gymnastics_guide."
398,clock_push_up,Clock Push-up,Clock Push-up,Clock Push-up,movement,calisthenics,calisthenics; hiit,conditioning; calisthenics,,,Bodyweight,chest; triceps; frontDelts,horizontal_push,conditioning_complex,interval,4,30,seconds,60,false,false,0,true,false,false,shoulder_press; wrist,2,false,false,standard_compound,internally_reviewed,acsm_resistance_2002; acsm_resistance_2026; crossfit_gymnastics_guide,yes,enriched_from_review_queue,Clock Push-up,,"Controlled resistance repetitions; use the APEX tempo for this movement family and stop before technique changes. Evidence: acsm_resistance_2002, acsm_resistance_2026, crossfit_gymnastics_guide."
399,planche_lean,Planche Lean,Planche Lean,Planche Lean,movement,calisthenics,street; calisthenics,calisthenics; street_workout,,,Bodyweight,chest; triceps; frontDelts,horizontal_push,skill_drill,quality,4,10,seconds,60,false,false,0,true,false,false,shoulder_press; wrist,4,false,false,standard_compound,internally_reviewed,crossfit_gymnastics_guide; world_gymnastics_mag_2025,yes,enriched_from_review_queue,Planche Lean,,"Quality practice only; prerequisites and the coached-only gate take precedence over volume. Evidence: crossfit_gymnastics_guide, world_gymnastics_mag_2025."
400,planche_push_up,Planche Push-up,Planche Push-up,Planche Push-up,movement,calisthenics,street; calisthenics,calisthenics; street_workout,,,Bodyweight,chest; triceps; frontDelts,horizontal_push,skill_drill,quality,4,4,reps,60,false,false,0,false,true,false,shoulder_press; wrist,5,true,false,standard_compound,internally_reviewed,crossfit_gymnastics_guide; world_gymnastics_mag_2025,yes,enriched_from_review_queue,Planche Push-up,,"Quality practice only; prerequisites and the coached-only gate take precedence over volume. Requires qualified coaching in APEX. Evidence: crossfit_gymnastics_guide, world_gymnastics_mag_2025."
401,hindu_push_up,Hindu Push-up,Hindu Push-up,Hindu Push-up,movement,strength,strength,strength,,,Bodyweight,chest; triceps; frontDelts,horizontal_push,resistance_dynamic,tempo_reps,4,9,reps,60,false,false,0,true,false,false,shoulder_press; wrist,2,false,true,standard_compound,internally_reviewed,acsm_resistance_2002; acsm_resistance_2026,yes,enriched_from_review_queue,Hindu Push-up,,"Controlled resistance repetitions; use the APEX tempo for this movement family and stop before technique changes. Evidence: acsm_resistance_2002, acsm_resistance_2026."
402,divebomber_push_up,Divebomber Push-up,Divebomber Push-up,Divebomber Push-up,movement,strength,strength,strength,,,Bodyweight,chest; triceps; frontDelts,horizontal_push,resistance_dynamic,tempo_reps,4,9,reps,60,false,false,0,true,false,false,shoulder_press; wrist,2,false,true,standard_compound,internally_reviewed,acsm_resistance_2002; acsm_resistance_2026,yes,enriched_from_review_queue,Divebomber Push-up,,"Controlled resistance repetitions; use the APEX tempo for this movement family and stop before technique changes. Evidence: acsm_resistance_2002, acsm_resistance_2026."
403,spiderman_push_up,Spiderman Push-up,Spiderman Push-up,Spiderman Push-up,movement,calisthenics,strength; calisthenics,strength; calisthenics,,,Bodyweight,chest; triceps; frontDelts,horizontal_push,resistance_dynamic,tempo_reps,4,9,reps,60,false,false,0,true,false,false,shoulder_press; wrist,2,false,true,standard_compound,internally_reviewed,acsm_resistance_2002; acsm_resistance_2026; crossfit_gymnastics_guide,yes,enriched_from_review_queue,Spiderman Push-up,,"Controlled resistance repetitions; use the APEX tempo for this movement family and stop before technique changes. Evidence: acsm_resistance_2002, acsm_resistance_2026, crossfit_gymnastics_guide."
404,ring_push_up,Ring Push-up,Ring Push-up,Ring Push-up,movement,calisthenics,strength; calisthenics,strength; calisthenics; gymnastics,,,Rings,chest; triceps; frontDelts,horizontal_push,resistance_dynamic,tempo_reps,4,9,reps,60,false,false,0,true,false,false,shoulder_press; wrist,2,false,true,standard_compound,internally_reviewed,acsm_resistance_2002; acsm_resistance_2026; crossfit_gymnastics_guide; world_gymnastics_mag_2025,yes,enriched_from_review_queue,Ring Push-up,,"Controlled resistance repetitions; use the APEX tempo for this movement family and stop before technique changes. Evidence: acsm_resistance_2002, acsm_resistance_2026, crossfit_gymnastics_guide, world_gymnastics_mag_2025."
405,ring_archer_push_up,Ring Archer Push-up,Ring Archer Push-up,Ring Archer Push-up,movement,calisthenics,strength; calisthenics,strength; calisthenics; gymnastics,,,Rings,chest; triceps; frontDelts,horizontal_push,resistance_dynamic,tempo_reps,4,9,reps,60,false,false,0,true,false,false,shoulder_press; wrist,4,false,true,standard_compound,internally_reviewed,acsm_resistance_2002; acsm_resistance_2026; crossfit_gymnastics_guide; world_gymnastics_mag_2025,yes,enriched_from_review_queue,Ring Archer Push-up,,"Controlled resistance repetitions; use the APEX tempo for this movement family and stop before technique changes. Evidence: acsm_resistance_2002, acsm_resistance_2026, crossfit_gymnastics_guide, world_gymnastics_mag_2025."
406,ring_fly,Ring Fly,Ring Fly,Ring Fly,movement,calisthenics,strength; calisthenics,strength; calisthenics; gymnastics,,,Rings,chest; triceps; frontDelts,horizontal_push,resistance_dynamic,tempo_reps,3,9,reps,60,false,false,0,false,true,false,shoulder_press; wrist,5,true,true,standard_compound,internally_reviewed,acsm_resistance_2002; acsm_resistance_2026; crossfit_gymnastics_guide; world_gymnastics_mag_2025,yes,enriched_from_review_queue,Ring Fly,,"Controlled resistance repetitions; use the APEX tempo for this movement family and stop before technique changes. Requires qualified coaching in APEX. Evidence: acsm_resistance_2002, acsm_resistance_2026, crossfit_gymnastics_guide, world_gymnastics_mag_2025."
407,bench_dip_feet_on_floor,Bench Dip (Feet on Floor),Bench Dip (Feet on Floor),Bench Dip (Feet on Floor),movement,strength,strength,strength,,,Bodyweight,frontDelts; triceps; sideDelts; chest,vertical_push,resistance_dynamic,tempo_reps,4,9,reps,60,false,false,0,true,false,false,shoulder_overhead; shoulder_press; wrist,2,false,true,standard_compound,internally_reviewed,acsm_resistance_2002; acsm_resistance_2026,yes,enriched_from_review_queue,Bench Dip (Feet on Floor),,"Controlled resistance repetitions; use the APEX tempo for this movement family and stop before technique changes. Evidence: acsm_resistance_2002, acsm_resistance_2026."
408,bench_dip_feet_elevated,Bench Dip (Feet Elevated),Bench Dip (Feet Elevated),Bench Dip (Feet Elevated),movement,strength,strength,strength,,,Bodyweight,frontDelts; triceps; sideDelts; chest,vertical_push,resistance_dynamic,tempo_reps,4,9,reps,60,false,false,0,true,false,false,shoulder_overhead; shoulder_press; wrist,2,false,true,standard_compound,internally_reviewed,acsm_resistance_2002; acsm_resistance_2026,yes,enriched_from_review_queue,Bench Dip (Feet Elevated),,"Controlled resistance repetitions; use the APEX tempo for this movement family and stop before technique changes. Evidence: acsm_resistance_2002, acsm_resistance_2026."
409,ring_dip_forward_lean,Ring Dip - Forward Lean,Ring Dip - Forward Lean,Ring Dip - Forward Lean,movement,calisthenics,strength; calisthenics,strength; calisthenics; gymnastics,,,Rings,frontDelts; triceps; sideDelts; chest,vertical_push,resistance_dynamic,tempo_reps,4,9,reps,60,false,false,0,true,false,false,shoulder_overhead; shoulder_press; wrist,4,false,true,standard_compound,internally_reviewed,acsm_resistance_2002; acsm_resistance_2026; crossfit_gymnastics_guide; world_gymnastics_mag_2025,yes,enriched_from_review_queue,Ring Dip - Forward Lean,,"Controlled resistance repetitions; use the APEX tempo for this movement family and stop before technique changes. Evidence: acsm_resistance_2002, acsm_resistance_2026, crossfit_gymnastics_guide, world_gymnastics_mag_2025."
410,assisted_ring_dip,Assisted Ring Dip,Assisted Ring Dip,Assisted Ring Dip,movement,calisthenics,strength; calisthenics,strength; calisthenics; gymnastics,,,Rings,frontDelts; triceps; sideDelts; chest,vertical_push,resistance_dynamic,tempo_reps,4,9,reps,60,false,false,0,true,false,false,shoulder_overhead; shoulder_press; wrist,2,false,true,standard_compound,internally_reviewed,acsm_resistance_2002; acsm_resistance_2026; crossfit_gymnastics_guide; world_gymnastics_mag_2025,yes,enriched_from_review_queue,Assisted Ring Dip,,"Controlled resistance repetitions; use the APEX tempo for this movement family and stop before technique changes. Evidence: acsm_resistance_2002, acsm_resistance_2026, crossfit_gymnastics_guide, world_gymnastics_mag_2025."
411,isometric_dip_hold,Isometric Dip Hold,Isometric Dip Hold,Isometric Dip Hold,movement,calisthenics,strength; calisthenics,strength; calisthenics; gymnastics,,,Dip Bars,frontDelts; triceps; sideDelts; chest,vertical_push,resistance_isometric,hold,4,23,seconds,60,false,false,0,true,false,false,shoulder_overhead; shoulder_press; wrist,2,false,false,standard_compound,internally_reviewed,acsm_resistance_2002; acsm_resistance_2026; crossfit_gymnastics_guide; world_gymnastics_mag_2025,yes,enriched_from_review_queue,Isometric Dip Hold,,"Hold with continuous breathing and end the set when position changes. Evidence: acsm_resistance_2002, acsm_resistance_2026, crossfit_gymnastics_guide, world_gymnastics_mag_2025."
412,mixed_grip_pull_up,Mixed-Grip Pull-up,Mixed-Grip Pull-up,Mixed-Grip Pull-up,movement,calisthenics,street; strength; calisthenics,strength; calisthenics; street_workout,,,Pull Up Bar,lats; biceps; upperBack; forearms,vertical_pull,resistance_dynamic,tempo_reps,4,9,reps,60,false,false,0,true,false,false,elbow; shoulder_overhead,2,false,true,standard_compound,internally_reviewed,acsm_resistance_2002; acsm_resistance_2026; crossfit_gymnastics_guide,yes,enriched_from_review_queue,Mixed-Grip Pull-up,,"Controlled resistance repetitions; use the APEX tempo for this movement family and stop before technique changes. Evidence: acsm_resistance_2002, acsm_resistance_2026, crossfit_gymnastics_guide."
413,archer_pull_up,Archer Pull-up,Archer Pull-up,Archer Pull-up,movement,calisthenics,street; strength; calisthenics,strength; calisthenics; street_workout,,,Pull Up Bar,lats; biceps; upperBack; forearms,vertical_pull,resistance_dynamic,tempo_reps,4,9,reps,60,false,false,0,true,false,false,elbow; shoulder_overhead,4,false,true,standard_compound,internally_reviewed,acsm_resistance_2002; acsm_resistance_2026; crossfit_gymnastics_guide,yes,enriched_from_review_queue,Archer Pull-up,,"Controlled resistance repetitions; use the APEX tempo for this movement family and stop before technique changes. Evidence: acsm_resistance_2002, acsm_resistance_2026, crossfit_gymnastics_guide."
414,typewriter_pull_up,Typewriter Pull-up,Typewriter Pull-up,Typewriter Pull-up,movement,calisthenics,street; strength; calisthenics,strength; calisthenics; street_workout,,,Pull Up Bar,lats; biceps; upperBack; forearms,vertical_pull,resistance_dynamic,tempo_reps,4,9,reps,60,false,false,0,true,false,false,elbow; shoulder_overhead,4,false,true,standard_compound,internally_reviewed,acsm_resistance_2002; acsm_resistance_2026; crossfit_gymnastics_guide,yes,enriched_from_review_queue,Typewriter Pull-up,,"Controlled resistance repetitions; use the APEX tempo for this movement family and stop before technique changes. Evidence: acsm_resistance_2002, acsm_resistance_2026, crossfit_gymnastics_guide."
415,commando_pull_up,Commando Pull-up,Commando Pull-up,Commando Pull-up,movement,calisthenics,street; strength; calisthenics,strength; calisthenics; street_workout,,,Pull Up Bar,lats; biceps; upperBack; forearms,vertical_pull,resistance_dynamic,tempo_reps,4,9,reps,60,false,false,0,true,false,false,elbow; shoulder_overhead,2,false,true,standard_compound,internally_reviewed,acsm_resistance_2002; acsm_resistance_2026; crossfit_gymnastics_guide,yes,enriched_from_review_queue,Commando Pull-up,,"Controlled resistance repetitions; use the APEX tempo for this movement family and stop before technique changes. Evidence: acsm_resistance_2002, acsm_resistance_2026, crossfit_gymnastics_guide."
416,behind_the_neck_pull_up,Behind-the-Neck Pull-up,Behind-the-Neck Pull-up,Behind-the-Neck Pull-up,movement,strength,strength,strength,,,Pull Up Bar,lats; biceps; upperBack; forearms,vertical_pull,resistance_dynamic,tempo_reps,4,9,reps,60,false,false,0,false,false,false,elbow; shoulder_overhead; shoulder_press,5,true,true,standard_compound,internally_reviewed,acsm_resistance_2002; acsm_resistance_2026,yes,enriched_from_review_queue,Behind-the-Neck Pull-up,,"Controlled resistance repetitions; use the APEX tempo for this movement family and stop before technique changes. Requires qualified coaching in APEX. Evidence: acsm_resistance_2002, acsm_resistance_2026."
417,one_arm_pull_up_assisted,One-Arm Pull-up (Assisted),One-Arm Pull-up (Assisted),One-Arm Pull-up (Assisted),movement,calisthenics,street; calisthenics,calisthenics; street_workout,,,Pull Up Bar,lats; biceps; upperBack; forearms,vertical_pull,skill_drill,quality,4,4,reps,60,true,false,0,true,false,false,elbow; shoulder_overhead,4,false,false,standard_compound,internally_reviewed,crossfit_gymnastics_guide,yes,enriched_from_review_queue,One-Arm Pull-up (Assisted),,Quality practice only; prerequisites and the coached-only gate take precedence over volume. Evidence: crossfit_gymnastics_guide.
418,false_grip_pull_up,False-Grip Pull-up,False-Grip Pull-up,False-Grip Pull-up,movement,calisthenics,strength; calisthenics,strength; calisthenics; gymnastics,,,Rings,lats; biceps; upperBack; forearms,vertical_pull,resistance_dynamic,tempo_reps,4,9,reps,60,false,false,0,true,false,false,elbow; shoulder_overhead,4,false,true,standard_compound,internally_reviewed,acsm_resistance_2002; acsm_resistance_2026; crossfit_gymnastics_guide; world_gymnastics_mag_2025,yes,enriched_from_review_queue,False-Grip Pull-up,,"Controlled resistance repetitions; use the APEX tempo for this movement family and stop before technique changes. Evidence: acsm_resistance_2002, acsm_resistance_2026, crossfit_gymnastics_guide, world_gymnastics_mag_2025."
419,chest_to_bar_pull_up_strict,Chest-to-Bar Pull-up (Strict),Chest-to-Bar Pull-up (Strict),Chest-to-Bar Pull-up (Strict),movement,calisthenics,crossfit; strength; calisthenics; hiit,strength; crossfit; calisthenics,,,Pull Up Bar,lats; biceps; upperBack; forearms,vertical_pull,resistance_dynamic,tempo_reps,4,9,reps,60,false,false,0,true,false,false,elbow; shoulder_overhead,2,false,true,standard_compound,internally_reviewed,acsm_resistance_2002; acsm_resistance_2026; crossfit_gymnastics_guide,yes,enriched_from_review_queue,Chest-to-Bar Pull-up (Strict),,"Controlled resistance repetitions; use the APEX tempo for this movement family and stop before technique changes. Evidence: acsm_resistance_2002, acsm_resistance_2026, crossfit_gymnastics_guide."
420,inverted_row_underhand,Inverted Row - Underhand,Inverted Row - Underhand,Inverted Row - Underhand,movement,calisthenics,strength; calisthenics,strength; calisthenics,,,Bodyweight,lats; upperBack; biceps; rearDelts,horizontal_pull,resistance_dynamic,tempo_reps,4,9,reps,60,false,false,0,true,false,false,,2,false,true,standard_compound,internally_reviewed,acsm_resistance_2002; acsm_resistance_2026; crossfit_gymnastics_guide,yes,enriched_from_review_queue,Inverted Row - Underhand,,"Controlled resistance repetitions; use the APEX tempo for this movement family and stop before technique changes. Evidence: acsm_resistance_2002, acsm_resistance_2026, crossfit_gymnastics_guide."
421,inverted_row_wide_grip,Inverted Row - Wide Grip,Inverted Row - Wide Grip,Inverted Row - Wide Grip,movement,calisthenics,strength; calisthenics,strength; calisthenics,,,Bodyweight,lats; upperBack; biceps; rearDelts,horizontal_pull,resistance_dynamic,tempo_reps,4,9,reps,60,false,false,0,true,false,false,,2,false,true,standard_compound,internally_reviewed,acsm_resistance_2002; acsm_resistance_2026; crossfit_gymnastics_guide,yes,enriched_from_review_queue,Inverted Row - Wide Grip,,"Controlled resistance repetitions; use the APEX tempo for this movement family and stop before technique changes. Evidence: acsm_resistance_2002, acsm_resistance_2026, crossfit_gymnastics_guide."
422,ring_row_supinated,Ring Row (Supinated),Ring Row (Supinated),Ring Row (Supinated),movement,calisthenics,strength; calisthenics,strength; calisthenics; gymnastics,,,Rings,lats; upperBack; biceps; rearDelts,horizontal_pull,resistance_dynamic,tempo_reps,4,9,reps,60,false,false,0,true,false,false,,2,false,true,standard_compound,internally_reviewed,acsm_resistance_2002; acsm_resistance_2026; crossfit_gymnastics_guide; world_gymnastics_mag_2025,yes,enriched_from_review_queue,Ring Row (Supinated),,"Controlled resistance repetitions; use the APEX tempo for this movement family and stop before technique changes. Evidence: acsm_resistance_2002, acsm_resistance_2026, crossfit_gymnastics_guide, world_gymnastics_mag_2025."
423,rope_climb_feet_clamp,Rope Climb (Feet Clamp),Rope Climb (Feet Clamp),Rope Climb (Feet Clamp),movement,hiit,crossfit; strength; hiit,strength; crossfit,,,Rope,lats; biceps; upperBack; forearms,vertical_pull,resistance_dynamic,tempo_reps,4,9,reps,60,false,false,0,false,true,false,elbow; shoulder_overhead,5,true,true,standard_compound,internally_reviewed,acsm_resistance_2002; acsm_resistance_2026; crossfit_rope_climb,yes,enriched_from_review_queue,Rope Climb (Feet Clamp),,"Controlled resistance repetitions; use the APEX tempo for this movement family and stop before technique changes. Verify the rope anchor and landing zone and descend under control. Requires qualified coaching in APEX. Evidence: acsm_resistance_2002, acsm_resistance_2026, crossfit_rope_climb."
424,rope_climb_legless,Rope Climb (Legless),Rope Climb (Legless),Rope Climb (Legless),movement,hiit,crossfit; strength; hiit,strength; crossfit,,,Rope,lats; biceps; upperBack; forearms,vertical_pull,resistance_dynamic,tempo_reps,4,9,reps,60,false,false,0,false,true,false,elbow; shoulder_overhead,5,true,true,standard_compound,internally_reviewed,acsm_resistance_2002; acsm_resistance_2026; crossfit_rope_climb,yes,enriched_from_review_queue,Rope Climb (Legless),,"Controlled resistance repetitions; use the APEX tempo for this movement family and stop before technique changes. Verify the rope anchor and landing zone and descend under control. Requires qualified coaching in APEX. Evidence: acsm_resistance_2002, acsm_resistance_2026, crossfit_rope_climb."
425,towel_pull_up,Towel Pull-up,Towel Pull-up,Towel Pull-up,movement,calisthenics,strength; calisthenics,strength; calisthenics,,,Towel · Pull Up Bar,lats; biceps; upperBack; forearms,vertical_pull,resistance_dynamic,tempo_reps,4,9,reps,60,false,false,0,true,false,false,elbow; shoulder_overhead,2,false,true,standard_compound,internally_reviewed,acsm_resistance_2002; acsm_resistance_2026; crossfit_gymnastics_guide,yes,enriched_from_review_queue,Towel Pull-up,,"Controlled resistance repetitions; use the APEX tempo for this movement family and stop before technique changes. Evidence: acsm_resistance_2002, acsm_resistance_2026, crossfit_gymnastics_guide."
426,skin_the_cat,Skin-the-Cat,Skin-the-Cat,Skin-the-Cat,movement,calisthenics,calisthenics,calisthenics; gymnastics,,,Rings,chest; upperBack; abs; glutes; quads; obliques,skill,skill_drill,quality,4,4,reps,60,false,false,0,false,true,false,,5,true,false,standard_compound,internally_reviewed,crossfit_gymnastics_guide; world_gymnastics_mag_2025,yes,enriched_from_review_queue,Skin-the-Cat,,"Quality practice only; prerequisites and the coached-only gate take precedence over volume. Requires qualified coaching in APEX. Evidence: crossfit_gymnastics_guide, world_gymnastics_mag_2025."
427,german_hang,German Hang,German Hang,German Hang,movement,calisthenics,calisthenics,calisthenics; gymnastics,,,Rings,adductors; glutes,mobility,skill_drill,quality,4,10,seconds,60,false,false,0,false,true,false,shoulder_overhead,5,true,false,standard_compound,internally_reviewed,crossfit_gymnastics_guide; world_gymnastics_mag_2025,yes,enriched_from_review_queue,German Hang,,"Quality practice only; prerequisites and the coached-only gate take precedence over volume. Requires qualified coaching in APEX. Evidence: crossfit_gymnastics_guide, world_gymnastics_mag_2025."
428,front_lever_tuck_hold,Front Lever Tuck Hold,Front Lever Tuck Hold,Front Lever Tuck Hold,movement,calisthenics,street; calisthenics,calisthenics; street_workout,,,Bodyweight,chest; upperBack; abs; glutes; quads; obliques,skill,skill_drill,quality,4,10,seconds,60,false,false,0,true,false,false,,4,false,false,standard_compound,internally_reviewed,crossfit_gymnastics_guide; world_gymnastics_mag_2025,yes,enriched_from_review_queue,Front Lever Tuck Hold,,"Quality practice only; prerequisites and the coached-only gate take precedence over volume. Evidence: crossfit_gymnastics_guide, world_gymnastics_mag_2025."
429,front_lever_advanced_tuck,Front Lever Advanced Tuck,Front Lever Advanced Tuck,Front Lever Advanced Tuck,movement,calisthenics,street; calisthenics,calisthenics; street_workout,,,Bodyweight,chest; upperBack; abs; glutes; quads; obliques,skill,skill_drill,quality,4,10,seconds,60,false,false,0,false,true,false,,5,true,false,standard_compound,internally_reviewed,crossfit_gymnastics_guide; world_gymnastics_mag_2025,yes,enriched_from_review_queue,Front Lever Advanced Tuck,,"Quality practice only; prerequisites and the coached-only gate take precedence over volume. Requires qualified coaching in APEX. Evidence: crossfit_gymnastics_guide, world_gymnastics_mag_2025."
430,back_lever_tuck_hold,Back Lever Tuck Hold,Back Lever Tuck Hold,Back Lever Tuck Hold,movement,calisthenics,calisthenics,calisthenics; gymnastics,,,Rings,chest; upperBack; abs; glutes; quads; obliques,skill,skill_drill,quality,4,10,seconds,60,false,false,0,false,true,false,,5,true,false,standard_compound,internally_reviewed,crossfit_gymnastics_guide; world_gymnastics_mag_2025,yes,enriched_from_review_queue,Back Lever Tuck Hold,,"Quality practice only; prerequisites and the coached-only gate take precedence over volume. Requires qualified coaching in APEX. Evidence: crossfit_gymnastics_guide, world_gymnastics_mag_2025."
431,back_lever_full_hold,Back Lever Full Hold,Back Lever Full Hold,Back Lever Full Hold,movement,calisthenics,calisthenics,calisthenics; gymnastics,,,Rings,chest; upperBack; abs; glutes; quads; obliques,skill,skill_drill,quality,4,10,seconds,60,false,false,0,false,true,false,,5,true,false,standard_compound,internally_reviewed,crossfit_gymnastics_guide; world_gymnastics_mag_2025,yes,enriched_from_review_queue,Back Lever Full Hold,,"Quality practice only; prerequisites and the coached-only gate take precedence over volume. Requires qualified coaching in APEX. Evidence: crossfit_gymnastics_guide, world_gymnastics_mag_2025."
432,hollow_rock,Hollow Rock,Hollow Rock,Hollow Rock,movement,calisthenics,crossfit; strength; calisthenics; hiit,strength; gymnastics; calisthenics; crossfit,,,Mat,abs; obliques,core_anti_extension,resistance_dynamic,tempo_reps,4,12,reps,60,false,false,0,true,false,false,,2,false,true,core_braced,internally_reviewed,acsm_resistance_2002; acsm_resistance_2026; crossfit_gymnastics_guide; world_gymnastics_mag_2025,yes,enriched_from_review_queue,Hollow Rock,,"Controlled resistance repetitions; use the APEX tempo for this movement family and stop before technique changes. Evidence: acsm_resistance_2002, acsm_resistance_2026, crossfit_gymnastics_guide, world_gymnastics_mag_2025."
433,v_sit_hold,V-Sit Hold,V-Sit Hold,V-Sit Hold,movement,calisthenics,calisthenics,calisthenics; gymnastics,,,Mat,abs; obliques,core_flexion,skill_drill,quality,4,10,seconds,60,false,false,0,true,false,false,,4,false,false,core_braced,internally_reviewed,crossfit_gymnastics_guide; world_gymnastics_mag_2025,yes,enriched_from_review_queue,V-Sit Hold,,"Quality practice only; prerequisites and the coached-only gate take precedence over volume. Evidence: crossfit_gymnastics_guide, world_gymnastics_mag_2025."
434,straddle_l_sit,Straddle L-Sit,Straddle L-Sit,Straddle L-Sit,movement,calisthenics,calisthenics,calisthenics; gymnastics,,,Parallettes,abs; obliques,core_flexion,skill_drill,quality,4,10,seconds,60,false,false,0,true,false,false,,4,false,false,core_braced,internally_reviewed,crossfit_gymnastics_guide; world_gymnastics_mag_2025,yes,enriched_from_review_queue,Straddle L-Sit,,"Quality practice only; prerequisites and the coached-only gate take precedence over volume. Evidence: crossfit_gymnastics_guide, world_gymnastics_mag_2025."
435,open_tuck_l_sit,Open Tuck L-Sit,Open Tuck L-Sit,Open Tuck L-Sit,movement,calisthenics,calisthenics,calisthenics; gymnastics,,,Parallettes,abs; obliques,core_flexion,skill_drill,quality,4,10,seconds,60,false,false,0,true,false,false,,4,false,false,core_braced,internally_reviewed,crossfit_gymnastics_guide; world_gymnastics_mag_2025,yes,enriched_from_review_queue,Open Tuck L-Sit,,"Quality practice only; prerequisites and the coached-only gate take precedence over volume. Evidence: crossfit_gymnastics_guide, world_gymnastics_mag_2025."
436,manna_progression_hold,Manna Progression Hold,Manna Progression Hold,Manna Progression Hold,movement,calisthenics,calisthenics,gymnastics; calisthenics,,,Parallettes,abs; obliques,core_flexion,skill_drill,quality,4,10,seconds,60,false,false,0,false,true,false,,5,true,false,core_braced,internally_reviewed,crossfit_gymnastics_guide; world_gymnastics_mag_2025,yes,enriched_from_review_queue,Manna Progression Hold,,"Quality practice only; prerequisites and the coached-only gate take precedence over volume. Requires qualified coaching in APEX. Evidence: crossfit_gymnastics_guide, world_gymnastics_mag_2025."
437,dragon_flag_eccentrics,Dragon Flag Eccentrics,Dragon Flag Eccentrics,Dragon Flag Eccentrics,movement,calisthenics,strength; calisthenics,strength; calisthenics,,,Bench,abs; obliques,core_flexion,resistance_dynamic,tempo_reps,4,12,reps,60,false,false,0,true,false,false,,2,false,true,core_braced,internally_reviewed,acsm_resistance_2002; acsm_resistance_2026; crossfit_gymnastics_guide,yes,enriched_from_review_queue,Dragon Flag Eccentrics,,"Controlled resistance repetitions; use the APEX tempo for this movement family and stop before technique changes. Evidence: acsm_resistance_2002, acsm_resistance_2026, crossfit_gymnastics_guide."
438,dragon_flag_full,Dragon Flag Full,Dragon Flag Full,Dragon Flag Full,movement,calisthenics,strength; calisthenics,strength; calisthenics,,,Bench,abs; obliques,core_flexion,resistance_dynamic,tempo_reps,4,12,reps,60,false,false,0,true,false,false,,4,false,true,core_braced,internally_reviewed,acsm_resistance_2002; acsm_resistance_2026; crossfit_gymnastics_guide,yes,enriched_from_review_queue,Dragon Flag Full,,"Controlled resistance repetitions; use the APEX tempo for this movement family and stop before technique changes. Evidence: acsm_resistance_2002, acsm_resistance_2026, crossfit_gymnastics_guide."
439,hip_raise_on_bench,Hip Raise on Bench,Hip Raise on Bench,Hip Raise on Bench,movement,strength,strength,strength,,,Bench,abs; obliques,core_flexion,resistance_dynamic,tempo_reps,4,12,reps,60,false,false,0,true,false,false,,2,false,true,core_braced,internally_reviewed,acsm_resistance_2002; acsm_resistance_2026,yes,enriched_from_review_queue,Hip Raise on Bench,,"Controlled resistance repetitions; use the APEX tempo for this movement family and stop before technique changes. Evidence: acsm_resistance_2002, acsm_resistance_2026."
440,jackknife_sit_up,Jackknife Sit-up,Jackknife Sit-up,Jackknife Sit-up,movement,strength,strength,strength,,,Mat,abs; obliques,core_flexion,resistance_dynamic,tempo_reps,3,12,reps,60,false,false,0,true,false,false,,2,false,true,core_braced,internally_reviewed,acsm_resistance_2002; acsm_resistance_2026,yes,enriched_from_review_queue,Jackknife Sit-up,,"Controlled resistance repetitions; use the APEX tempo for this movement family and stop before technique changes. Evidence: acsm_resistance_2002, acsm_resistance_2026."
441,bicycle_crunch,Bicycle Crunch,Bicycle Crunch,Bicycle Crunch,movement,strength,strength,strength,,,Mat,abs; obliques,core_flexion,resistance_dynamic,tempo_reps,4,12,reps,60,false,false,0,true,false,false,,2,false,true,core_braced,internally_reviewed,acsm_resistance_2002; acsm_resistance_2026,yes,enriched_from_review_queue,Bicycle Crunch,,"Controlled resistance repetitions; use the APEX tempo for this movement family and stop before technique changes. Evidence: acsm_resistance_2002, acsm_resistance_2026."
442,cross_body_mountain_climber,Cross-Body Mountain Climber,Cross-Body Mountain Climber,Cross-Body Mountain Climber,movement,hiit,hiit,conditioning,,,Mat,obliques; abs; glutes,core_anti_rotation,conditioning_complex,interval,4,30,seconds,60,true,false,0,true,false,false,,2,false,false,core_braced,internally_reviewed,acsm_resistance_2002; acsm_resistance_2026,yes,enriched_from_review_queue,Cross-Body Mountain Climber,,"Controlled resistance repetitions; use the APEX tempo for this movement family and stop before technique changes. Evidence: acsm_resistance_2002, acsm_resistance_2026."
443,plank_with_shoulder_tap,Plank with Shoulder Tap,Plank with Shoulder Tap,Plank with Shoulder Tap,movement,strength,strength,strength,,,Mat,obliques; abs; glutes,core_anti_rotation,resistance_dynamic,tempo_reps,4,12,reps,60,false,false,0,true,false,false,,2,false,true,core_braced,internally_reviewed,acsm_resistance_2002; acsm_resistance_2026,yes,enriched_from_review_queue,Plank with Shoulder Tap,,"Controlled resistance repetitions; use the APEX tempo for this movement family and stop before technique changes. Evidence: acsm_resistance_2002, acsm_resistance_2026."
444,single_arm_single_leg_plank,Single-Arm Single-Leg Plank,Single-Arm Single-Leg Plank,Single-Arm Single-Leg Plank,movement,strength,strength,strength,,,Mat,abs; obliques,core_anti_extension,resistance_dynamic,tempo_reps,4,12,reps,60,true,false,0,true,false,false,,2,false,true,core_braced,internally_reviewed,acsm_resistance_2002; acsm_resistance_2026,yes,enriched_from_review_queue,Single-Arm Single-Leg Plank,,"Controlled resistance repetitions; use the APEX tempo for this movement family and stop before technique changes. Evidence: acsm_resistance_2002, acsm_resistance_2026."
445,side_plank_with_leg_lift,Side Plank with Leg Lift,Side Plank with Leg Lift,Side Plank with Leg Lift,movement,strength,strength,strength,,,Mat,obliques; abs; glutes,core_anti_lateral_flexion,resistance_dynamic,tempo_reps,4,12,reps,60,false,false,0,true,false,false,,2,false,true,core_braced,internally_reviewed,acsm_resistance_2002; acsm_resistance_2026,yes,enriched_from_review_queue,Side Plank with Leg Lift,,"Controlled resistance repetitions; use the APEX tempo for this movement family and stop before technique changes. Evidence: acsm_resistance_2002, acsm_resistance_2026."
446,copenhagen_side_plank_long_lever,Copenhagen Side Plank - Long Lever,Copenhagen Side Plank - Long Lever,Copenhagen Side Plank - Long Lever,movement,strength,strength,strength,,,Bench,obliques; abs; glutes,core_anti_lateral_flexion,resistance_dynamic,tempo_reps,4,12,reps,60,false,false,0,true,false,false,,2,false,true,core_braced,internally_reviewed,acsm_resistance_2002; acsm_resistance_2026; world_gymnastics_mag_2025,yes,enriched_from_review_queue,Copenhagen Side Plank - Long Lever,,"Controlled resistance repetitions; use the APEX tempo for this movement family and stop before technique changes. Evidence: acsm_resistance_2002, acsm_resistance_2026, world_gymnastics_mag_2025."
447,crab_walk,Crab Walk,Crab Walk,Crab Walk,movement,hiit,hiit,conditioning,,,Bodyweight,chest; upperBack; abs; glutes; quads; obliques,conditioning,conditioning_complex,interval,4,30,seconds,60,false,false,0,true,false,false,,2,false,false,standard_compound,internally_reviewed,acsm_resistance_2002; acsm_resistance_2026,yes,enriched_from_review_queue,Crab Walk,,"Controlled resistance repetitions; use the APEX tempo for this movement family and stop before technique changes. Evidence: acsm_resistance_2002, acsm_resistance_2026."
448,inchworm_walkout,Inchworm Walkout,Inchworm Walkout,Inchworm Walkout,movement,hiit,hiit,conditioning,,,Bodyweight,chest; upperBack; abs; glutes; quads; obliques,conditioning,conditioning_complex,interval,4,30,seconds,60,false,false,0,true,false,false,,2,false,false,standard_compound,internally_reviewed,acsm_resistance_2002; acsm_resistance_2026,yes,enriched_from_review_queue,Inchworm Walkout,,"Controlled resistance repetitions; use the APEX tempo for this movement family and stop before technique changes. Evidence: acsm_resistance_2002, acsm_resistance_2026."
449,walkout_to_push_up,Walkout to Push-up,Walkout to Push-up,Walkout to Push-up,movement,hiit,hiit,conditioning,,,Bodyweight,chest; upperBack; abs; glutes; quads; obliques,conditioning,conditioning_complex,interval,4,30,seconds,60,false,false,0,true,false,false,shoulder_press; wrist,2,false,false,standard_compound,internally_reviewed,acsm_resistance_2002; acsm_resistance_2026,yes,enriched_from_review_queue,Walkout to Push-up,,"Controlled resistance repetitions; use the APEX tempo for this movement family and stop before technique changes. Evidence: acsm_resistance_2002, acsm_resistance_2026."
450,hollow_body_arch_rock,Hollow Body Arch Rock,Hollow Body Arch Rock,Hollow Body Arch Rock,movement,calisthenics,crossfit; calisthenics; hiit,conditioning; gymnastics; calisthenics; crossfit,,,Mat,abs; obliques,core_anti_extension,conditioning_complex,interval,4,30,seconds,60,false,false,0,true,false,false,,2,false,false,core_braced,internally_reviewed,acsm_resistance_2002; acsm_resistance_2026; crossfit_gymnastics_guide; world_gymnastics_mag_2025,yes,enriched_from_review_queue,Hollow Body Arch Rock,,"Controlled resistance repetitions; use the APEX tempo for this movement family and stop before technique changes. Evidence: acsm_resistance_2002, acsm_resistance_2026, crossfit_gymnastics_guide, world_gymnastics_mag_2025."
451,barbell_rack_pull,Barbell Rack Pull,Barbell Rack Pull,Barbell Rack Pull,movement,weights,powerlifting; strength; weights,strength; powerlifting,,,Barbell · Plates,hamstrings; glutes; lowerBack; abs; obliques,hip_hinge,resistance_dynamic,tempo_reps,4,9,reps,90,false,true,2.5,true,false,false,lumbar_flexion,2,false,true,hamstring_eccentric,internally_reviewed,acsm_resistance_2002; acsm_resistance_2026,yes,enriched_from_review_queue,Barbell Rack Pull,,"Controlled resistance repetitions; use the APEX tempo for this movement family and stop before technique changes. Evidence: acsm_resistance_2002, acsm_resistance_2026."
452,deficit_romanian_deadlift,Deficit Romanian Deadlift,Deficit Romanian Deadlift,Deficit Romanian Deadlift,movement,weights,strength; weights,strength,,,Barbell · Plates,hamstrings; glutes; lowerBack; abs; obliques,hip_hinge,resistance_dynamic,tempo_reps,4,9,reps,90,false,true,2.5,true,false,false,lumbar_flexion,2,false,true,hamstring_eccentric,internally_reviewed,acsm_resistance_2002; acsm_resistance_2026,yes,enriched_from_review_queue,Deficit Romanian Deadlift,,"Controlled resistance repetitions; use the APEX tempo for this movement family and stop before technique changes. Evidence: acsm_resistance_2002, acsm_resistance_2026."
453,snatch_grip_romanian_deadlift,Snatch-Grip Romanian Deadlift,Snatch-Grip Romanian Deadlift,Snatch-Grip Romanian Deadlift,movement,weights,olympic_weightlifting; strength; weights,strength; olympic_weightlifting,,,Barbell · Plates,hamstrings; glutes; lowerBack; abs; obliques,hip_hinge,resistance_dynamic,quality_reps,4,9,reps,90,false,true,2.5,true,false,false,lumbar_flexion; shoulder_overhead; shoulder_press,2,false,false,hamstring_eccentric,internally_reviewed,acsm_resistance_2002; acsm_resistance_2026; nsca_weightlifting_2023; iwf_tcrr_2025; nsca_higher_risk_resistance,yes,enriched_from_review_queue,Snatch-Grip Romanian Deadlift,,"Controlled resistance repetitions; use the APEX tempo for this movement family and stop before technique changes. Evidence: acsm_resistance_2002, acsm_resistance_2026, nsca_weightlifting_2023, iwf_tcrr_2025, nsca_higher_risk_resistance."
454,barbell_hip_thrust_single_leg,Barbell Hip Thrust - Single-Leg,Barbell Hip Thrust - Single-Leg,Barbell Hip Thrust - Single-Leg,movement,weights,strength; weights,strength,,,Barbell · Plates,hamstrings; glutes; lowerBack; abs; obliques,hip_hinge,resistance_dynamic,tempo_reps,4,9,reps,90,true,true,2.5,true,false,false,lumbar_flexion,2,false,true,glute_lockout,internally_reviewed,acsm_resistance_2002; acsm_resistance_2026,yes,enriched_from_review_queue,Barbell Hip Thrust - Single-Leg,,"Controlled resistance repetitions; use the APEX tempo for this movement family and stop before technique changes. Evidence: acsm_resistance_2002, acsm_resistance_2026."
455,barbell_glute_bridge,Barbell Glute Bridge,Barbell Glute Bridge,Barbell Glute Bridge,movement,weights,strength; weights,strength,,,Barbell · Plates,hamstrings; glutes; lowerBack; abs; obliques,hip_hinge,resistance_dynamic,tempo_reps,4,9,reps,90,false,true,2.5,true,false,false,lumbar_flexion,2,false,true,glute_lockout,internally_reviewed,acsm_resistance_2002; acsm_resistance_2026,yes,enriched_from_review_queue,Barbell Glute Bridge,,"Controlled resistance repetitions; use the APEX tempo for this movement family and stop before technique changes. Evidence: acsm_resistance_2002, acsm_resistance_2026."
456,barbell_step_up,Barbell Step-up,Barbell Step-up,Barbell Step-up,movement,weights,strength; weights,strength,,,Barbell · Plates,quads; glutes; hamstrings,lunge,resistance_dynamic,tempo_reps,4,9,reps,90,true,true,2.5,true,false,false,knee_deep_flexion,2,false,true,standard_compound,internally_reviewed,acsm_resistance_2002; acsm_resistance_2026,yes,enriched_from_review_queue,Barbell Step-up,,"Controlled resistance repetitions; use the APEX tempo for this movement family and stop before technique changes. Evidence: acsm_resistance_2002, acsm_resistance_2026."
457,barbell_walking_lunge_front_rack,Barbell Walking Lunge (Front Rack),Barbell Walking Lunge (Front Rack),Barbell Walking Lunge (Front Rack),movement,weights,crossfit; strength; hiit; weights,strength; crossfit,,,Barbell · Plates,quads; glutes; hamstrings,lunge,resistance_dynamic,tempo_reps,4,9,reps,90,false,true,2.5,true,false,false,knee_deep_flexion,2,false,true,standard_compound,internally_reviewed,acsm_resistance_2002; acsm_resistance_2026,yes,enriched_from_review_queue,Barbell Walking Lunge (Front Rack),,"Controlled resistance repetitions; use the APEX tempo for this movement family and stop before technique changes. Evidence: acsm_resistance_2002, acsm_resistance_2026."
458,barbell_split_jerk,Barbell Split Jerk,Barbell Split Jerk,Barbell Split Jerk,movement,weights,olympic_weightlifting; crossfit; strength; hiit; weights,strength; olympic_weightlifting; crossfit,,,Barbell · Plates,frontDelts; triceps; sideDelts; chest,vertical_push,resistance_dynamic,quality_reps,4,5,reps,120,false,true,2.5,false,false,false,shoulder_overhead; shoulder_press,5,true,false,standard_compound,internally_reviewed,acsm_resistance_2002; acsm_resistance_2026; nsca_weightlifting_2023; iwf_tcrr_2025; nsca_higher_risk_resistance,yes,enriched_from_review_queue,Barbell Split Jerk,,"Explosive quality repetitions: no artificial lifting cadence; stop when speed, catch or fixation changes. Requires qualified coaching in APEX. Evidence: acsm_resistance_2002, acsm_resistance_2026, nsca_weightlifting_2023, iwf_tcrr_2025, nsca_higher_risk_resistance."
459,barbell_push_jerk,Barbell Push Jerk,Barbell Push Jerk,Barbell Push Jerk,movement,weights,olympic_weightlifting; crossfit; strength; hiit; weights,strength; olympic_weightlifting; crossfit,,,Barbell · Plates,frontDelts; triceps; sideDelts; chest,vertical_push,resistance_dynamic,quality_reps,4,5,reps,120,false,true,2.5,false,false,false,shoulder_overhead; shoulder_press,5,true,false,standard_compound,internally_reviewed,acsm_resistance_2002; acsm_resistance_2026; nsca_weightlifting_2023; iwf_tcrr_2025; nsca_higher_risk_resistance,yes,enriched_from_review_queue,Barbell Push Jerk,,"Explosive quality repetitions: no artificial lifting cadence; stop when speed, catch or fixation changes. Requires qualified coaching in APEX. Evidence: acsm_resistance_2002, acsm_resistance_2026, nsca_weightlifting_2023, iwf_tcrr_2025, nsca_higher_risk_resistance."
460,barbell_power_jerk,Barbell Power Jerk,Barbell Power Jerk,Barbell Power Jerk,movement,weights,olympic_weightlifting; crossfit; strength; hiit; weights,strength; olympic_weightlifting; crossfit,,,Barbell · Plates,frontDelts; triceps; sideDelts; chest,vertical_push,resistance_dynamic,quality_reps,4,5,reps,120,false,true,2.5,false,false,false,shoulder_overhead; shoulder_press,5,true,false,standard_compound,internally_reviewed,acsm_resistance_2002; acsm_resistance_2026; nsca_weightlifting_2023; iwf_tcrr_2025; nsca_higher_risk_resistance,yes,enriched_from_review_queue,Barbell Power Jerk,,"Explosive quality repetitions: no artificial lifting cadence; stop when speed, catch or fixation changes. Requires qualified coaching in APEX. Evidence: acsm_resistance_2002, acsm_resistance_2026, nsca_weightlifting_2023, iwf_tcrr_2025, nsca_higher_risk_resistance."
461,barbell_floor_row,Barbell Floor Row,Barbell Floor Row,Barbell Floor Row,movement,weights,strength; weights,strength,,,Barbell · Plates,lats; upperBack; biceps; rearDelts,horizontal_pull,resistance_dynamic,tempo_reps,4,9,reps,60,false,true,2.5,true,false,false,,2,false,true,standard_compound,internally_reviewed,acsm_resistance_2002; acsm_resistance_2026,yes,enriched_from_review_queue,Barbell Floor Row,,"Controlled resistance repetitions; use the APEX tempo for this movement family and stop before technique changes. Evidence: acsm_resistance_2002, acsm_resistance_2026."
462,landmine_reverse_lunge,Landmine Reverse Lunge,Landmine Reverse Lunge,Landmine Reverse Lunge,movement,weights,strength; weights,strength,,,Landmine · Plates,quads; glutes; hamstrings,lunge,resistance_dynamic,tempo_reps,4,9,reps,90,true,true,2.5,true,false,false,knee_deep_flexion,2,false,true,standard_compound,internally_reviewed,acsm_resistance_2002; acsm_resistance_2026,yes,enriched_from_review_queue,Landmine Reverse Lunge,,"Controlled resistance repetitions; use the APEX tempo for this movement family and stop before technique changes. Evidence: acsm_resistance_2002, acsm_resistance_2026."
463,landmine_lateral_lunge,Landmine Lateral Lunge,Landmine Lateral Lunge,Landmine Lateral Lunge,movement,weights,strength; weights,strength,,,Landmine · Plates,quads; glutes; hamstrings,lunge,resistance_dynamic,tempo_reps,4,9,reps,90,true,true,2.5,true,false,false,knee_deep_flexion,2,false,true,standard_compound,internally_reviewed,acsm_resistance_2002; acsm_resistance_2026,yes,enriched_from_review_queue,Landmine Lateral Lunge,,"Controlled resistance repetitions; use the APEX tempo for this movement family and stop before technique changes. Evidence: acsm_resistance_2002, acsm_resistance_2026."
464,landmine_single_arm_row,Landmine Single-Arm Row,Landmine Single-Arm Row,Landmine Single-Arm Row,movement,weights,strength; weights,strength,,,Landmine · Plates,lats; upperBack; biceps; rearDelts,horizontal_pull,resistance_dynamic,tempo_reps,4,9,reps,60,true,true,2.5,true,false,false,,2,false,true,standard_compound,internally_reviewed,acsm_resistance_2002; acsm_resistance_2026,yes,enriched_from_review_queue,Landmine Single-Arm Row,,"Controlled resistance repetitions; use the APEX tempo for this movement family and stop before technique changes. Evidence: acsm_resistance_2002, acsm_resistance_2026."
465,landmine_meadows_row,Landmine Meadows Row,Landmine Meadows Row,Landmine Meadows Row,movement,weights,strength; weights,strength,,,Landmine · Plates,lats; upperBack; biceps; rearDelts,horizontal_pull,resistance_dynamic,tempo_reps,4,9,reps,60,true,true,2.5,true,false,false,,2,false,true,standard_compound,internally_reviewed,acsm_resistance_2002; acsm_resistance_2026,yes,enriched_from_review_queue,Landmine Meadows Row,,"Controlled resistance repetitions; use the APEX tempo for this movement family and stop before technique changes. Evidence: acsm_resistance_2002, acsm_resistance_2026."
466,landmine_single_arm_press_half_kneeling,Landmine Single-Arm Press (Half-Kneeling),Landmine Single-Arm Press (Half-Kneeling),Landmine Single-Arm Press (Half-Kneeling),movement,weights,strength; weights,strength,,,Landmine · Plates,frontDelts; triceps; sideDelts; chest,vertical_push,resistance_dynamic,tempo_reps,4,9,reps,60,true,true,2.5,true,false,false,shoulder_overhead; shoulder_press,2,false,true,standard_compound,internally_reviewed,acsm_resistance_2002; acsm_resistance_2026,yes,enriched_from_review_queue,Landmine Single-Arm Press (Half-Kneeling),,"Controlled resistance repetitions; use the APEX tempo for this movement family and stop before technique changes. Evidence: acsm_resistance_2002, acsm_resistance_2026."
467,dumbbell_sumo_squat,Dumbbell Sumo Squat,Dumbbell Sumo Squat,Dumbbell Sumo Squat,movement,weights,strength; weights,strength,,,Dumbbells,quads; glutes; hamstrings; adductors,squat,resistance_dynamic,tempo_reps,4,9,reps,90,false,true,2,true,false,false,knee_deep_flexion,2,false,true,standard_compound,internally_reviewed,acsm_resistance_2002; acsm_resistance_2026,yes,enriched_from_review_queue,Dumbbell Sumo Squat,,"Controlled resistance repetitions; use the APEX tempo for this movement family and stop before technique changes. Evidence: acsm_resistance_2002, acsm_resistance_2026."
468,dumbbell_step_up_with_knee_drive,Dumbbell Step-up with Knee Drive,Dumbbell Step-up with Knee Drive,Dumbbell Step-up with Knee Drive,movement,weights,strength; weights,strength,,,Dumbbells,quads; glutes; hamstrings,lunge,resistance_dynamic,tempo_reps,4,9,reps,90,true,true,2,true,false,false,knee_deep_flexion,2,false,true,standard_compound,internally_reviewed,acsm_resistance_2002; acsm_resistance_2026,yes,enriched_from_review_queue,Dumbbell Step-up with Knee Drive,,"Controlled resistance repetitions; use the APEX tempo for this movement family and stop before technique changes. Evidence: acsm_resistance_2002, acsm_resistance_2026."
469,dumbbell_curtsy_lunge,Dumbbell Curtsy Lunge,Dumbbell Curtsy Lunge,Dumbbell Curtsy Lunge,movement,weights,strength; weights,strength,,,Dumbbells,quads; glutes; hamstrings,lunge,resistance_dynamic,tempo_reps,4,9,reps,90,true,true,2,true,false,false,knee_deep_flexion,2,false,true,standard_compound,internally_reviewed,acsm_resistance_2002; acsm_resistance_2026,yes,enriched_from_review_queue,Dumbbell Curtsy Lunge,,"Controlled resistance repetitions; use the APEX tempo for this movement family and stop before technique changes. Evidence: acsm_resistance_2002, acsm_resistance_2026."
470,dumbbell_rdl_to_row,Dumbbell RDL to Row,Dumbbell RDL to Row,Dumbbell RDL to Row,movement,weights,strength; weights,strength,,,Dumbbells,hamstrings; glutes; lowerBack; abs; obliques,hip_hinge,resistance_dynamic,tempo_reps,4,9,reps,90,false,true,2,true,false,false,lumbar_flexion,2,false,true,hamstring_eccentric,internally_reviewed,acsm_resistance_2002; acsm_resistance_2026,yes,enriched_from_review_queue,Dumbbell RDL to Row,,"Controlled resistance repetitions; use the APEX tempo for this movement family and stop before technique changes. Evidence: acsm_resistance_2002, acsm_resistance_2026."
471,dumbbell_renegade_row_with_push_up,Dumbbell Renegade Row with Push-up,Dumbbell Renegade Row with Push-up,Dumbbell Renegade Row with Push-up,movement,weights,crossfit; strength; hiit; weights,strength; crossfit,,,Dumbbells,lats; chest; biceps; triceps,conditioning,resistance_dynamic,tempo_reps,4,9,reps,60,false,true,2,true,false,false,shoulder_press; wrist,2,false,true,standard_compound,internally_reviewed,acsm_resistance_2002; acsm_resistance_2026,yes,enriched_from_review_queue,Dumbbell Renegade Row with Push-up,,"Controlled resistance repetitions; use the APEX tempo for this movement family and stop before technique changes. Evidence: acsm_resistance_2002, acsm_resistance_2026."
472,dumbbell_pullover_to_press,Dumbbell Pullover to Press,Dumbbell Pullover to Press,Dumbbell Pullover to Press,movement,weights,strength; weights,strength,,,Dumbbells,lats; chest; triceps,conditioning,resistance_dynamic,tempo_reps,3,9,reps,60,false,true,2,true,false,false,,2,false,true,standard_compound,internally_reviewed,acsm_resistance_2002; acsm_resistance_2026,yes,enriched_from_review_queue,Dumbbell Pullover to Press,,"Controlled resistance repetitions; use the APEX tempo for this movement family and stop before technique changes. Evidence: acsm_resistance_2002, acsm_resistance_2026."
473,alternating_dumbbell_bench_press,Alternating Dumbbell Bench Press,Alternating Dumbbell Bench Press,Alternating Dumbbell Bench Press,movement,weights,strength; weights,strength,,,Dumbbells,chest; triceps; frontDelts,horizontal_push,resistance_dynamic,tempo_reps,4,9,reps,60,true,true,2,true,false,false,shoulder_press; wrist,2,false,true,standard_compound,internally_reviewed,acsm_resistance_2002; acsm_resistance_2026,yes,enriched_from_review_queue,Alternating Dumbbell Bench Press,,"Controlled resistance repetitions; use the APEX tempo for this movement family and stop before technique changes. Evidence: acsm_resistance_2002, acsm_resistance_2026."
474,dumbbell_cross_body_hammer_curl,Dumbbell Cross-Body Hammer Curl,Dumbbell Cross-Body Hammer Curl,Dumbbell Cross-Body Hammer Curl,movement,weights,strength; weights,strength,,,Dumbbells,biceps; forearms,isolation_upper,resistance_dynamic,tempo_reps,3,12,reps,60,true,true,2,true,false,false,,2,false,true,single_joint,internally_reviewed,acsm_resistance_2002; acsm_resistance_2026,yes,enriched_from_review_queue,Dumbbell Cross-Body Hammer Curl,,"Controlled resistance repetitions; use the APEX tempo for this movement family and stop before technique changes. Evidence: acsm_resistance_2002, acsm_resistance_2026."
475,dumbbell_zottman_curl,Dumbbell Zottman Curl,Dumbbell Zottman Curl,Dumbbell Zottman Curl,movement,weights,strength; weights,strength,,,Dumbbells,biceps; forearms,isolation_upper,resistance_dynamic,tempo_reps,3,12,reps,60,false,true,2,true,false,false,,2,false,true,single_joint,internally_reviewed,acsm_resistance_2002; acsm_resistance_2026,yes,enriched_from_review_queue,Dumbbell Zottman Curl,,"Controlled resistance repetitions; use the APEX tempo for this movement family and stop before technique changes. Evidence: acsm_resistance_2002, acsm_resistance_2026."
476,dumbbell_concentration_curl,Dumbbell Concentration Curl,Dumbbell Concentration Curl,Dumbbell Concentration Curl,movement,weights,strength; weights,strength,,,Dumbbells,biceps; forearms,isolation_upper,resistance_dynamic,tempo_reps,3,12,reps,60,true,true,2,true,false,false,,2,false,true,single_joint,internally_reviewed,acsm_resistance_2002; acsm_resistance_2026,yes,enriched_from_review_queue,Dumbbell Concentration Curl,,"Controlled resistance repetitions; use the APEX tempo for this movement family and stop before technique changes. Evidence: acsm_resistance_2002, acsm_resistance_2026."
477,dumbbell_reverse_fly_incline,Dumbbell Reverse Fly (Incline),Dumbbell Reverse Fly (Incline),Dumbbell Reverse Fly (Incline),movement,weights,strength; weights,strength,,,Dumbbells,rearDelts,isolation_upper,resistance_dynamic,tempo_reps,3,12,reps,60,false,true,2,true,false,false,,2,false,true,single_joint,internally_reviewed,acsm_resistance_2002; acsm_resistance_2026,yes,enriched_from_review_queue,Dumbbell Reverse Fly (Incline),,"Controlled resistance repetitions; use the APEX tempo for this movement family and stop before technique changes. Evidence: acsm_resistance_2002, acsm_resistance_2026."
478,dumbbell_y_raise,Dumbbell Y-Raise,Dumbbell Y-Raise,Dumbbell Y-Raise,movement,weights,strength; weights,strength,,,Dumbbells,sideDelts,isolation_upper,resistance_dynamic,tempo_reps,3,12,reps,60,false,true,2,true,false,false,,2,false,true,single_joint,internally_reviewed,acsm_resistance_2002; acsm_resistance_2026,yes,enriched_from_review_queue,Dumbbell Y-Raise,,"Controlled resistance repetitions; use the APEX tempo for this movement family and stop before technique changes. Evidence: acsm_resistance_2002, acsm_resistance_2026."
479,dumbbell_cuban_press,Dumbbell Cuban Press,Dumbbell Cuban Press,Dumbbell Cuban Press,movement,weights,strength; weights,strength,,,Dumbbells,rearDelts; sideDelts,isolation_upper,resistance_dynamic,tempo_reps,3,12,reps,60,false,true,2,true,false,false,,4,false,true,rotator_cuff,internally_reviewed,acsm_resistance_2002; acsm_resistance_2026,yes,enriched_from_review_queue,Dumbbell Cuban Press,,"Controlled resistance repetitions; use the APEX tempo for this movement family and stop before technique changes. Evidence: acsm_resistance_2002, acsm_resistance_2026."
480,dumbbell_tate_press,Dumbbell Tate Press,Dumbbell Tate Press,Dumbbell Tate Press,movement,weights,strength; weights,strength,,,Dumbbells,triceps; frontDelts,isolation_upper,resistance_dynamic,tempo_reps,3,12,reps,60,false,true,2,true,false,false,,2,false,true,single_joint,internally_reviewed,acsm_resistance_2002; acsm_resistance_2026,yes,enriched_from_review_queue,Dumbbell Tate Press,,"Controlled resistance repetitions; use the APEX tempo for this movement family and stop before technique changes. Evidence: acsm_resistance_2002, acsm_resistance_2026."
481,dumbbell_floor_fly,Dumbbell Floor Fly,Dumbbell Floor Fly,Dumbbell Floor Fly,movement,weights,strength; weights,strength,,,Dumbbells,chest; frontDelts,isolation_upper,resistance_dynamic,tempo_reps,3,12,reps,60,false,true,2,true,false,false,,2,false,true,single_joint,internally_reviewed,acsm_resistance_2002; acsm_resistance_2026,yes,enriched_from_review_queue,Dumbbell Floor Fly,,"Controlled resistance repetitions; use the APEX tempo for this movement family and stop before technique changes. Evidence: acsm_resistance_2002, acsm_resistance_2026."
482,dumbbell_squeeze_press,Dumbbell Squeeze Press,Dumbbell Squeeze Press,Dumbbell Squeeze Press,movement,weights,strength; weights,strength,,,Dumbbells,chest; triceps; frontDelts,horizontal_push,resistance_dynamic,tempo_reps,4,9,reps,60,false,true,2,true,false,false,shoulder_press; wrist,2,false,true,standard_compound,internally_reviewed,acsm_resistance_2002; acsm_resistance_2026,yes,enriched_from_review_queue,Dumbbell Squeeze Press,,"Controlled resistance repetitions; use the APEX tempo for this movement family and stop before technique changes. Evidence: acsm_resistance_2002, acsm_resistance_2026."
483,farmers_walk_with_trap_bar,Farmer's Walk with Trap Bar,Farmer's Walk with Trap Bar,Farmer's Walk with Trap Bar,movement,weights,strongman; strength; weights,strength; strongman,,,Trap Bar · Plates,forearms; abs; obliques; neckTraps; glutes,carry,resistance_isometric,carry,4,30,metres,90,false,true,2.5,true,false,false,,2,false,false,loaded_carry,internally_reviewed,acsm_resistance_2002; acsm_resistance_2026; nsca_loaded_carries; world_strongman_rules; nsca_higher_risk_resistance,yes,enriched_from_review_queue,Farmer's Walk with Trap Bar,,"Walk upright without trunk lean; prescribe the measured distance or duration, never a stored pace. Evidence: acsm_resistance_2002, acsm_resistance_2026, nsca_loaded_carries, world_strongman_rules, nsca_higher_risk_resistance."
484,suitcase_carry_single_dumbbell,Suitcase Carry (Single Dumbbell),Suitcase Carry (Single Dumbbell),Suitcase Carry (Single Dumbbell),movement,weights,strongman; strength; weights,strength; strongman,,,Dumbbells,forearms; abs; obliques; neckTraps; glutes,carry,resistance_isometric,carry,4,30,metres,90,true,true,2,true,false,false,,2,false,false,loaded_carry,internally_reviewed,acsm_resistance_2002; acsm_resistance_2026; nsca_loaded_carries; world_strongman_rules; nsca_higher_risk_resistance,yes,enriched_from_review_queue,Suitcase Carry (Single Dumbbell),,"Walk upright without trunk lean; prescribe the measured distance or duration, never a stored pace. Evidence: acsm_resistance_2002, acsm_resistance_2026, nsca_loaded_carries, world_strongman_rules, nsca_higher_risk_resistance."
485,front_rack_carry_barbell,Front Rack Carry (Barbell),Front Rack Carry (Barbell),Front Rack Carry (Barbell),movement,weights,strongman; strength; weights,strength; strongman,,,Barbell · Plates,forearms; abs; obliques; neckTraps; glutes,carry,resistance_isometric,carry,4,30,metres,90,false,true,2.5,true,false,false,,2,false,false,loaded_carry,internally_reviewed,acsm_resistance_2002; acsm_resistance_2026; nsca_loaded_carries; world_strongman_rules; nsca_higher_risk_resistance,yes,enriched_from_review_queue,Front Rack Carry (Barbell),,"Walk upright without trunk lean; prescribe the measured distance or duration, never a stored pace. Evidence: acsm_resistance_2002, acsm_resistance_2026, nsca_loaded_carries, world_strongman_rules, nsca_higher_risk_resistance."
486,sandbag_bear_hug_carry,Sandbag Bear-Hug Carry,Sandbag Bear-Hug Carry,Sandbag Bear-Hug Carry,movement,weights,strongman; strength; weights,strength; strongman,,,Sandbag,forearms; abs; obliques; neckTraps; glutes,carry,resistance_isometric,carry,4,30,metres,90,false,true,5,true,false,false,,2,false,false,loaded_carry,internally_reviewed,acsm_resistance_2002; acsm_resistance_2026; nsca_loaded_carries; world_strongman_rules; nsca_higher_risk_resistance,yes,enriched_from_review_queue,Sandbag Bear-Hug Carry,,"Walk upright without trunk lean; prescribe the measured distance or duration, never a stored pace. Evidence: acsm_resistance_2002, acsm_resistance_2026, nsca_loaded_carries, world_strongman_rules, nsca_higher_risk_resistance."
487,sandbag_shouldering,Sandbag Shouldering,Sandbag Shouldering,Sandbag Shouldering,movement,weights,strongman; strength; weights,strength; strongman,,,Sandbag,glutes; hamstrings; upperBack; biceps; forearms,hip_hinge,resistance_dynamic,tempo_reps,4,9,reps,90,false,true,5,true,false,false,lumbar_flexion,4,false,true,hamstring_eccentric,internally_reviewed,acsm_resistance_2002; acsm_resistance_2026; world_strongman_rules; nsca_higher_risk_resistance,yes,enriched_from_review_queue,Sandbag Shouldering,,"Controlled resistance repetitions; use the APEX tempo for this movement family and stop before technique changes. Evidence: acsm_resistance_2002, acsm_resistance_2026, world_strongman_rules, nsca_higher_risk_resistance."
488,sandbag_over_the_shoulder_throw,Sandbag Over-the-Shoulder Throw,Sandbag Over-the-Shoulder Throw,Sandbag Over-the-Shoulder Throw,movement,weights,strongman; hiit; weights,conditioning; strongman,,,Sandbag,hamstrings; glutes; lowerBack; abs; obliques,hip_hinge,plyometric,contacts,4,4,reps,60,false,true,5,false,false,false,ankle_impact; knee_impact; lumbar_flexion,5,true,false,hamstring_eccentric,internally_reviewed,nsca_plyometric; world_strongman_rules; nsca_higher_risk_resistance,yes,enriched_from_review_queue,Sandbag Over-the-Shoulder Throw,,"Count crisp contacts only; use full recovery and stop when landing position or rebound quality changes. Requires qualified coaching in APEX. Evidence: nsca_plyometric, world_strongman_rules, nsca_higher_risk_resistance."
489,atlas_stone_to_platform,Atlas Stone to Platform,Atlas Stone to Platform,Atlas Stone to Platform,movement,weights,strongman; strength; weights,strength; strongman,,,Atlas Stone,glutes; hamstrings; upperBack; biceps; forearms,hip_hinge,resistance_dynamic,tempo_reps,4,9,reps,150,false,true,10,false,false,false,lumbar_flexion,5,true,true,hamstring_eccentric,internally_reviewed,acsm_resistance_2002; acsm_resistance_2026; world_strongman_rules; nsca_higher_risk_resistance,yes,enriched_from_review_queue,Atlas Stone to Platform,,"Controlled resistance repetitions; use the APEX tempo for this movement family and stop before technique changes. Requires qualified coaching in APEX. Evidence: acsm_resistance_2002, acsm_resistance_2026, world_strongman_rules, nsca_higher_risk_resistance."
490,smith_machine_back_squat,Smith Machine Back Squat,Smith Machine Back Squat,Smith Machine Back Squat,movement,machine,strength; machine,strength,,,Smith Machine,quads; glutes; hamstrings; adductors,squat,resistance_dynamic,tempo_reps,4,9,reps,90,false,true,2.5,true,false,true,knee_deep_flexion,2,false,true,standard_compound,internally_reviewed,acsm_resistance_2002; acsm_resistance_2026,yes,enriched_from_review_queue,Smith Machine Back Squat,,"Controlled resistance repetitions; use the APEX tempo for this movement family and stop before technique changes. Evidence: acsm_resistance_2002, acsm_resistance_2026."
491,smith_machine_bench_press,Smith Machine Bench Press,Smith Machine Bench Press,Smith Machine Bench Press,movement,machine,strength; machine,strength,,,Smith Machine,chest; triceps; frontDelts,horizontal_push,resistance_dynamic,tempo_reps,4,9,reps,60,false,true,2.5,true,false,true,shoulder_press; wrist,2,false,true,standard_compound,internally_reviewed,acsm_resistance_2002; acsm_resistance_2026,yes,enriched_from_review_queue,Smith Machine Bench Press,,"Controlled resistance repetitions; use the APEX tempo for this movement family and stop before technique changes. Evidence: acsm_resistance_2002, acsm_resistance_2026."
492,smith_machine_incline_bench_press,Smith Machine Incline Bench Press,Smith Machine Incline Bench Press,Smith Machine Incline Bench Press,movement,machine,strength; machine,strength,,,Smith Machine,chest; triceps; frontDelts,horizontal_push,resistance_dynamic,tempo_reps,4,9,reps,60,false,true,2.5,true,false,true,shoulder_press; wrist,2,false,true,standard_compound,internally_reviewed,acsm_resistance_2002; acsm_resistance_2026,yes,enriched_from_review_queue,Smith Machine Incline Bench Press,,"Controlled resistance repetitions; use the APEX tempo for this movement family and stop before technique changes. Evidence: acsm_resistance_2002, acsm_resistance_2026."
493,smith_machine_shoulder_press,Smith Machine Shoulder Press,Smith Machine Shoulder Press,Smith Machine Shoulder Press,movement,machine,strength; machine,strength,,,Smith Machine,frontDelts; triceps; sideDelts; chest,vertical_push,resistance_dynamic,tempo_reps,4,9,reps,60,false,true,2.5,true,false,true,shoulder_overhead; shoulder_press,2,false,true,standard_compound,internally_reviewed,acsm_resistance_2002; acsm_resistance_2026,yes,enriched_from_review_queue,Smith Machine Shoulder Press,,"Controlled resistance repetitions; use the APEX tempo for this movement family and stop before technique changes. Evidence: acsm_resistance_2002, acsm_resistance_2026."
494,hack_squat_reverse,Hack Squat - Reverse,Hack Squat - Reverse,Hack Squat - Reverse,movement,machine,strength; machine,strength,,,Hack Squat Machine,quads; glutes; hamstrings; adductors,squat,resistance_dynamic,tempo_reps,4,9,reps,90,false,true,2.5,true,false,false,knee_deep_flexion,2,false,true,standard_compound,internally_reviewed,acsm_resistance_2002; acsm_resistance_2026,yes,enriched_from_review_queue,Hack Squat - Reverse,,"Controlled resistance repetitions; use the APEX tempo for this movement family and stop before technique changes. Evidence: acsm_resistance_2002, acsm_resistance_2026."
495,pendulum_squat_machine,Pendulum Squat Machine,Pendulum Squat Machine,Pendulum Squat Machine,movement,machine,strength; machine,strength,,,Pendulum Squat Machine,quads; glutes; hamstrings; adductors,squat,resistance_dynamic,tempo_reps,4,9,reps,90,false,true,2.5,true,false,false,knee_deep_flexion,2,false,true,standard_compound,internally_reviewed,acsm_resistance_2002; acsm_resistance_2026,yes,enriched_from_review_queue,Pendulum Squat Machine,,"Controlled resistance repetitions; use the APEX tempo for this movement family and stop before technique changes. Evidence: acsm_resistance_2002, acsm_resistance_2026."
496,vertical_leg_press_machine,Vertical Leg Press Machine,Vertical Leg Press Machine,Vertical Leg Press Machine,movement,machine,strength; machine,strength,,,Leg Press Machine,quads; glutes; hamstrings; adductors,squat,resistance_dynamic,tempo_reps,4,9,reps,90,false,true,2.5,true,false,false,knee_deep_flexion,2,false,true,standard_compound,internally_reviewed,acsm_resistance_2002; acsm_resistance_2026,yes,enriched_from_review_queue,Vertical Leg Press Machine,,"Controlled resistance repetitions; use the APEX tempo for this movement family and stop before technique changes. Evidence: acsm_resistance_2002, acsm_resistance_2026."
497,reverse_hyper_machine,Reverse Hyper Machine,Reverse Hyper Machine,Reverse Hyper Machine,movement,machine,strength; machine,strength,,,Reverse Hyper Machine,hamstrings; glutes; lowerBack; abs; obliques,hip_hinge,resistance_dynamic,tempo_reps,4,9,reps,90,false,true,2.5,true,false,false,lumbar_flexion,2,false,true,glute_lockout,internally_reviewed,acsm_resistance_2002; acsm_resistance_2026,yes,enriched_from_review_queue,Reverse Hyper Machine,,"Controlled resistance repetitions; use the APEX tempo for this movement family and stop before technique changes. Evidence: acsm_resistance_2002, acsm_resistance_2026."
498,cable_cross_over_high_to_low,Cable Cross-Over - High to Low,Cable Cross-Over - High to Low,Cable Cross-Over - High to Low,movement,machine,strength; machine,strength,,,Cable Stack,chest; triceps; frontDelts,horizontal_push,resistance_dynamic,tempo_reps,4,9,reps,60,false,true,2.5,true,false,false,shoulder_press; wrist,2,false,true,standard_compound,internally_reviewed,acsm_resistance_2002; acsm_resistance_2026,yes,enriched_from_review_queue,Cable Cross-Over - High to Low,,"Controlled resistance repetitions; use the APEX tempo for this movement family and stop before technique changes. Evidence: acsm_resistance_2002, acsm_resistance_2026."
499,cable_cross_over_low_to_high,Cable Cross-Over - Low to High,Cable Cross-Over - Low to High,Cable Cross-Over - Low to High,movement,machine,strength; machine,strength,,,Cable Stack,chest; triceps; frontDelts,horizontal_push,resistance_dynamic,tempo_reps,4,9,reps,60,false,true,2.5,true,false,false,shoulder_press; wrist,2,false,true,standard_compound,internally_reviewed,acsm_resistance_2002; acsm_resistance_2026,yes,enriched_from_review_queue,Cable Cross-Over - Low to High,,"Controlled resistance repetitions; use the APEX tempo for this movement family and stop before technique changes. Evidence: acsm_resistance_2002, acsm_resistance_2026."
500,single_arm_cable_chest_press,Single-Arm Cable Chest Press,Single-Arm Cable Chest Press,Single-Arm Cable Chest Press,movement,machine,strength; machine,strength,,,Cable Stack,chest; triceps; frontDelts,horizontal_push,resistance_dynamic,tempo_reps,4,9,reps,60,true,true,2.5,true,false,false,shoulder_press; wrist,2,false,true,standard_compound,internally_reviewed,acsm_resistance_2002; acsm_resistance_2026,yes,enriched_from_review_queue,Single-Arm Cable Chest Press,,"Controlled resistance repetitions; use the APEX tempo for this movement family and stop before technique changes. Evidence: acsm_resistance_2002, acsm_resistance_2026."
501,standing_cable_fly,Standing Cable Fly,Standing Cable Fly,Standing Cable Fly,movement,machine,strength; machine,strength,,,Cable Stack,chest; triceps; frontDelts,horizontal_push,resistance_dynamic,tempo_reps,3,9,reps,60,false,true,2.5,true,false,false,shoulder_press; wrist,2,false,true,standard_compound,internally_reviewed,acsm_resistance_2002; acsm_resistance_2026,yes,enriched_from_review_queue,Standing Cable Fly,,"Controlled resistance repetitions; use the APEX tempo for this movement family and stop before technique changes. Evidence: acsm_resistance_2002, acsm_resistance_2026."
502,single_arm_cable_lateral_raise,Single-Arm Cable Lateral Raise,Single-Arm Cable Lateral Raise,Single-Arm Cable Lateral Raise,movement,machine,strength; machine,strength,,,Cable Stack,sideDelts,isolation_upper,resistance_dynamic,tempo_reps,3,12,reps,60,true,true,2.5,true,false,false,,2,false,true,lateral_delt,internally_reviewed,acsm_resistance_2002; acsm_resistance_2026,yes,enriched_from_review_queue,Single-Arm Cable Lateral Raise,,"Controlled resistance repetitions; use the APEX tempo for this movement family and stop before technique changes. Evidence: acsm_resistance_2002, acsm_resistance_2026."
503,cable_rear_delt_fly_standing,Cable Rear-Delt Fly (Standing),Cable Rear-Delt Fly (Standing),Cable Rear-Delt Fly (Standing),movement,machine,strength; machine,strength,,,Cable Stack,rearDelts,isolation_upper,resistance_dynamic,tempo_reps,3,12,reps,60,false,true,2.5,true,false,false,,2,false,true,single_joint,internally_reviewed,acsm_resistance_2002; acsm_resistance_2026,yes,enriched_from_review_queue,Cable Rear-Delt Fly (Standing),,"Controlled resistance repetitions; use the APEX tempo for this movement family and stop before technique changes. Evidence: acsm_resistance_2002, acsm_resistance_2026."
504,cable_rope_overhead_triceps_extension,Cable Rope Overhead Triceps Extension,Cable Rope Overhead Triceps Extension,Cable Rope Overhead Triceps Extension,movement,machine,strength; machine,strength,,,Cable Stack,triceps; frontDelts,isolation_upper,resistance_dynamic,tempo_reps,3,12,reps,60,false,true,2.5,true,false,false,shoulder_overhead; shoulder_press,2,false,true,single_joint,internally_reviewed,acsm_resistance_2002; acsm_resistance_2026,yes,enriched_from_review_queue,Cable Rope Overhead Triceps Extension,,"Controlled resistance repetitions; use the APEX tempo for this movement family and stop before technique changes. Evidence: acsm_resistance_2002, acsm_resistance_2026."
505,cable_overhead_curl,Cable Overhead Curl,Cable Overhead Curl,Cable Overhead Curl,movement,machine,strength; machine,strength,,,Cable Stack,biceps; forearms,isolation_upper,resistance_dynamic,tempo_reps,3,12,reps,60,false,true,2.5,true,false,false,shoulder_overhead; shoulder_press,2,false,true,single_joint,internally_reviewed,acsm_resistance_2002; acsm_resistance_2026,yes,enriched_from_review_queue,Cable Overhead Curl,,"Controlled resistance repetitions; use the APEX tempo for this movement family and stop before technique changes. Evidence: acsm_resistance_2002, acsm_resistance_2026."
506,cable_rope_hammer_curl,Cable Rope Hammer Curl,Cable Rope Hammer Curl,Cable Rope Hammer Curl,movement,machine,strength; machine,strength,,,Cable Stack,biceps; forearms,isolation_upper,resistance_dynamic,tempo_reps,3,12,reps,60,false,true,2.5,true,false,false,,2,false,true,single_joint,internally_reviewed,acsm_resistance_2002; acsm_resistance_2026,yes,enriched_from_review_queue,Cable Rope Hammer Curl,,"Controlled resistance repetitions; use the APEX tempo for this movement family and stop before technique changes. Evidence: acsm_resistance_2002, acsm_resistance_2026."
507,cable_hip_flexion,Cable Hip Flexion,Cable Hip Flexion,Cable Hip Flexion,movement,machine,strength; machine,strength,,,Cable Stack,abs; obliques,isolation_lower,resistance_dynamic,tempo_reps,3,12,reps,60,false,true,2.5,true,false,false,,2,false,true,single_joint,internally_reviewed,acsm_resistance_2002; acsm_resistance_2026,yes,enriched_from_review_queue,Cable Hip Flexion,,"Controlled resistance repetitions; use the APEX tempo for this movement family and stop before technique changes. Evidence: acsm_resistance_2002, acsm_resistance_2026."
508,cable_kickback_glutes,Cable Kickback (Glutes),Cable Kickback (Glutes),Cable Kickback (Glutes),movement,machine,strength; machine,strength,,,Cable Stack,glutes,isolation_lower,resistance_dynamic,tempo_reps,3,12,reps,60,true,true,2.5,true,false,false,,2,false,true,glute_lockout,internally_reviewed,acsm_resistance_2002; acsm_resistance_2026,yes,enriched_from_review_queue,Cable Kickback (Glutes),,"Controlled resistance repetitions; use the APEX tempo for this movement family and stop before technique changes. Evidence: acsm_resistance_2002, acsm_resistance_2026."
509,cable_deadlift,Cable Deadlift,Cable Deadlift,Cable Deadlift,movement,machine,strength; machine,strength,,,Cable Stack,hamstrings; glutes; lowerBack; abs; obliques,hip_hinge,resistance_dynamic,tempo_reps,4,9,reps,90,false,true,2.5,true,false,false,lumbar_flexion,2,false,true,hamstring_eccentric,internally_reviewed,acsm_resistance_2002; acsm_resistance_2026,yes,enriched_from_review_queue,Cable Deadlift,,"Controlled resistance repetitions; use the APEX tempo for this movement family and stop before technique changes. Evidence: acsm_resistance_2002, acsm_resistance_2026."
510,cable_squat_row,Cable Squat Row,Cable Squat Row,Cable Squat Row,movement,machine,strength; machine,strength,,,Cable Stack,chest; upperBack; abs; glutes; quads; obliques,conditioning,resistance_dynamic,tempo_reps,4,9,reps,60,false,true,2.5,true,false,false,,2,false,true,standard_compound,internally_reviewed,acsm_resistance_2002; acsm_resistance_2026,yes,enriched_from_review_queue,Cable Squat Row,,"Controlled resistance repetitions; use the APEX tempo for this movement family and stop before technique changes. Evidence: acsm_resistance_2002, acsm_resistance_2026."
511,lat_pulldown_single_arm,Lat Pulldown - Single-Arm,Lat Pulldown - Single-Arm,Lat Pulldown - Single-Arm,movement,machine,strength; machine,strength,,,Cable Stack,lats; biceps; upperBack; forearms,vertical_pull,resistance_dynamic,tempo_reps,4,9,reps,60,true,true,2.5,true,false,false,elbow; shoulder_overhead,2,false,true,standard_compound,internally_reviewed,acsm_resistance_2002; acsm_resistance_2026,yes,enriched_from_review_queue,Lat Pulldown - Single-Arm,,"Controlled resistance repetitions; use the APEX tempo for this movement family and stop before technique changes. Evidence: acsm_resistance_2002, acsm_resistance_2026."
512,machine_chest_fly,Machine Chest Fly,Machine Chest Fly,Machine Chest Fly,movement,machine,strength; machine,strength,,,Pec Deck Machine,chest; triceps; frontDelts,horizontal_push,resistance_dynamic,tempo_reps,3,9,reps,60,false,true,2.5,true,false,false,shoulder_press; wrist,2,false,true,standard_compound,internally_reviewed,acsm_resistance_2002; acsm_resistance_2026,yes,enriched_from_review_queue,Machine Chest Fly,,"Controlled resistance repetitions; use the APEX tempo for this movement family and stop before technique changes. Evidence: acsm_resistance_2002, acsm_resistance_2026."
513,machine_reverse_fly,Machine Reverse Fly,Machine Reverse Fly,Machine Reverse Fly,movement,machine,strength; machine,strength,,,Pec Deck Machine,rearDelts,isolation_upper,resistance_dynamic,tempo_reps,3,12,reps,60,false,true,2.5,true,false,false,,2,false,true,single_joint,internally_reviewed,acsm_resistance_2002; acsm_resistance_2026,yes,enriched_from_review_queue,Machine Reverse Fly,,"Controlled resistance repetitions; use the APEX tempo for this movement family and stop before technique changes. Evidence: acsm_resistance_2002, acsm_resistance_2026."
514,hammer_strength_row_machine,Hammer-Strength Row Machine,Hammer-Strength Row Machine,Hammer-Strength Row Machine,movement,machine,strength; machine,strength,,,Row Machine,lats; upperBack; biceps; rearDelts,horizontal_pull,resistance_dynamic,tempo_reps,4,9,reps,60,false,true,2.5,true,false,false,,2,false,true,standard_compound,internally_reviewed,acsm_resistance_2002; acsm_resistance_2026,yes,enriched_from_review_queue,Hammer-Strength Row Machine,,"Controlled resistance repetitions; use the APEX tempo for this movement family and stop before technique changes. Evidence: acsm_resistance_2002, acsm_resistance_2026."
515,hammer_strength_incline_press,Hammer-Strength Incline Press,Hammer-Strength Incline Press,Hammer-Strength Incline Press,movement,machine,strength; machine,strength,,,Chest Press Machine,chest; triceps; frontDelts,horizontal_push,resistance_dynamic,tempo_reps,4,9,reps,60,false,true,2.5,true,false,false,shoulder_press; wrist,2,false,true,standard_compound,internally_reviewed,acsm_resistance_2002; acsm_resistance_2026,yes,enriched_from_review_queue,Hammer-Strength Incline Press,,"Controlled resistance repetitions; use the APEX tempo for this movement family and stop before technique changes. Evidence: acsm_resistance_2002, acsm_resistance_2026."
516,seated_machine_shoulder_press_neutral,Seated Machine Shoulder Press (Neutral),Seated Machine Shoulder Press (Neutral),Seated Machine Shoulder Press (Neutral),movement,machine,strength; machine,strength,,,Shoulder Press Machine,frontDelts; triceps; sideDelts; chest,vertical_push,resistance_dynamic,tempo_reps,4,9,reps,60,false,true,2.5,true,false,false,shoulder_overhead; shoulder_press,2,false,true,standard_compound,internally_reviewed,acsm_resistance_2002; acsm_resistance_2026,yes,enriched_from_review_queue,Seated Machine Shoulder Press (Neutral),,"Controlled resistance repetitions; use the APEX tempo for this movement family and stop before technique changes. Evidence: acsm_resistance_2002, acsm_resistance_2026."
517,standing_hip_cars,Standing Hip CARs,Standing Hip CARs,Standing Hip CARs,movement,mobility,mobility,mobility,,,Mat,adductors; glutes,mobility,mobility_drill,quality,2,4,reps,15,false,false,0,true,false,false,hip_end_range,1,false,false,standard_compound,internally_reviewed,aha_flexibility; hip_cars_rct_2026,yes,enriched_from_review_queue,Standing Hip CARs,,"Move slowly through the available pain-free joint range; quality and control, not load or speed, end the set. Evidence: aha_flexibility, hip_cars_rct_2026."
518,shoulder_cars,Shoulder CARs,Shoulder CARs,Shoulder CARs,movement,mobility,mobility,mobility,,,Mat,lats,mobility,mobility_drill,quality,2,4,reps,15,false,false,0,true,false,false,shoulder_overhead,1,false,false,standard_compound,internally_reviewed,aha_flexibility; hip_cars_rct_2026,yes,enriched_from_review_queue,Shoulder CARs,,"Move slowly through the available pain-free joint range; quality and control, not load or speed, end the set. Evidence: aha_flexibility, hip_cars_rct_2026."
519,ankle_cars,Ankle CARs,Ankle CARs,Ankle CARs,movement,mobility,mobility,mobility,,,Mat,calves,mobility,mobility_drill,quality,2,4,reps,15,false,false,0,true,false,false,ankle_loaded,1,false,false,standard_compound,internally_reviewed,aha_flexibility; hip_cars_rct_2026,yes,enriched_from_review_queue,Ankle CARs,,"Move slowly through the available pain-free joint range; quality and control, not load or speed, end the set. Evidence: aha_flexibility, hip_cars_rct_2026."
520,90_90_shin_box_switch,90/90 Shin Box Switch,90/90 Shin Box Switch,90/90 Shin Box Switch,movement,mobility,mobility,mobility,,,Mat,adductors; glutes,mobility,mobility_drill,quality,2,20,seconds,15,false,false,0,true,false,false,hip_end_range,1,false,false,standard_compound,internally_reviewed,aha_flexibility,yes,enriched_from_review_queue,90/90 Shin Box Switch,,"Move slowly into a comfortable, pain-free range; hold 10–30 seconds and never bounce. Evidence: aha_flexibility."
521,frog_stretch,Frog Stretch,Frog Stretch,Frog Stretch,movement,mobility,mobility,mobility,,,Mat,adductors; glutes,mobility,mobility_drill,quality,2,20,seconds,15,false,false,0,true,false,false,hip_end_range,1,false,false,standard_compound,internally_reviewed,aha_flexibility,yes,enriched_from_review_queue,Frog Stretch,,"Move slowly into a comfortable, pain-free range; hold 10–30 seconds and never bounce. Evidence: aha_flexibility."
522,pigeon_stretch,Pigeon Stretch,Pigeon Stretch,Pigeon Stretch,movement,mobility,mobility,mobility,,,Mat,adductors; glutes,mobility,mobility_drill,quality,2,20,seconds,15,false,false,0,true,false,false,hip_end_range,1,false,false,standard_compound,internally_reviewed,aha_flexibility,yes,enriched_from_review_queue,Pigeon Stretch,,"Move slowly into a comfortable, pain-free range; hold 10–30 seconds and never bounce. Evidence: aha_flexibility."
523,thread_the_needle_stretch,Thread-the-Needle Stretch,Thread-the-Needle Stretch,Thread-the-Needle Stretch,movement,mobility,mobility,mobility,,,Mat,lats,mobility,mobility_drill,quality,2,20,seconds,15,false,false,0,true,false,false,shoulder_overhead,1,false,false,standard_compound,internally_reviewed,aha_flexibility,yes,enriched_from_review_queue,Thread-the-Needle Stretch,,"Move slowly into a comfortable, pain-free range; hold 10–30 seconds and never bounce. Evidence: aha_flexibility."
524,brettzel_stretch,Brettzel Stretch,Brettzel Stretch,Brettzel Stretch,movement,mobility,mobility,mobility,,,Mat,lats,mobility,mobility_drill,quality,2,20,seconds,15,false,false,0,true,false,false,shoulder_overhead,1,false,false,standard_compound,internally_reviewed,aha_flexibility,yes,enriched_from_review_queue,Brettzel Stretch,,"Move slowly into a comfortable, pain-free range; hold 10–30 seconds and never bounce. Evidence: aha_flexibility."
525,jefferson_curl,Jefferson Curl,Jefferson Curl,Jefferson Curl,movement,weights,mobility; weights,mobility,,,Bodyweight,hamstrings; glutes,mobility,mobility_drill,quality,2,7,reps,15,false,true,2.5,false,false,false,lumbar_flexion,5,true,false,standard_compound,internally_reviewed,aha_flexibility; jefferson_curl_rct_2024,yes,enriched_from_review_queue,Jefferson Curl,,"Graded, light loaded-flexion mobility only: 3-second descent, 1-second return; stop on symptoms and never chase heavy load. Requires qualified coaching in APEX. Evidence: aha_flexibility, jefferson_curl_rct_2024."
526,single_leg_balance_reach,Single-Leg Balance Reach,Single-Leg Balance Reach,Single-Leg Balance Reach,movement,mobility,mobility,mobility,,,Mat,glutes,balance,balance_drill,quality,2,20,seconds,30,true,false,0,true,false,false,,1,false,false,standard_compound,internally_reviewed,aha_balance,yes,enriched_from_review_queue,Single-Leg Balance Reach,,"Use hand support as needed, then reduce support; stop before balance loss changes the movement. Evidence: aha_balance."
527,steel_mace_360,Steel Mace 360,Steel Mace 360,Steel Mace 360,movement,weights,street; strength; weights,strength; street_workout,,,Steel Mace,frontDelts; sideDelts; abs; obliques; upperBack; triceps,conditioning,resistance_dynamic,quality_reps,4,10,reps,90,false,true,1,false,false,false,shoulder_overhead; wrist,5,true,false,standard_compound,internally_reviewed,steel_mace_rct_2026; onnit_steel_mace,no,,,,"Use a light mace and controlled setup; count only technically sound repetitions with an explosive swing and no artificial cadence. Requires qualified coaching in APEX. Evidence: steel_mace_rct_2026, onnit_steel_mace."
528,steel_mace_10_to_2,Steel Mace 10-to-2,Steel Mace 10-to-2,Steel Mace 10-to-2,movement,weights,street; strength; weights,strength; street_workout,,,Steel Mace,frontDelts; sideDelts; abs; obliques; upperBack; triceps,conditioning,resistance_dynamic,quality_reps,4,10,reps,90,false,true,1,false,false,false,shoulder_overhead; wrist,5,true,false,standard_compound,internally_reviewed,steel_mace_rct_2026; onnit_steel_mace,no,,,,"Use a light mace and controlled setup; count only technically sound repetitions with an explosive swing and no artificial cadence. Requires qualified coaching in APEX. Evidence: steel_mace_rct_2026, onnit_steel_mace."
529,steel_mace_uppercut,Steel Mace Uppercut,Steel Mace Uppercut,Steel Mace Uppercut,movement,weights,street; strength; weights,strength; street_workout,,,Steel Mace,obliques; frontDelts; glutes; triceps,conditioning,resistance_dynamic,quality_reps,4,8,reps,90,true,true,1,false,false,false,shoulder_press; wrist,5,true,false,standard_compound,internally_reviewed,steel_mace_rct_2026; onnit_steel_mace,no,,,,"Use a light mace and controlled setup; count only technically sound repetitions with an explosive swing and no artificial cadence. Requires qualified coaching in APEX. Evidence: steel_mace_rct_2026, onnit_steel_mace."
530,steel_mace_offset_press,Steel Mace Offset Press,Steel Mace Offset Press,Steel Mace Offset Press,movement,weights,street; strength; weights,strength; street_workout,,,Steel Mace,frontDelts; triceps; obliques; chest,vertical_push,resistance_dynamic,tempo_reps,4,8,reps,90,true,true,1,true,false,false,shoulder_overhead; shoulder_press; wrist,3,false,true,standard_compound,internally_reviewed,steel_mace_rct_2026; onnit_steel_mace,no,,,,"Use a light mace and controlled setup; count only technically sound repetitions. Evidence: steel_mace_rct_2026, onnit_steel_mace."
531,steel_mace_offset_squat,Steel Mace Offset Squat,Steel Mace Offset Squat,Steel Mace Offset Squat,movement,weights,street; strength; weights,strength; street_workout,,,Steel Mace,quads; glutes; obliques; hamstrings,squat,resistance_dynamic,tempo_reps,4,8,reps,90,true,true,1,true,false,false,knee_deep_flexion,3,false,true,standard_compound,internally_reviewed,steel_mace_rct_2026; onnit_steel_mace,no,,,,"Use a light mace and controlled setup; count only technically sound repetitions. Evidence: steel_mace_rct_2026, onnit_steel_mace."
532,steel_mace_rotational_lunge,Steel Mace Rotational Lunge,Steel Mace Rotational Lunge,Steel Mace Rotational Lunge,movement,weights,street; strength; weights,strength; street_workout,,,Steel Mace,quads; glutes; obliques; hamstrings; frontDelts,lunge,resistance_dynamic,tempo_reps,4,8,reps,90,true,true,1,false,false,false,knee_deep_flexion; shoulder_press,5,true,true,standard_compound,internally_reviewed,steel_mace_rct_2026; onnit_steel_mace,no,,,,"Use a light mace and controlled setup; count only technically sound repetitions. Requires qualified coaching in APEX. Evidence: steel_mace_rct_2026, onnit_steel_mace."
533,steel_mace_single_arm_swing,Steel Mace Single-Arm Swing,Steel Mace Single-Arm Swing,Steel Mace Single-Arm Swing,movement,weights,street; strength; weights,strength; street_workout,,,Steel Mace,glutes; hamstrings; obliques; forearms,hip_hinge,resistance_dynamic,quality_reps,4,8,reps,90,true,true,1,false,false,false,lumbar_flexion; wrist,5,true,false,hamstring_eccentric,internally_reviewed,steel_mace_rct_2026; onnit_steel_mace,no,,,,"Use a light mace and controlled setup; count only technically sound repetitions with an explosive swing and no artificial cadence. Requires qualified coaching in APEX. Evidence: steel_mace_rct_2026, onnit_steel_mace."
534,steel_mace_overhead_carry,Steel Mace Overhead Carry,Steel Mace Overhead Carry,Steel Mace Overhead Carry,movement,weights,street; strength; weights,strength; street_workout,,,Steel Mace,abs; obliques; frontDelts; neckTraps; forearms,carry,resistance_isometric,carry,4,30,metres,90,true,true,1,true,false,false,shoulder_overhead; wrist,4,false,false,loaded_carry,internally_reviewed,steel_mace_rct_2026; onnit_steel_mace,no,,,,"Use a light mace and controlled setup; count only technically sound repetitions. Evidence: steel_mace_rct_2026, onnit_steel_mace."
535,cycle_stationary,Stationary Bike,Stationary Bike,Stationary Bike,cardio_modality,cardio,cardio,cardio,,,Stationary Bike,quads; hamstrings; glutes,cardio,cardio_modality,interval,1,25,minutes,0,false,false,0,,,,,,,,,catalogued_cardio_modality,,no,,,"Recovery Spin; Stationary Bike Zone 2; Stationary Bike, Zone 2",The default aerobic option inside a muscle-building block: it interferes with leg hypertrophy less than running does.
536,cycle_outdoor,Outdoor Cycling,Outdoor Cycling,Outdoor Cycling,cardio_modality,cardio,cardio,cardio,,,Bicycle,quads; hamstrings; glutes,cardio,cardio_modality,interval,1,25,minutes,0,false,false,0,,,,,,,,,catalogued_cardio_modality,,no,,,Long Ride,"Traffic makes true interval control unreliable, so the hard prescriptions are held back for indoor or closed roads."
537,treadmill,Treadmill,Mers la bandă,เดินบนลู่วิ่ง,cardio_modality,cardio,cardio,cardio,,,Treadmill,quads; hamstrings; glutes,cardio,cardio_modality,interval,1,25,minutes,0,false,false,0,,,,knee_impact,,,,,catalogued_cardio_modality,,no,,,Treadmill Run; treadmill walking; treadmill running,
538,run_outdoor,Outdoor Running,Outdoor Running,Outdoor Running,cardio_modality,cardio,cardio,cardio,,,Outdoor Space,quads; hamstrings; glutes,cardio,cardio_modality,interval,1,25,minutes,0,false,false,0,,,,knee_impact,,,,,catalogued_cardio_modality,,no,,,Easy Run; Long Run; Tempo Run; Threshold Run; Walk-Run Intervals,
539,walk,Walking,Walking,Walking,cardio_modality,cardio,cardio,cardio,,,Bodyweight,quads; hamstrings; glutes,cardio,cardio_modality,interval,1,25,minutes,0,false,false,0,,,,,,,,,catalogued_cardio_modality,,no,,,Brisk Walk; Easy Nasal Walk; Easy Walk,"Needs no equipment and no shower, which is why it survives contact with a real week better than any other modality."
540,incline_walk,Incline Treadmill Walk,Incline Treadmill Walk,Incline Treadmill Walk,cardio_modality,cardio,cardio,cardio,,,Treadmill,quads; hamstrings; glutes,cardio,cardio_modality,interval,1,25,minutes,0,false,false,0,,,,,,,,,catalogued_cardio_modality,,no,,,Easy Incline Treadmill Walk,
541,row_erg,Rowing Machine,Ergometru de vâslit,เครื่องกรรเชียงบก,cardio_modality,cardio,hyrox; cardio,cardio,5,Row,Rower,quads; hamstrings; glutes; upperBack,cardio,cardio_modality,interval,1,25,minutes,0,false,false,0,,,,low_back_flexion,,,,,catalogued_cardio_modality,,no,,,Row 2k; Rowing Intervals,"Technique-dependent: a poor sequence turns it into a low-back exercise, so it is not the first choice for an unsupervised beginner."
542,ski_erg,Ski Erg,Intervale la SkiErg,สกีเอิร์กอินเทอร์วัล,cardio_modality,cardio,hyrox; cardio,cardio,1,SkiErg,Ski Erg,frontDelts; upperBack; abs,cardio,cardio_modality,interval,1,25,minutes,0,false,false,0,,,,,,,,,catalogued_cardio_modality,,no,,,SkiErg 1 km Challenge; SkiErg 500 m Controlled Challenge; SkiErg 500 m Interval; SkiErg 500 m Smooth Finish,
543,air_bike,Air Bike,Sprint la bicicleta Assault,สปรินต์แอร์ไบค์,cardio_modality,cardio,cardio,cardio,,,Air Bike,quads; hamstrings; glutes; upperBack,cardio,cardio_modality,interval,1,25,minutes,0,false,false,0,,,,,,,,,catalogued_cardio_modality,,no,,,Assault Bike Interval,"Resistance rises with effort, so it self-limits at the top end and suits intervals better than steady work."
544,elliptical,Elliptical,Elliptical,Elliptical,cardio_modality,cardio,cardio,cardio,,,Elliptical,quads; hamstrings; glutes; upperBack,cardio,cardio_modality,interval,1,25,minutes,0,false,false,0,,,,,,,,,catalogued_cardio_modality,,no,,,,
545,stair_climber,Stair Climber,Stair Climber,Stair Climber,cardio_modality,cardio,cardio,cardio,,,Stair Climber,quads; hamstrings; glutes,cardio,cardio_modality,interval,1,25,minutes,0,false,false,0,,,,,,,,,catalogued_cardio_modality,,no,,,,
546,swim,Swimming,Swimming,Swimming,cardio_modality,cardio,cardio,cardio,,,Pool,frontDelts; upperBack; abs,cardio,cardio_modality,interval,1,25,minutes,0,false,false,0,,,,,,,,,catalogued_cardio_modality,,no,,,,"The only modality where poor technique costs more than poor fitness, so distance targets mean little until the stroke holds."
547,jump_rope,Jump Rope,Jump Rope,Jump Rope,cardio_modality,cardio,cardio,cardio,,,Jump Rope,quads; hamstrings; glutes,cardio,cardio_modality,interval,1,25,minutes,0,false,false,0,,,,knee_impact; achilles,,,,,catalogued_cardio_modality,,no,,,,
548,sled_push_drag,Sled Push or Drag,Sled Push or Drag,Sled Push or Drag,cardio_modality,cardio,cardio,cardio,,,Sled,quads; hamstrings; glutes,cardio,cardio_modality,interval,1,25,minutes,0,false,false,0,,,,,,,,,catalogued_cardio_modality,,no,,,,"Almost no eccentric load, so it buys conditioning without the soreness that limits the next lower-body session."
549,shadow_box,Shadow Boxing,Shadow Boxing,Shadow Boxing,cardio_modality,cardio,cardio,cardio,,,Bodyweight,frontDelts; upperBack; abs,cardio,cardio_modality,interval,1,25,minutes,0,false,false,0,,,,,,,,,catalogued_cardio_modality,,no,,,,
